invoice_id,invoice_amount,submission_hour,supplier_invoice_count_30d,supplier_avg_amount_90d,invoice_amount_zscore,duplicate_invoice_flag,split_invoice_flag,late_night_submission_flag,supplier_age_days,supplier_risk_score,blacklisted_flag,avg_invoice_amount,annual_budget,ocr_total_extracted,image_tamper_flag,amount_to_supplier_90d_avg_ratio,amount_to_supplier_avg_ratio,amount_diff_supplier_90d_avg,supplier_age_years,invoice_day_of_week,weekend_invoice_flag,outside_business_hours_flag,invoice_to_department_budget_ratio,log_invoice_amount,image_metadata_available_flag,invoice_ocr_amount_diff,invoice_ocr_relative_diff,payment_terms_NET30,payment_terms_NET60,payment_terms_NET90,invoice_type_GOODS,invoice_type_SERVICES
CRG-2026-000001,6093.11,10,8,6671.21,-0.309,0,0,0,1985,0.816,0,6874.77,4561074.28,6080.26,0,0.9133,0.8863,-578.1,5.435,3,0,0,0.001336,8.715077,1,12.85,0.00211,0,0,1,0,1
CRG-2026-000002,2456.75,17,8,2399.05,0.086,0,0,0,2979,0.306,0,2230.91,866192.38,2473.27,0,1.0241,1.1012,57.7,8.156,0,0,0,0.002836,7.807001,1,16.52,0.00672,1,0,0,1,0
CRG-2026-000003,7760.69,11,8,6671.21,0.583,0,0,0,1985,0.816,0,7168.31,2591097.01,7718.24,0,1.1633,1.0826,1089.48,5.435,6,1,0,0.002995,8.956956,1,42.45,0.00547,1,0,0,1,0
CRG-2026-000004,8117.4,7,10,8759.74,-0.262,0,0,0,3258,0.265,0,8288.6,894171.91,8164.04,0,0.9267,0.9793,-642.34,8.92,3,0,1,0.009078,9.001889,1,46.64,0.00575,0,1,0,1,0
CRG-2026-000005,3539.05,13,8,3900.12,-0.331,0,0,0,2018,0.24,0,3666.87,3742464.76,3538.76,0,0.9074,0.9651,-361.07,5.525,2,0,0,0.000946,8.171896,1,0.29,8e-05,0,1,0,1,0
CRG-2026-000006,892.78,15,10,849.9,0.18,0,0,0,1285,0.137,0,835.43,3807912.04,897.27,0,1.0505,1.0686,42.89,3.518,6,1,0,0.000234,6.795463,1,4.48,0.00502,1,0,0,0,1
CRG-2026-000007,2562.19,18,5,2734.79,-0.225,0,0,0,2581,0.273,0,2948.51,3761294.51,2551.52,0,0.9369,0.869,-172.6,7.066,3,0,0,0.000681,7.849008,1,10.67,0.00416,0,1,0,0,1
CRG-2026-000008,19487.44,7,5,16700.8,0.596,0,0,0,3539,0.026,0,16764.2,4147969.8,19678.05,0,1.1669,1.1624,2786.64,9.689,1,0,1,0.004698,9.877577,1,190.62,0.00978,1,0,0,1,0
CRG-2026-000009,2753.77,21,9,2546.98,0.29,0,0,0,4020,0.058,0,2514.5,2142754.74,2765.79,0,1.0812,1.0952,206.79,11.006,6,1,1,0.001285,7.921089,1,12.02,0.00436,1,0,0,0,1
CRG-2026-000010,3739.9,9,7,3769.76,-0.028,0,0,0,2471,0.147,0,3666.2,3599371.69,3739.05,0,0.9921,1.0201,-29.86,6.765,1,0,0,0.001039,8.227081,1,0.85,0.00023,1,0,0,1,0
CRG-2026-000011,1601.86,18,8,1633.07,-0.068,0,0,0,809,0.539,0,1573.56,4886977.26,1626.59,0,0.9809,1.018,-31.21,2.215,0,0,0,0.000328,7.379547,1,24.73,0.01544,0,1,0,1,0
CRG-2026-000012,1448.27,18,9,1410.61,0.095,0,0,0,2741,0.105,0,1471.08,1174630.3,1439.21,0,1.0267,0.9845,37.66,7.504,4,0,0,0.001233,7.278818,1,9.06,0.00626,0,1,0,1,0
CRG-2026-000013,4530.63,9,8,3499.42,1.052,0,0,0,4503,0.178,0,3602.29,4360649.42,4551.27,0,1.2947,1.2577,1031.21,12.329,2,0,0,0.001039,8.418836,1,20.65,0.00456,0,1,0,1,0
CRG-2026-000014,3381.31,9,9,3550.23,-0.17,0,0,0,3124,0.123,0,3724.07,2296692.87,0.0,0,0.9524,0.908,-168.91,8.553,0,0,0,0.001472,8.126315,0,0.0,0.0,1,0,0,1,0
CRG-2026-000015,8491.21,14,5,8438.4,0.022,0,0,0,3128,0.323,0,8168.92,2728932.67,8311.54,0,1.0063,1.0395,52.81,8.564,5,1,0,0.003112,9.046904,1,179.67,0.02116,1,0,0,0,1
CRG-2026-000016,10584.13,9,9,8438.4,0.908,0,0,0,3128,0.323,0,7996.98,883760.36,10572.1,0,1.2543,1.3235,2145.73,8.564,5,1,0,0.011976,9.267206,1,12.04,0.00114,1,0,0,0,1
CRG-2026-000017,6141.53,22,2,3405.33,2.87,1,1,1,3812,0.99,1,3375.57,2673785.23,5716.77,1,1.8035,1.8194,2736.19,10.437,0,0,1,0.002297,8.722991,1,424.75,0.06916,1,0,0,1,0
CRG-2026-000018,572.82,16,15,661.76,-0.48,0,0,0,3279,0.271,0,706.81,4336423.13,568.88,0,0.8656,0.8104,-88.93,8.977,5,1,0,0.000132,6.352321,1,3.94,0.00688,0,1,0,1,0
CRG-2026-000019,2129.64,7,6,3437.32,-1.359,0,0,0,3523,0.252,0,3186.6,802089.82,2135.07,0,0.6196,0.6683,-1307.68,9.645,0,0,1,0.002655,7.664176,1,5.43,0.00255,1,0,0,0,1
CRG-2026-000020,378.21,20,7,356.96,0.213,0,0,0,526,0.207,0,379.26,1436780.0,379.38,0,1.0595,0.9972,21.25,1.44,1,0,1,0.000263,5.938084,1,1.17,0.0031,1,0,0,0,1
CRG-2026-000021,9880.18,14,7,10309.85,-0.149,0,0,0,2584,0.192,0,9903.15,2551172.7,9848.33,0,0.9583,0.9977,-429.67,7.075,3,0,0,0.003873,9.198387,1,31.85,0.00322,0,1,0,0,1
CRG-2026-000022,3357.19,18,10,3553.63,-0.197,0,0,0,1517,0.111,0,3744.33,5275680.55,3379.69,0,0.9447,0.8966,-196.44,4.153,1,0,0,0.000636,8.119158,1,22.5,0.0067,0,1,0,1,0
CRG-2026-000023,2730.28,18,13,2595.05,0.186,0,0,0,2703,0.349,0,2680.86,2962068.29,2729.75,0,1.0521,1.0184,135.23,7.4,4,0,0,0.000922,7.912525,1,0.53,0.00019,1,0,0,0,1
CRG-2026-000024,1756.45,9,6,1958.57,-0.369,0,0,0,1459,0.376,0,1844.95,5562536.58,1762.11,0,0.8968,0.952,-202.12,3.995,5,1,0,0.000316,7.471619,1,5.66,0.00322,1,0,0,0,1
CRG-2026-000025,3226.1,17,6,2902.85,0.398,0,0,0,827,0.297,0,2993.4,872523.03,3187.69,0,1.1114,1.0777,323.25,2.264,3,0,0,0.003697,8.07934,1,38.41,0.01191,1,0,0,0,1
CRG-2026-000026,559.46,18,8,849.9,-1.22,0,0,0,1285,0.137,0,791.61,1109401.98,559.94,0,0.6583,0.7067,-290.44,3.518,5,1,0,0.000504,6.328758,1,0.48,0.00085,1,0,0,1,0
CRG-2026-000027,4121.57,20,11,4576.26,-0.355,0,0,0,4219,0.195,0,4351.85,1225077.62,4111.66,0,0.9006,0.9471,-454.69,11.551,4,0,1,0.003364,8.324232,1,9.91,0.0024,1,0,0,0,1
CRG-2026-000028,9922.14,14,11,9500.41,0.159,0,0,0,104,0.362,0,9495.92,3163430.58,9872.26,0,1.0444,1.0449,421.72,0.285,3,0,0,0.003137,9.202624,1,49.87,0.00503,1,0,0,1,0
CRG-2026-000029,1988.51,18,5,2514.38,-0.747,0,0,0,2864,0.266,0,2574.12,5316640.97,1970.16,0,0.7909,0.7725,-525.87,7.841,4,0,0,0.000374,7.595644,1,18.35,0.00923,1,0,0,1,0
CRG-2026-000030,1422.48,18,10,1580.9,-0.358,0,0,0,260,0.081,0,1554.57,1891623.99,1428.75,0,0.8998,0.915,-158.42,0.712,5,1,0,0.000752,7.26086,1,6.27,0.00441,0,1,0,0,1
CRG-2026-000031,8054.09,7,5,3437.32,4.797,0,0,0,3523,0.252,0,3387.12,3788258.81,8023.08,0,2.3431,2.3779,4616.77,9.645,1,0,1,0.002126,8.994059,1,31.01,0.00385,0,1,0,0,1
CRG-2026-000032,3031.0,11,8,3184.3,-0.172,0,0,0,392,0.113,0,3252.04,1345417.16,3025.04,0,0.9519,0.932,-153.3,1.073,3,0,0,0.002253,8.016976,1,5.95,0.00196,0,1,0,1,0
CRG-2026-000033,3609.97,7,5,3405.33,0.215,0,0,0,3812,0.931,1,3432.17,4173755.74,3629.97,0,1.0601,1.0518,204.64,10.437,2,0,1,0.000865,8.191732,1,19.99,0.00554,1,0,0,1,0
CRG-2026-000034,1044.19,18,5,1090.14,-0.151,0,0,0,3502,0.575,0,1170.47,3089469.73,1029.1,0,0.9578,0.8921,-45.95,9.588,5,1,0,0.000338,6.951954,1,15.09,0.01445,1,0,0,0,1
CRG-2026-000035,5301.04,18,6,5934.05,-0.381,0,0,0,3835,0.143,0,5673.8,5024288.11,5349.85,0,0.8933,0.9343,-633.01,10.5,6,1,0,0.001055,8.575848,1,48.8,0.00921,1,0,0,1,0
CRG-2026-000036,2634.99,13,6,2490.17,0.208,0,0,0,1082,0.461,0,2455.68,4366706.41,2614.88,0,1.0582,1.073,144.82,2.962,6,1,0,0.000603,7.877013,1,20.11,0.00763,1,0,0,0,1
CRG-2026-000037,27810.35,8,8,26256.61,0.211,0,0,0,2905,0.056,0,24603.9,2962308.67,27591.4,0,1.0592,1.1303,1553.74,7.953,3,0,0,0.009388,10.2332,1,218.95,0.00787,1,0,0,1,0
CRG-2026-000038,3885.2,10,12,3886.72,-0.001,0,0,0,4722,0.193,0,3934.4,1562180.08,3844.91,0,0.9996,0.9875,-1.52,12.928,3,0,0,0.002487,8.265187,1,40.29,0.01037,0,0,1,1,0
CRG-2026-000039,2019.37,6,6,2147.76,-0.213,0,0,0,809,0.191,0,2085.05,1665398.6,2016.67,0,0.9402,0.9685,-128.39,2.215,6,1,1,0.001213,7.611037,1,2.7,0.00134,1,0,0,0,1
CRG-2026-000040,3003.84,10,8,3877.27,-0.805,0,0,0,1808,0.15,0,4041.64,4309299.34,3022.46,0,0.7747,0.7432,-873.43,4.95,0,0,0,0.000697,8.00798,1,18.62,0.0062,0,1,0,1,0
CRG-2026-000041,2971.45,18,6,2512.42,0.653,0,0,0,3054,0.147,0,2584.52,4385832.57,2944.97,0,1.1827,1.1497,459.03,8.361,1,0,0,0.000678,7.997141,1,26.48,0.00891,0,1,0,1,0
CRG-2026-000042,920.97,14,6,1162.52,-0.742,0,0,0,2459,0.557,0,1169.1,2931155.93,913.8,0,0.7922,0.7878,-241.55,6.732,3,0,0,0.000314,6.82651,1,7.17,0.00778,1,0,0,0,1
CRG-2026-000043,895.26,13,10,919.61,-0.095,0,0,0,1769,0.327,0,908.45,804369.37,897.27,0,0.9735,0.9855,-24.35,4.843,5,1,0,0.001113,6.798232,1,2.0,0.00224,0,0,1,1,0
CRG-2026-000044,10240.71,15,2,4576.26,4.421,0,1,0,4219,0.295,0,4602.3,5418347.76,10347.07,0,2.2378,2.2251,5664.45,11.551,4,0,0,0.00189,9.234224,1,106.35,0.01039,1,0,0,1,0
CRG-2026-000045,7865.15,17,6,8918.07,-0.422,0,0,0,5029,0.167,0,8306.4,2771850.37,7860.72,0,0.8819,0.9469,-1052.92,13.769,0,0,0,0.002838,8.970324,1,4.43,0.00056,1,0,0,1,0
CRG-2026-000046,4208.44,15,10,4220.49,-0.01,0,0,0,894,0.321,0,4186.47,4053412.02,4193.76,0,0.9971,1.0052,-12.05,2.448,3,0,0,0.001038,8.345086,1,14.68,0.00349,1,0,0,0,1
CRG-2026-000047,4262.07,17,10,4128.64,0.115,0,0,0,1409,0.381,0,4353.29,2734250.32,4240.52,0,1.0323,0.979,133.43,3.858,0,0,0,0.001559,8.357746,1,21.55,0.00506,1,0,0,1,0
CRG-2026-000048,26340.37,10,10,26256.61,0.011,0,0,0,2905,0.056,0,27739.24,1375169.85,26844.54,0,1.0032,0.9496,83.75,7.953,2,0,0,0.019154,10.178896,1,504.17,0.01914,1,0,0,1,0
CRG-2026-000049,2359.46,1,3,1112.97,4.0,1,0,1,4992,0.293,0,1085.25,1540667.59,2688.03,0,2.12,2.1741,1246.49,13.667,0,0,1,0.001531,7.766614,1,328.57,0.13925,0,1,0,1,0
CRG-2026-000050,2503.76,9,14,3173.34,-0.754,0,0,0,434,0.243,0,3112.62,5166414.75,2492.48,0,0.789,0.8044,-669.59,1.188,0,0,0,0.000485,7.825947,1,11.27,0.0045,0,0,1,0,1
CRG-2026-000051,1468.5,12,2,1944.61,-0.874,0,0,0,4423,0.142,0,1942.58,3604156.54,1490.4,0,0.7552,0.756,-476.11,12.11,3,0,0,0.000407,7.292677,1,21.9,0.01492,1,0,0,0,1
CRG-2026-000052,3758.42,8,7,4576.26,-0.638,0,0,0,4219,0.195,0,4916.75,3814266.32,3748.67,0,0.8213,0.7644,-817.84,11.551,1,0,0,0.000985,8.232019,1,9.75,0.00259,0,1,0,1,0
CRG-2026-000053,8684.89,3,3,3769.76,4.657,0,0,1,2471,0.147,0,3690.76,4274437.34,8651.78,0,2.3038,2.3531,4915.13,6.765,5,1,1,0.002032,9.069455,1,33.11,0.00381,1,0,0,1,0
CRG-2026-000054,1249.93,18,6,1090.14,0.523,0,0,0,3502,0.575,0,1105.78,3501375.52,1268.66,0,1.1466,1.1304,159.79,9.588,4,0,0,0.000357,7.131641,1,18.73,0.01499,0,0,1,0,1
CRG-2026-000055,1307.13,12,7,997.97,1.106,0,0,0,3880,0.214,0,963.27,4414922.75,1305.21,0,1.3098,1.357,309.17,10.623,1,0,0,0.000296,7.176357,1,1.93,0.00147,0,1,0,1,0
CRG-2026-000056,713.0,17,4,579.09,0.826,0,0,0,861,0.111,0,546.77,4477930.91,707.21,0,1.2313,1.304,133.92,2.357,4,0,0,0.000159,6.57089,1,5.8,0.00813,0,0,1,1,0
CRG-2026-000057,1008.92,12,7,963.37,0.169,0,0,0,5133,0.135,0,899.9,3933597.06,1009.03,0,1.0473,1.1211,45.54,14.053,6,1,0,0.000256,6.917623,1,0.11,0.00011,1,0,0,0,1
CRG-2026-000058,1230.56,17,4,1444.88,-0.53,0,0,0,3135,0.059,0,1389.71,5188633.93,1225.37,0,0.8517,0.8855,-214.32,8.583,1,0,0,0.000237,7.116034,1,5.19,0.00422,1,0,0,1,0
CRG-2026-000059,2246.07,18,8,2203.78,0.069,0,0,0,3100,0.317,0,2236.41,1580527.13,2231.17,0,1.0192,1.0043,42.29,8.487,6,1,0,0.001421,7.717381,1,14.9,0.00663,1,0,0,1,0
CRG-2026-000060,574.24,18,6,613.61,-0.229,0,0,0,3260,0.421,0,631.31,1427750.57,571.42,0,0.9358,0.9096,-39.37,8.925,1,0,0,0.000402,6.354794,1,2.82,0.00492,1,0,0,1,0
CRG-2026-000061,15436.56,14,12,16700.8,-0.27,0,0,0,3539,0.026,0,16274.23,4949514.7,15385.04,0,0.9243,0.9485,-1264.24,9.689,3,0,0,0.003119,9.644559,1,51.52,0.00334,1,0,0,1,0
CRG-2026-000062,2065.49,5,8,2147.76,-0.137,0,0,0,809,0.191,0,2215.62,1592412.95,2069.86,0,0.9617,0.9322,-82.27,2.215,2,0,1,0.001297,7.633607,1,4.37,0.00211,1,0,0,0,1
CRG-2026-000063,1328.87,7,7,1186.3,0.429,0,0,0,3203,0.608,0,1244.14,4311936.62,1328.45,0,1.1202,1.0681,142.57,8.769,6,1,1,0.000308,7.192838,1,0.43,0.00032,1,0,0,1,0
CRG-2026-000064,5375.09,10,1,2666.64,3.627,0,0,0,3674,0.2,0,2638.6,2759926.56,5425.12,0,2.0157,2.0371,2708.45,10.059,1,0,0,0.001948,8.589716,1,50.03,0.00931,0,1,0,1,0
CRG-2026-000065,3736.56,11,6,3835.58,-0.092,0,0,0,3792,0.644,0,4031.34,3682847.64,3683.06,0,0.9742,0.9269,-99.02,10.382,1,0,0,0.001015,8.226188,1,53.5,0.01432,1,0,0,0,1
CRG-2026-000066,14503.55,11,10,11497.98,0.934,0,0,0,2149,0.041,0,10608.28,1281015.12,14738.23,0,1.2614,1.3672,3005.57,5.884,6,1,0,0.011322,9.582218,1,234.68,0.01618,1,0,0,1,0
CRG-2026-000067,909.38,10,3,919.61,-0.04,0,0,0,1769,0.327,0,907.69,4429299.5,907.56,0,0.9889,1.0019,-10.24,4.843,6,1,0,0.000205,6.813858,1,1.82,0.002,0,1,0,1,0
CRG-2026-000068,970.56,8,11,1090.14,-0.392,0,0,0,3502,0.575,0,1132.26,1416335.94,969.24,0,0.8903,0.8572,-119.58,9.588,0,0,0,0.000685,6.878904,1,1.32,0.00136,1,0,0,0,1
CRG-2026-000069,5428.86,9,7,6328.56,-0.508,0,0,0,3190,0.341,0,5929.17,3266718.06,5512.4,0,0.8578,0.9156,-899.69,8.734,2,0,0,0.001662,8.599669,1,83.53,0.01539,1,0,0,1,0
CRG-2026-000070,1587.49,7,8,1750.35,-0.332,0,0,0,1868,0.377,0,1701.13,4553474.59,1573.15,0,0.907,0.9332,-162.86,5.114,4,0,1,0.000349,7.370536,1,14.34,0.00903,0,1,0,1,0
CRG-2026-000071,487.96,14,3,541.91,-0.356,0,0,0,1144,0.069,0,545.47,5497402.41,488.18,0,0.9004,0.8946,-53.95,3.132,6,1,0,8.9e-05,6.192282,1,0.22,0.00044,1,0,0,1,0
CRG-2026-000072,643.89,9,11,997.97,-1.267,0,0,0,3880,0.214,0,927.73,3935993.47,641.11,0,0.6452,0.6941,-354.07,10.623,4,0,0,0.000164,6.469083,1,2.79,0.00433,0,1,0,1,0
CRG-2026-000073,819.6,16,8,694.72,0.642,0,0,0,3349,0.114,0,664.51,4033992.7,819.99,0,1.1798,1.2334,124.88,9.169,3,0,0,0.000203,6.71004,1,0.39,0.00048,0,0,1,0,1
CRG-2026-000074,887.89,12,6,806.97,0.358,0,0,0,4566,0.212,0,761.4,3459970.22,879.22,0,1.1003,1.1661,80.92,12.501,0,0,0,0.000257,6.78997,1,8.66,0.00976,1,0,0,0,1
CRG-2026-000075,3343.15,5,8,4333.36,-0.816,0,0,0,1154,0.299,0,4053.31,807947.97,3357.09,0,0.7715,0.8248,-990.21,3.159,6,1,1,0.004138,8.114968,1,13.94,0.00417,1,0,0,1,0
CRG-2026-000076,3994.13,8,4,4128.64,-0.116,0,0,0,1409,0.381,0,4352.17,1603728.59,3985.52,0,0.9674,0.9177,-134.51,3.858,1,0,0,0.002491,8.292832,1,8.61,0.00216,1,0,0,0,1
CRG-2026-000077,4824.5,16,4,5018.71,-0.138,0,0,0,4243,0.245,0,5270.53,3165973.82,4814.35,0,0.9613,0.9154,-194.2,11.617,2,0,0,0.001524,8.48167,1,10.15,0.0021,0,0,1,1,0
CRG-2026-000078,4008.94,18,11,3623.36,0.38,0,0,0,3160,0.319,0,3728.17,5125135.62,4050.77,0,1.1064,1.0753,385.58,8.652,0,0,0,0.000782,8.296532,1,41.83,0.01044,0,1,0,0,1
CRG-2026-000079,1413.88,14,6,1304.98,0.298,0,0,0,572,0.527,0,1408.65,2118850.3,1432.29,0,1.0835,1.0037,108.9,1.566,3,0,0,0.000667,7.2548,1,18.41,0.01302,0,1,0,1,0
CRG-2026-000080,620.39,7,5,694.72,-0.382,0,0,0,3349,0.114,0,655.52,3493913.74,621.45,0,0.893,0.9464,-74.33,9.169,5,1,1,0.000178,6.431963,1,1.06,0.00171,1,0,0,1,0
CRG-2026-000081,3321.57,8,12,4039.45,-0.635,0,0,0,63,0.112,0,4160.14,1966763.56,3357.92,0,0.8223,0.7984,-717.88,0.172,3,0,0,0.001689,8.108494,1,36.35,0.01094,0,1,0,1,0
CRG-2026-000082,1321.94,15,10,1848.95,-1.018,0,0,0,4414,0.188,0,1738.49,2193164.15,1329.13,0,0.715,0.7604,-527.0,12.085,4,0,0,0.000603,7.187615,1,7.19,0.00544,0,1,0,1,0
CRG-2026-000083,1975.24,13,4,1750.35,0.459,0,0,0,1868,0.377,0,1871.47,3470770.49,1987.82,0,1.1285,1.0554,224.89,5.114,5,1,0,0.000569,7.588952,1,12.58,0.00637,1,0,0,0,1
CRG-2026-000084,9353.32,17,6,11497.98,-0.666,0,0,0,2149,0.041,0,10606.51,5085055.69,9388.14,0,0.8135,0.8818,-2144.66,5.884,6,1,0,0.001839,9.143593,1,34.82,0.00372,1,0,0,1,0
CRG-2026-000085,2847.05,16,6,3623.36,-0.765,0,0,0,3160,0.319,0,3380.4,5407658.43,2842.47,0,0.7857,0.8422,-776.31,8.652,3,0,0,0.000526,7.95439,1,4.58,0.00161,1,0,0,1,0
CRG-2026-000086,2211.22,17,7,2003.19,0.371,0,0,0,823,0.43,0,2162.16,3572547.87,2211.71,0,1.1038,1.0227,208.03,2.253,3,0,0,0.000619,7.701751,1,0.49,0.00022,0,1,0,0,1
CRG-2026-000087,2373.28,7,11,2624.38,-0.342,0,0,0,1146,0.327,0,2520.77,4946403.82,2382.12,0,0.9043,0.9415,-251.09,3.138,1,0,1,0.00048,7.772451,1,8.83,0.00372,1,0,0,0,1
CRG-2026-000088,1473.21,12,9,1272.84,0.562,0,0,0,2247,0.402,0,1317.15,951842.55,1463.85,0,1.1574,1.1185,200.36,6.152,4,0,0,0.001548,7.295876,1,9.36,0.00635,0,1,0,1,0
CRG-2026-000089,3317.97,15,6,3815.26,-0.466,0,0,0,1113,0.075,0,3790.57,1054018.37,3296.04,0,0.8697,0.8753,-497.29,3.047,2,0,0,0.003148,8.10741,1,21.93,0.00661,0,1,0,1,0
CRG-2026-000090,844.5,8,2,919.61,-0.292,0,0,0,1769,0.327,0,936.44,2512522.76,848.57,0,0.9183,0.9018,-75.12,4.843,4,0,0,0.000336,6.739926,1,4.08,0.00483,1,0,0,0,1
CRG-2026-000091,802.26,7,2,694.72,0.553,0,0,0,3349,0.114,0,698.42,3113975.3,800.32,0,1.1548,1.1487,107.53,9.169,1,0,1,0.000258,6.688674,1,1.93,0.00241,1,0,0,1,0
CRG-2026-000092,6087.69,8,8,7398.44,-0.633,0,0,0,1300,0.256,0,7172.56,1490547.49,6103.55,0,0.8228,0.8487,-1310.74,3.559,1,0,0,0.004084,8.714189,1,15.86,0.00261,1,0,0,0,1
CRG-2026-000093,8160.28,14,7,9500.41,-0.504,0,0,0,104,0.362,0,8836.7,2751917.39,8084.3,0,0.8589,0.9235,-1340.13,0.285,3,0,0,0.002965,9.007156,1,75.97,0.00931,1,0,0,1,0
CRG-2026-000094,1978.16,11,5,1927.93,0.093,0,0,0,514,0.418,0,1997.49,3579008.63,1984.96,0,1.0261,0.9903,50.24,1.407,4,0,0,0.000553,7.59043,1,6.79,0.00343,0,1,0,1,0
CRG-2026-000095,2874.55,18,1,2909.1,-0.042,0,0,0,203,0.22,0,2960.23,1070252.94,2890.39,0,0.9881,0.9711,-34.55,0.556,5,1,0,0.002686,7.963999,1,15.84,0.00551,1,0,0,1,0
CRG-2026-000096,11289.99,22,2,4039.45,6.41,1,0,1,63,0.232,0,4071.48,2267158.21,11411.94,0,2.7949,2.7729,7250.54,0.172,2,0,1,0.00498,9.33176,1,121.95,0.0108,0,1,0,0,1
CRG-2026-000097,205.14,16,7,208.44,-0.041,0,0,0,5176,0.311,0,211.5,1333199.79,0.0,0,0.9842,0.9699,-3.3,14.171,0,0,0,0.000154,5.328574,0,0.0,0.0,0,1,0,0,1
CRG-2026-000098,2004.5,17,6,2147.76,-0.238,0,0,0,809,0.191,0,2302.85,2752274.24,2033.65,0,0.9333,0.8704,-143.27,2.215,4,0,0,0.000728,7.603648,1,29.15,0.01454,0,1,0,1,0
CRG-2026-000099,2925.14,10,5,2902.85,0.027,0,0,0,827,0.297,0,2989.96,2413451.93,2951.77,0,1.0077,0.9783,22.29,2.264,1,0,0,0.001212,7.981439,1,26.63,0.0091,1,0,0,0,1
CRG-2026-000100,2687.27,18,3,1186.99,4.514,0,0,0,1338,0.812,0,1271.66,3512808.49,2707.36,0,2.2639,2.1132,1500.28,3.663,5,1,0,0.000765,7.896653,1,20.09,0.00748,1,0,0,0,1
CRG-2026-000101,10044.31,18,5,8759.74,0.524,0,0,0,3258,0.265,0,8998.26,1187995.62,10153.06,0,1.1466,1.1163,1284.57,8.92,4,0,0,0.008455,9.214861,1,108.75,0.01083,0,1,0,0,1
CRG-2026-000102,353.6,7,4,356.96,-0.034,0,0,0,526,0.207,0,369.06,858844.47,350.48,0,0.9906,0.9581,-3.36,1.44,0,0,1,0.000412,5.870996,1,3.13,0.00884,0,0,1,1,0
CRG-2026-000103,9265.93,16,4,12169.6,-0.852,0,0,0,3159,0.132,0,11865.59,5229264.08,9322.34,0,0.7614,0.7809,-2903.67,8.649,5,1,0,0.001772,9.134207,1,56.41,0.00609,1,0,0,0,1
CRG-2026-000104,4378.43,0,4,1918.8,4.578,0,0,1,3755,0.063,0,1924.63,1982547.87,0.0,0,2.2819,2.2749,2459.62,10.281,6,1,1,0.002208,8.384673,0,0.0,0.0,1,0,0,0,1
CRG-2026-000105,3229.67,16,15,2512.42,1.02,0,0,0,3054,0.147,0,2709.41,2742474.37,3209.7,0,1.2855,1.192,717.25,8.361,0,0,0,0.001178,8.080444,1,19.97,0.00618,1,0,0,1,0
CRG-2026-000106,4067.48,12,9,3868.31,0.184,0,0,0,3030,0.249,0,3910.54,1120444.97,4036.79,0,1.0515,1.0401,199.17,8.296,5,1,0,0.00363,8.311024,1,30.68,0.00754,0,1,0,0,1
CRG-2026-000107,3123.97,7,9,3104.17,0.023,0,0,0,1207,0.119,0,3143.73,1866044.76,3148.62,0,1.0064,0.9937,19.8,3.305,1,0,1,0.001674,8.047181,1,24.65,0.00789,0,0,1,0,1
CRG-2026-000108,4403.81,8,4,4220.49,0.155,0,0,0,894,0.321,0,4465.51,4641653.48,4439.5,0,1.0434,0.9862,183.31,2.448,0,0,0,0.000949,8.390452,1,35.7,0.00811,1,0,0,0,1
CRG-2026-000109,4389.47,17,12,4780.38,-0.292,0,0,0,5185,0.269,0,4964.01,936356.14,4353.95,0,0.9182,0.8843,-390.91,14.196,2,0,0,0.004688,8.387191,1,35.52,0.00809,0,1,0,0,1
CRG-2026-000110,7777.03,12,7,7465.06,0.149,0,0,0,532,0.138,0,7666.34,4435968.11,7731.85,0,1.0418,1.0144,311.96,1.457,3,0,0,0.001753,8.959058,1,45.17,0.00581,1,0,0,0,1
CRG-2026-000111,5828.97,8,9,3886.72,1.785,0,0,0,4722,0.193,0,3791.07,4796211.97,5851.55,0,1.4997,1.5376,1942.25,12.928,2,0,0,0.001215,8.670767,1,22.58,0.00387,1,0,0,1,0
CRG-2026-000112,7290.77,8,5,5493.7,1.168,0,0,0,3247,0.213,0,5884.0,1171199.51,7365.17,0,1.3271,1.2391,1797.07,8.89,4,0,0,0.006225,8.894501,1,74.4,0.01021,0,1,0,1,0
CRG-2026-000113,2609.63,18,7,3132.89,-0.597,0,0,0,4858,0.193,0,3154.68,3202756.14,2614.41,0,0.833,0.8272,-523.26,13.3,2,0,0,0.000815,7.867346,1,4.79,0.00183,1,0,0,0,1
CRG-2026-000114,6531.65,8,5,2952.13,4.33,0,1,0,1763,0.215,0,2983.62,4003234.44,6610.93,0,2.2125,2.1892,3579.52,4.827,2,0,0,0.001632,8.784567,1,79.28,0.01214,1,0,0,0,1
CRG-2026-000115,8042.46,6,8,7082.06,0.484,0,0,0,470,0.237,0,6855.13,1239634.36,8072.83,0,1.1356,1.1732,960.4,1.287,6,1,1,0.006488,8.992615,1,30.37,0.00378,0,1,0,0,1
CRG-2026-000116,3816.2,10,10,3477.72,0.348,0,0,0,806,0.088,0,3285.19,4937088.57,3837.03,0,1.0973,1.1616,338.48,2.207,6,1,0,0.000773,8.247271,1,20.83,0.00546,1,0,0,0,1
CRG-2026-000117,2839.28,10,3,2624.38,0.292,0,0,0,1146,0.327,0,2729.42,2371857.01,2858.22,0,1.0819,1.0403,214.91,3.138,0,0,0,0.001197,7.951659,1,18.93,0.00667,1,0,0,1,0
CRG-2026-000118,1118.31,9,11,1186.99,-0.207,0,0,0,1338,0.812,0,1275.15,5057475.22,1103.49,0,0.9421,0.877,-68.68,3.663,6,1,0,0.000221,7.020467,1,14.82,0.01325,0,1,0,1,0
CRG-2026-000119,2494.05,10,4,2673.45,-0.24,0,0,0,4504,0.151,0,2803.52,5139352.6,2487.51,0,0.9329,0.8896,-179.4,12.331,5,1,0,0.000485,7.822066,1,6.54,0.00262,1,0,0,0,1
CRG-2026-000120,2664.65,10,4,2514.38,0.213,0,0,0,2864,0.266,0,2550.03,1263971.09,2675.01,0,1.0598,1.0449,150.27,7.841,0,0,0,0.002108,7.888202,1,10.37,0.00389,0,1,0,1,0
CRG-2026-000121,1028.22,8,11,1112.97,-0.272,0,0,0,4992,0.173,0,1184.25,1262213.11,1036.88,0,0.9238,0.8682,-84.75,13.667,5,1,0,0.000815,6.936556,1,8.67,0.00843,1,0,0,1,0
CRG-2026-000122,2133.02,8,6,2295.95,-0.253,0,0,0,3799,0.046,0,2178.57,2915161.88,2118.04,0,0.929,0.9791,-162.93,10.401,4,0,0,0.000732,7.665762,1,14.98,0.00702,1,0,0,0,1
CRG-2026-000123,12944.47,16,4,12565.38,0.108,0,0,0,2353,0.05,0,13252.87,3028082.09,0.0,0,1.0302,0.9767,379.1,6.442,4,0,0,0.004275,9.468501,0,0.0,0.0,1,0,0,0,1
CRG-2026-000124,2560.35,15,1,2765.16,-0.265,0,0,0,4667,0.31,0,2849.52,5242293.35,2590.42,0,0.9259,0.8985,-204.81,12.778,6,1,0,0.000488,7.848289,1,30.07,0.01174,0,1,0,0,1
CRG-2026-000125,2755.17,20,7,2003.19,1.341,0,0,0,823,0.43,0,1962.62,3872309.54,2707.67,0,1.3754,1.4038,751.98,2.253,6,1,1,0.000712,7.921598,1,47.5,0.01724,0,0,1,0,1
CRG-2026-000126,16702.43,11,9,17151.31,-0.093,0,0,0,238,0.291,0,17813.38,5223941.62,16559.5,0,0.9738,0.9376,-448.89,0.652,4,0,0,0.003197,9.723369,1,142.93,0.00856,1,0,0,0,1
CRG-2026-000127,7140.02,8,15,7398.44,-0.125,0,0,0,1300,0.256,0,6868.89,1023026.3,7050.97,0,0.9651,1.0395,-258.42,3.559,0,0,0,0.006979,8.87361,1,89.04,0.01247,0,1,0,1,0
CRG-2026-000128,4946.08,17,6,4213.93,0.621,0,0,0,951,0.32,0,4294.91,3700505.75,4901.51,0,1.1737,1.1516,732.16,2.604,5,1,0,0.001337,8.506553,1,44.57,0.00901,0,1,0,1,0
CRG-2026-000129,801.77,9,6,806.97,-0.023,0,0,0,4566,0.212,0,836.34,3630382.33,799.83,0,0.9936,0.9587,-5.19,12.501,4,0,0,0.000221,6.688073,1,1.94,0.00242,0,1,0,0,1
CRG-2026-000130,1746.25,8,5,2029.95,-0.499,0,0,0,4692,0.143,0,1975.12,2499742.78,1748.69,0,0.8602,0.8841,-283.7,12.846,4,0,0,0.000699,7.465797,1,2.45,0.0014,1,0,0,1,0
CRG-2026-000131,972.79,12,6,963.37,0.035,0,0,0,5133,0.135,0,932.13,3489765.93,958.77,0,1.0098,1.0436,9.41,14.053,6,1,0,0.000279,6.881195,1,14.02,0.01441,0,0,1,0,1
CRG-2026-000132,3953.21,16,9,4039.45,-0.076,0,0,0,63,0.112,0,4100.35,1527355.26,0.0,0,0.9786,0.9641,-86.24,0.172,0,0,0,0.002588,8.282535,0,0.0,0.0,1,0,0,1,0
CRG-2026-000133,3667.05,6,4,4598.25,-0.723,0,0,0,5162,0.003,0,4326.41,4898197.89,3644.13,0,0.7975,0.8476,-931.2,14.133,0,0,1,0.000749,8.207417,1,22.92,0.00625,0,1,0,0,1
CRG-2026-000134,3912.8,6,8,4165.98,-0.217,0,0,0,3223,0.315,0,4320.14,2360406.67,3904.77,0,0.9392,0.9057,-253.18,8.824,0,0,1,0.001658,8.272263,1,8.02,0.00205,0,1,0,1,0
CRG-2026-000135,1893.3,7,8,2328.51,-0.668,0,0,0,2178,0.349,0,2393.54,3758944.19,1905.29,0,0.8131,0.791,-435.22,5.963,2,0,1,0.000504,7.546603,1,12.0,0.00634,1,0,0,1,0
CRG-2026-000136,753.06,18,7,694.72,0.3,0,0,0,3349,0.114,0,694.34,1721688.48,748.79,0,1.084,1.0846,58.34,9.169,4,0,0,0.000437,6.625469,1,4.27,0.00567,1,0,0,1,0
CRG-2026-000137,6209.74,7,9,5900.29,0.187,0,0,0,1044,0.004,0,6314.82,2342397.31,6197.64,0,1.0524,0.9834,309.45,2.858,4,0,1,0.002651,8.734035,1,12.1,0.00195,0,0,1,1,0
CRG-2026-000138,4164.81,18,7,3499.42,0.679,0,0,0,4503,0.178,0,3252.29,5427955.05,4145.89,0,1.1901,1.2806,665.4,12.329,2,0,0,0.000767,8.334667,1,18.92,0.00454,0,1,0,1,0
CRG-2026-000139,3259.96,15,10,2952.13,0.372,0,0,0,1763,0.115,0,2843.15,1873500.41,3250.56,0,1.1043,1.1466,307.83,4.827,0,0,0,0.00174,8.089778,1,9.4,0.00288,1,0,0,1,0
CRG-2026-000140,3536.49,16,10,4263.55,-0.609,0,0,0,4909,0.271,0,4032.56,2062727.29,3556.53,0,0.8295,0.877,-727.06,13.44,2,0,0,0.001714,8.171173,1,20.04,0.00567,1,0,0,1,0
CRG-2026-000141,6688.16,7,7,6067.52,0.365,0,0,0,5074,0.127,0,6078.34,5045597.17,6656.44,0,1.1023,1.1003,620.65,13.892,4,0,1,0.001326,8.808244,1,31.72,0.00474,0,1,0,1,0
CRG-2026-000142,1095.53,7,7,1186.99,-0.275,0,0,0,1338,0.812,0,1141.75,1719261.88,1087.59,0,0.923,0.9595,-91.46,3.663,6,1,1,0.000637,6.999909,1,7.94,0.00725,0,1,0,0,1
CRG-2026-000143,4589.08,10,3,4213.93,0.318,0,0,0,951,0.32,0,3924.8,1250924.31,4627.74,0,1.089,1.1693,375.15,2.604,3,0,0,0.003669,8.431652,1,38.66,0.00842,1,0,0,1,0
CRG-2026-000144,1424.72,15,8,1888.38,-0.877,0,0,0,4749,0.464,0,1962.13,1407011.72,1415.2,0,0.7545,0.7261,-463.66,13.002,2,0,0,0.001013,7.262431,1,9.52,0.00668,1,0,0,1,0
CRG-2026-000145,1042.43,16,7,919.61,0.477,0,0,0,1769,0.327,0,865.31,1048765.97,1034.31,0,1.1335,1.2047,122.81,4.843,0,0,0,0.000994,6.950267,1,8.12,0.00779,1,0,0,1,0
CRG-2026-000146,4597.22,14,4,4213.93,0.325,0,0,0,951,0.32,0,4454.59,3025253.03,4649.28,0,1.091,1.032,383.29,2.604,2,0,0,0.00152,8.433424,1,52.06,0.01133,1,0,0,0,1
CRG-2026-000147,7837.23,9,6,3815.26,3.765,0,0,0,1113,0.075,0,3986.02,1406759.62,0.0,0,2.0542,1.9662,4021.97,3.047,6,1,0,0.005571,8.966769,0,0.0,0.0,0,1,0,0,1
CRG-2026-000148,5882.31,11,5,4390.52,1.213,0,0,0,202,0.026,0,4529.11,5262707.18,5874.56,0,1.3398,1.2988,1491.79,0.553,3,0,0,0.001118,8.679875,1,7.75,0.00132,0,0,1,1,0
CRG-2026-000149,1971.96,14,4,1958.57,0.024,0,0,0,1459,0.376,0,2077.32,1374963.48,2002.04,0,1.0068,0.9493,13.39,3.995,0,0,0,0.001434,7.587291,1,30.08,0.01525,1,0,0,1,0
CRG-2026-000150,943.49,7,3,1463.5,-1.269,0,0,0,2406,0.458,0,1365.37,4072016.77,952.26,0,0.6447,0.691,-520.01,6.587,4,0,1,0.000232,6.850643,1,8.77,0.0093,1,0,0,0,1
CRG-2026-000151,679.6,17,7,715.8,-0.181,0,0,0,4233,0.427,0,683.86,4514765.73,689.27,0,0.9494,0.9938,-36.21,11.589,4,0,0,0.000151,6.522968,1,9.68,0.01424,0,0,1,1,0
CRG-2026-000152,799.06,15,6,880.32,-0.33,0,0,0,2400,0.469,0,947.08,2327669.23,801.8,0,0.9077,0.8437,-81.26,6.571,2,0,0,0.000343,6.68469,1,2.74,0.00343,1,0,0,1,0
CRG-2026-000153,1828.82,8,9,1918.8,-0.167,0,0,0,3755,0.063,0,1826.95,3654736.54,1826.56,0,0.9531,1.001,-89.98,10.281,6,1,0,0.0005,7.511974,1,2.26,0.00123,1,0,0,1,0
CRG-2026-000154,2567.34,17,5,2673.45,-0.142,0,0,0,4504,0.151,0,2717.92,4270674.75,2604.24,0,0.9603,0.9446,-106.12,12.331,0,0,0,0.000601,7.851014,1,36.9,0.01437,1,0,0,0,1
CRG-2026-000155,13069.79,5,8,12001.17,0.318,0,0,0,3359,0.129,0,12572.07,2008256.62,12980.0,0,1.089,1.0396,1068.61,9.196,6,1,1,0.006508,9.478135,1,89.79,0.00687,1,0,0,0,1
CRG-2026-000156,3589.19,14,7,4390.52,-0.652,0,0,0,202,0.026,0,4678.03,2423666.71,3584.59,0,0.8175,0.7672,-801.32,0.553,1,0,0,0.001481,8.185962,1,4.6,0.00128,1,0,0,1,0
CRG-2026-000157,9533.89,13,6,4333.36,4.286,0,1,0,1154,0.399,0,4290.69,1175070.36,0.0,0,2.2001,2.222,5200.53,3.159,6,1,0,0.008113,9.162713,0,0.0,0.0,1,0,0,1,0
CRG-2026-000158,7991.39,16,9,7461.27,0.254,0,0,0,3301,0.348,0,7385.74,2502121.03,8022.71,0,1.071,1.082,530.12,9.038,2,0,0,0.003194,8.986245,1,31.32,0.00392,0,1,0,1,0
CRG-2026-000159,534.28,8,5,541.91,-0.05,0,0,0,1144,0.069,0,538.01,3786019.04,539.54,0,0.9859,0.9931,-7.64,3.132,1,0,0,0.000141,6.282784,1,5.26,0.00984,1,0,0,0,1
CRG-2026-000160,2300.19,14,10,2280.07,0.032,0,0,0,4636,0.131,0,2337.42,1190415.53,2328.96,0,1.0088,0.9841,20.12,12.693,0,0,0,0.001932,7.741181,1,28.77,0.01251,1,0,0,1,0
CRG-2026-000161,1432.39,18,13,1463.5,-0.076,0,0,0,2406,0.458,0,1576.22,840319.64,1434.72,0,0.9787,0.9087,-31.11,6.587,1,0,0,0.001705,7.267796,1,2.33,0.00163,1,0,0,0,1
CRG-2026-000162,2459.7,18,9,1131.62,4.191,0,1,0,3708,0.585,0,1113.17,2858526.57,2865.45,0,2.1736,2.2096,1328.08,10.152,6,1,0,0.00086,7.808202,1,405.75,0.16496,1,0,0,0,1
CRG-2026-000163,3043.78,18,5,3499.42,-0.465,0,0,0,4503,0.178,0,3310.29,4400431.22,3065.44,0,0.8698,0.9195,-455.63,12.329,1,0,0,0.000692,8.021185,1,21.66,0.00711,1,0,0,0,1
CRG-2026-000164,3086.8,5,6,3657.74,-0.557,0,0,0,561,0.353,0,3923.68,2437528.79,3076.14,0,0.8439,0.7867,-570.94,1.536,3,0,1,0.001266,8.035215,1,10.67,0.00346,0,1,0,1,0
CRG-2026-000165,1348.86,16,4,1249.54,0.284,0,0,0,1450,0.297,0,1301.84,4230899.66,0.0,0,1.0795,1.0361,99.32,3.97,6,1,0,0.000319,7.207756,0,0.0,0.0,1,0,0,0,1
CRG-2026-000166,1151.53,18,8,1112.97,0.124,0,0,0,4992,0.173,0,1058.19,1791351.78,1152.21,0,1.0346,1.0882,38.56,13.667,4,0,0,0.000643,7.049716,1,0.68,0.00059,1,0,0,1,0
CRG-2026-000167,523.76,17,8,541.91,-0.12,0,0,0,1144,0.069,0,499.78,4372675.15,524.08,0,0.9665,1.048,-18.16,3.132,0,0,0,0.00012,6.262937,1,0.33,0.00062,1,0,0,0,1
CRG-2026-000168,5937.28,17,8,5880.43,0.035,0,0,0,1297,0.217,0,5816.92,3217240.86,5894.63,0,1.0097,1.0207,56.86,3.551,0,0,0,0.001845,8.689175,1,42.65,0.00718,0,1,0,0,1
CRG-2026-000169,707.41,12,6,817.9,-0.482,0,0,0,379,0.116,0,816.72,1624131.2,702.56,0,0.8649,0.8662,-110.49,1.038,5,1,0,0.000436,6.563028,1,4.85,0.00686,0,0,1,1,0
CRG-2026-000170,14087.18,14,5,14356.25,-0.067,0,0,0,472,0.21,0,14782.22,5161866.03,13957.77,0,0.9813,0.953,-269.07,1.292,4,0,0,0.002729,9.553092,1,129.41,0.00919,1,0,0,1,0
CRG-2026-000171,2104.53,8,7,1750.35,0.723,0,0,0,1868,0.377,0,1849.06,2113292.62,2113.92,0,1.2023,1.1382,354.18,5.114,0,0,0,0.000996,7.652322,1,9.4,0.00446,0,1,0,1,0
CRG-2026-000172,5726.2,16,3,4598.25,0.876,0,0,0,5162,0.003,0,4913.37,4115836.13,5697.76,0,1.2453,1.1654,1127.95,14.133,0,0,0,0.001391,8.652983,1,28.45,0.00497,0,1,0,0,1
CRG-2026-000173,2620.63,11,8,3173.34,-0.622,0,0,0,434,0.243,0,3353.81,3967642.38,2617.21,0,0.8258,0.7814,-552.71,1.188,3,0,0,0.000661,7.871553,1,3.42,0.00131,0,1,0,1,0
CRG-2026-000174,3270.29,20,5,3119.52,0.173,0,0,0,2070,0.173,0,3165.13,1235604.32,3229.38,0,1.0483,1.0332,150.77,5.667,6,1,1,0.002647,8.09294,1,40.9,0.01251,0,1,0,1,0
CRG-2026-000175,1221.38,12,4,1633.07,-0.9,0,0,0,809,0.539,0,1562.43,3495793.04,1224.35,0,0.7479,0.7817,-411.69,2.215,0,0,0,0.000349,7.108556,1,2.97,0.00243,1,0,0,1,0
CRG-2026-000176,2252.15,15,11,3877.27,-1.497,0,0,0,1808,0.15,0,3817.59,2430754.82,2288.74,0,0.5809,0.5899,-1625.12,4.95,0,0,0,0.000927,7.720083,1,36.6,0.01625,1,0,0,1,0
CRG-2026-000177,3441.17,6,5,3119.52,0.368,0,0,0,2070,0.173,0,3101.89,1174930.51,3439.28,0,1.1031,1.1094,321.65,5.667,4,0,1,0.002929,8.143857,1,1.89,0.00055,0,1,0,0,1
CRG-2026-000178,3827.22,18,7,3877.27,-0.046,0,0,0,1808,0.15,0,3652.14,4114429.87,3871.36,0,0.9871,1.0479,-50.04,4.95,4,0,0,0.00093,8.250156,1,44.14,0.01153,1,0,0,1,0
CRG-2026-000179,2533.5,11,8,2765.16,-0.299,0,0,0,4667,0.31,0,2627.47,1136196.87,0.0,0,0.9162,0.9642,-231.66,12.778,0,0,0,0.00223,7.837751,0,0.0,0.0,1,0,0,1,0
CRG-2026-000180,1495.45,17,11,1750.35,-0.52,0,0,0,1868,0.377,0,1685.66,2564752.28,1495.22,0,0.8544,0.8872,-254.9,5.114,6,1,0,0.000583,7.31085,1,0.23,0.00015,1,0,0,1,0
CRG-2026-000181,5163.02,11,5,5900.29,-0.446,0,0,0,1044,0.004,0,6325.74,3553524.57,5113.7,0,0.875,0.8162,-737.27,2.858,1,0,0,0.001453,8.549471,1,49.33,0.00955,0,1,0,1,0
CRG-2026-000182,4635.55,7,3,5794.49,-0.714,0,0,0,1971,0.109,0,6169.95,1029328.33,4617.8,0,0.8,0.7513,-1158.95,5.396,0,0,1,0.004503,8.441725,1,17.75,0.00383,1,0,0,1,0
CRG-2026-000183,3339.58,12,8,3268.75,0.077,0,0,0,877,0.957,1,3128.02,1594481.42,3327.5,0,1.0217,1.0676,70.83,2.401,1,0,0,0.002094,8.113899,1,12.08,0.00362,1,0,0,1,0
CRG-2026-000184,531.97,18,5,541.91,-0.066,0,0,0,1144,0.069,0,551.45,1829201.12,0.0,0,0.9817,0.9647,-9.94,3.132,1,0,0,0.000291,6.278467,0,0.0,0.0,1,0,0,0,1
CRG-2026-000185,913.57,8,9,870.72,0.176,0,0,0,2216,0.404,0,838.6,5452957.51,925.7,0,1.0492,1.0894,42.85,6.067,6,1,0,0.000168,6.818451,1,12.13,0.01328,0,1,0,1,0
CRG-2026-000186,1383.82,17,5,1112.97,0.869,0,0,0,4992,0.173,0,1103.58,4567603.4,1395.18,0,1.2434,1.2539,270.85,13.667,0,0,0,0.000303,7.233327,1,11.35,0.0082,1,0,0,1,0
CRG-2026-000187,2070.58,17,7,2666.64,-0.798,0,0,0,3674,0.2,0,2464.57,5130828.18,2077.37,0,0.7765,0.8401,-596.05,10.059,3,0,0,0.000404,7.636068,1,6.79,0.00328,0,1,0,1,0
CRG-2026-000188,6518.4,0,3,3173.34,3.765,0,0,1,434,0.243,0,3129.13,1162651.35,6536.65,0,2.0541,2.0831,3345.06,1.188,6,1,1,0.005606,8.782538,1,18.25,0.0028,1,0,0,0,1
CRG-2026-000189,983.64,17,6,1083.24,-0.328,0,0,0,1380,0.977,0,1036.14,5032063.59,993.11,0,0.908,0.9493,-99.6,3.778,6,1,0,0.000195,6.892274,1,9.47,0.00963,0,0,1,1,0
CRG-2026-000190,12745.26,7,7,12565.38,0.051,0,0,0,2353,0.05,0,12023.83,906746.17,0.0,0,1.0143,1.06,179.88,6.442,5,1,1,0.014056,9.452993,0,0.0,0.0,0,1,0,0,1
CRG-2026-000191,11741.44,14,6,3900.12,7.18,0,0,0,2018,0.24,0,3823.38,3915127.25,11551.19,0,3.0105,3.071,7841.32,5.525,3,0,0,0.002999,9.370965,1,190.25,0.0162,0,1,0,1,0
CRG-2026-000192,5288.02,7,10,6328.56,-0.587,0,0,0,3190,0.341,0,6388.53,3861166.58,5319.2,0,0.8356,0.8277,-1040.54,8.734,4,0,1,0.00137,8.573388,1,31.18,0.0059,0,0,1,1,0
CRG-2026-000193,7626.74,15,9,7082.06,0.275,0,0,0,470,0.237,0,7538.02,2530151.47,7634.14,0,1.0769,1.0118,544.69,1.287,2,0,0,0.003014,8.939547,1,7.4,0.00097,1,0,0,1,0
CRG-2026-000194,2425.99,12,6,2280.07,0.229,0,0,0,4636,0.131,0,2402.87,2410919.04,0.0,0,1.064,1.0096,145.92,12.693,2,0,0,0.001006,7.794406,0,0.0,0.0,1,0,0,0,1
CRG-2026-000195,2775.44,16,4,2952.13,-0.214,0,0,0,1763,0.115,0,2996.35,3027201.29,2791.23,0,0.9401,0.9263,-176.69,4.827,3,0,0,0.000917,7.928926,1,15.78,0.00569,0,0,1,0,1
CRG-2026-000196,4757.75,20,5,5880.43,-0.682,0,0,0,1297,0.217,0,6093.71,2463869.24,4726.38,0,0.8091,0.7808,-1122.68,3.551,4,0,1,0.001931,8.46774,1,31.37,0.00659,0,0,1,1,0
CRG-2026-000197,1681.01,17,6,1681.15,-0.0,0,0,0,1390,0.561,0,1547.12,5466942.06,1668.88,0,0.9999,1.0865,-0.14,3.806,4,0,0,0.000307,7.427743,1,12.13,0.00722,1,0,0,1,0
CRG-2026-000198,3424.7,10,10,3437.32,-0.013,0,0,0,3523,0.252,0,3623.97,2715916.63,3413.63,0,0.9963,0.945,-12.62,9.645,6,1,0,0.001261,8.139061,1,11.07,0.00323,0,1,0,0,1
CRG-2026-000199,1441.42,7,11,1463.5,-0.054,0,0,0,2406,0.458,0,1570.75,4940143.63,1430.19,0,0.9849,0.9177,-22.08,6.587,4,0,1,0.000292,7.274075,1,11.22,0.00779,1,0,0,1,0
CRG-2026-000200,1549.19,7,9,1681.15,-0.28,0,0,0,1390,0.561,0,1570.02,987396.58,1535.66,0,0.9215,0.9867,-131.96,3.806,1,0,1,0.001569,7.346134,1,13.53,0.00874,0,1,0,0,1
CRG-2026-000201,7426.33,15,4,3268.75,4.543,0,0,0,877,0.957,1,3018.87,2356639.85,7499.59,0,2.2719,2.46,4157.58,2.401,1,0,0,0.003151,8.912921,1,73.26,0.00987,1,0,0,1,0
CRG-2026-000202,4176.69,8,4,1888.38,4.328,0,0,0,4749,0.464,0,1789.82,4441100.5,4193.95,0,2.2118,2.3336,2288.31,13.002,3,0,0,0.00094,8.337514,1,17.26,0.00413,1,0,0,0,1
CRG-2026-000203,1537.67,9,8,1543.34,-0.013,0,0,0,1179,0.03,0,1450.97,4559155.32,1532.45,0,0.9963,1.0598,-5.67,3.228,1,0,0,0.000337,7.338672,1,5.22,0.00339,1,0,0,0,1
CRG-2026-000204,3363.74,10,7,2666.64,0.934,0,0,0,3674,0.2,0,2614.43,4720104.42,3343.9,0,1.2614,1.2866,697.1,10.059,5,1,0,0.000713,8.121106,1,19.84,0.0059,1,0,0,0,1
CRG-2026-000205,1055.44,18,8,1131.62,-0.24,0,0,0,3708,0.485,0,1158.8,2551477.65,1050.63,0,0.9327,0.9108,-76.19,10.152,3,0,0,0.000414,6.962658,1,4.81,0.00455,0,1,0,0,1
CRG-2026-000206,3651.26,14,8,4263.55,-0.513,0,0,0,4909,0.271,0,4055.64,3221841.49,0.0,0,0.8564,0.9003,-612.29,13.44,0,0,0,0.001133,8.203101,0,0.0,0.0,0,0,1,0,1
CRG-2026-000207,746.14,11,11,715.8,0.151,0,0,0,4233,0.427,0,737.11,4622256.35,749.14,0,1.0424,1.0122,30.33,11.589,2,0,0,0.000161,6.616249,1,3.0,0.00402,1,0,0,1,0
CRG-2026-000208,6121.26,11,2,3268.75,3.117,0,0,0,877,0.957,1,3374.68,3982318.72,6178.03,0,1.8727,1.8139,2852.51,2.401,4,0,0,0.001537,8.719686,1,56.77,0.00927,1,0,0,0,1
CRG-2026-000209,2574.43,13,6,2280.07,0.461,0,0,0,4636,0.131,0,2428.07,4008242.06,2533.92,0,1.1291,1.0603,294.36,12.693,6,1,0,0.000642,7.853772,1,40.51,0.01573,1,0,0,1,0
CRG-2026-000210,2036.19,18,8,2514.38,-0.679,0,0,0,2864,0.266,0,2313.68,1001900.4,2036.36,0,0.8098,0.8801,-478.19,7.841,2,0,0,0.002032,7.619325,1,0.17,9e-05,1,0,0,1,0
CRG-2026-000211,1220.33,16,5,1186.3,0.102,0,0,0,3203,0.608,0,1207.56,2335379.66,1215.48,0,1.0287,1.0106,34.03,8.769,2,0,0,0.000523,7.107698,1,4.85,0.00398,0,0,1,0,1
CRG-2026-000212,2531.55,12,5,880.32,6.699,0,1,0,2400,0.569,0,928.64,1861146.51,2523.73,0,2.8757,2.7261,1651.23,6.571,6,1,0,0.00136,7.836981,1,7.82,0.00309,0,1,0,0,1
CRG-2026-000213,617.82,16,8,579.09,0.239,0,0,0,861,0.111,0,607.38,1772797.23,615.11,0,1.0669,1.0172,38.73,2.357,4,0,0,0.000348,6.427812,1,2.71,0.00439,1,0,0,0,1
CRG-2026-000214,1035.49,16,10,880.32,0.63,0,0,0,2400,0.469,0,897.59,3706021.05,1033.63,0,1.1763,1.1536,155.17,6.571,6,1,0,0.000279,6.943595,1,1.86,0.0018,1,0,0,1,0
CRG-2026-000215,3784.23,10,10,7082.06,-1.663,0,0,0,470,0.237,0,6832.14,5346648.69,3756.96,0,0.5343,0.5539,-3297.83,1.287,1,0,0,0.000708,8.238862,1,27.27,0.00721,0,1,0,0,1
CRG-2026-000216,7566.37,10,9,7142.06,0.212,0,0,0,2983,0.191,0,7392.69,2369246.03,7494.14,0,1.0594,1.0235,424.31,8.167,0,0,0,0.003194,8.9316,1,72.22,0.00955,1,0,0,0,1
CRG-2026-000217,1230.92,14,8,1162.52,0.21,0,0,0,2459,0.557,0,1188.19,4926779.33,1235.51,0,1.0588,1.036,68.41,6.732,6,1,0,0.00025,7.116333,1,4.59,0.00373,1,0,0,0,1
CRG-2026-000218,2344.59,11,6,2335.05,0.015,0,0,0,1568,0.578,0,2167.66,3304455.56,2341.27,0,1.0041,1.0816,9.53,4.293,4,0,0,0.00071,7.760292,1,3.32,0.00141,1,0,0,1,0
CRG-2026-000219,10406.69,18,7,12169.6,-0.517,0,0,0,3159,0.132,0,12670.11,2673506.27,0.0,0,0.8551,0.8214,-1762.9,8.649,1,0,0,0.003893,9.250301,0,0.0,0.0,1,0,0,1,0
CRG-2026-000220,7670.44,11,5,6614.4,0.57,0,0,0,1181,0.157,0,6460.14,2749961.01,7756.59,0,1.1597,1.1873,1056.04,3.233,3,0,0,0.002789,8.94526,1,86.15,0.01123,1,0,0,1,0
CRG-2026-000221,2723.02,10,6,2335.05,0.593,0,0,0,1568,0.578,0,2394.6,3807387.6,2691.17,0,1.1662,1.1372,387.97,4.293,2,0,0,0.000715,7.909866,1,31.85,0.0117,0,1,0,0,1
CRG-2026-000222,2192.9,14,16,2147.76,0.075,0,0,0,809,0.191,0,2247.79,2913240.45,2172.32,0,1.021,0.9756,45.13,2.215,3,0,0,0.000753,7.693435,1,20.57,0.00938,0,1,0,1,0
CRG-2026-000223,4428.11,13,5,4576.26,-0.116,0,0,0,4219,0.195,0,4750.31,3277799.74,0.0,0,0.9676,0.9322,-148.15,11.551,3,0,0,0.001351,8.395953,0,0.0,0.0,0,1,0,1,0
CRG-2026-000224,5020.35,12,7,5794.49,-0.477,0,0,0,1971,0.109,0,6243.51,1846137.03,5021.15,0,0.8664,0.8041,-774.14,5.396,5,1,0,0.002719,8.521454,1,0.8,0.00016,0,0,1,0,1
CRG-2026-000225,4283.29,18,12,4220.49,0.053,0,0,0,894,0.321,0,3945.88,3128658.35,4313.34,0,1.0149,1.0855,62.8,2.448,2,0,0,0.001369,8.362711,1,30.05,0.00702,1,0,0,0,1
CRG-2026-000226,3478.55,9,8,3623.36,-0.143,0,0,0,3160,0.319,0,3358.18,1694691.41,3517.43,0,0.96,1.0358,-144.81,8.652,3,0,0,0.002053,8.15466,1,38.88,0.01118,0,1,0,1,0
CRG-2026-000227,4183.83,16,7,3499.42,0.698,0,0,0,4503,0.178,0,3582.87,4048371.88,4205.54,0,1.1956,1.1677,684.41,12.329,4,0,0,0.001033,8.339221,1,21.71,0.00519,1,0,0,1,0
CRG-2026-000228,1545.02,20,4,1444.88,0.248,0,0,0,3135,0.059,0,1352.93,3873458.46,1559.64,0,1.0693,1.142,100.15,8.583,5,1,1,0.000399,7.34344,1,14.62,0.00946,1,0,0,0,1
CRG-2026-000229,893.65,14,7,1001.23,-0.384,0,0,0,953,0.882,0,934.88,2113125.11,905.69,0,0.8926,0.9559,-107.58,2.609,4,0,0,0.000423,6.796434,1,12.04,0.01347,1,0,0,0,1
CRG-2026-000230,6221.71,14,8,5794.49,0.263,0,0,0,1971,0.109,0,5469.9,5006073.02,6179.53,0,1.0737,1.1374,427.22,5.396,4,0,0,0.001243,8.735961,1,42.18,0.00678,1,0,0,1,0
CRG-2026-000231,5636.38,14,8,5493.7,0.093,0,0,0,3247,0.213,0,5350.74,2391963.32,5680.3,0,1.026,1.0534,142.69,8.89,5,1,0,0.002356,8.637175,1,43.92,0.00779,1,0,0,1,0
CRG-2026-000232,540.67,9,6,661.76,-0.653,0,0,0,3279,0.271,0,691.51,4729954.71,537.59,0,0.817,0.7819,-121.08,8.977,0,0,0,0.000114,6.294664,1,3.08,0.0057,0,1,0,0,1
CRG-2026-000233,2442.7,8,6,4213.93,-1.501,0,0,0,951,0.32,0,4217.09,5480803.69,2476.06,0,0.5797,0.5792,-1771.23,2.604,2,0,0,0.000446,7.801267,1,33.37,0.01366,0,0,1,1,0
CRG-2026-000234,11419.91,7,4,12001.17,-0.173,0,0,0,3359,0.129,0,12534.31,2240452.36,11490.16,0,0.9516,0.9111,-581.26,9.196,3,0,1,0.005097,9.343201,1,70.25,0.00615,1,0,0,1,0
CRG-2026-000235,8785.33,13,7,8918.07,-0.053,0,0,0,5029,0.167,0,8714.39,4094263.49,8823.33,0,0.9851,1.0081,-132.74,13.769,4,0,0,0.002146,9.080953,1,38.0,0.00433,1,0,0,1,0
CRG-2026-000236,281.78,12,7,235.33,0.581,0,0,0,602,0.333,0,237.92,4355263.06,280.13,0,1.1974,1.1844,46.46,1.648,0,0,0,6.5e-05,5.644685,1,1.66,0.00588,1,0,0,1,0
CRG-2026-000237,1680.31,18,8,1487.06,0.464,0,0,0,2095,0.468,0,1490.59,4480199.01,1688.0,0,1.13,1.1273,193.25,5.736,5,1,0,0.000375,7.427328,1,7.69,0.00457,1,0,0,1,0
CRG-2026-000238,15899.03,13,6,12001.17,1.16,0,0,0,3359,0.129,0,11360.25,1355151.95,16145.71,0,1.3248,1.3995,3897.85,9.196,5,1,0,0.011732,9.674076,1,246.68,0.01552,1,0,0,0,1
CRG-2026-000239,1320.26,14,5,1162.52,0.485,0,0,0,2459,0.557,0,1120.84,3410442.38,1311.26,0,1.1357,1.1779,157.74,6.732,1,0,0,0.000387,7.186339,1,8.99,0.00681,1,0,0,1,0
CRG-2026-000240,796.91,11,10,694.72,0.525,0,0,0,3349,0.114,0,657.96,4654251.77,788.24,0,1.1471,1.2112,102.19,9.169,3,0,0,0.000171,6.681994,1,8.67,0.01088,1,0,0,0,1
CRG-2026-000241,2193.05,17,7,2335.05,-0.217,0,0,0,1568,0.578,0,2365.12,4316326.02,0.0,0,0.9392,0.9272,-142.0,4.293,2,0,0,0.000508,7.693506,0,0.0,0.0,1,0,0,1,0
CRG-2026-000242,3255.48,7,14,2952.13,0.367,0,0,0,1763,0.115,0,3070.54,5346132.55,3278.3,0,1.1028,1.0602,303.35,4.827,5,1,1,0.000609,8.088402,1,22.82,0.00701,1,0,0,1,0
CRG-2026-000243,1027.87,12,4,1090.14,-0.204,0,0,0,3502,0.575,0,1121.15,2837121.5,1024.47,0,0.9429,0.9168,-62.28,9.588,3,0,0,0.000362,6.936212,1,3.4,0.00331,0,1,0,1,0
CRG-2026-000244,571.74,7,5,480.41,0.679,0,0,0,255,0.194,0,504.69,2428271.81,565.72,0,1.1901,1.1329,91.33,0.698,2,0,1,0.000235,6.350437,1,6.02,0.01053,0,1,0,0,1
CRG-2026-000245,2674.9,15,14,2952.13,-0.335,0,0,0,1763,0.115,0,2848.64,2859230.63,2641.95,0,0.9061,0.939,-277.23,4.827,0,0,0,0.000936,7.89204,1,32.95,0.01232,1,0,0,1,0
CRG-2026-000246,1028.55,8,5,1083.24,-0.18,0,0,0,1380,0.977,0,1042.26,2410462.63,1034.06,0,0.9495,0.9868,-54.69,3.778,4,0,0,0.000427,6.936878,1,5.51,0.00535,1,0,0,0,1
CRG-2026-000247,1263.16,14,6,1249.54,0.039,0,0,0,1450,0.297,0,1345.77,3450164.57,1259.69,0,1.0109,0.9386,13.62,3.97,4,0,0,0.000366,7.142162,1,3.47,0.00275,0,1,0,1,0
CRG-2026-000248,1330.78,15,8,1304.98,0.071,0,0,0,572,0.527,0,1325.92,5076753.58,1326.31,0,1.0198,1.0037,25.8,1.566,2,0,0,0.000262,7.194274,1,4.47,0.00336,0,0,1,1,0
CRG-2026-000249,24212.92,11,3,8759.74,6.3,1,0,0,3258,0.385,0,8180.22,3112886.81,24031.46,0,2.7641,2.9599,15453.18,8.92,6,1,0,0.007778,10.094683,1,181.46,0.00749,1,0,0,0,1
CRG-2026-000250,1203.38,21,8,1131.62,0.226,0,0,0,3708,0.485,0,1067.2,4339369.91,1187.68,0,1.0634,1.1276,71.76,10.152,4,0,1,0.000277,7.093723,1,15.7,0.01305,1,0,0,1,0
CRG-2026-000251,2442.8,9,8,2295.95,0.228,0,0,0,3799,0.046,0,2191.5,5557981.97,2417.39,0,1.064,1.1147,146.85,10.401,0,0,0,0.00044,7.801308,1,25.41,0.0104,1,0,0,0,1
CRG-2026-000252,2337.47,18,8,2280.07,0.09,0,0,0,4636,0.131,0,2211.59,5343458.05,2346.63,0,1.0252,1.0569,57.4,12.693,3,0,0,0.000437,7.757252,1,9.16,0.00392,0,1,0,0,1
CRG-2026-000253,1329.87,20,5,1186.3,0.432,0,0,0,3203,0.608,0,1200.47,4702848.1,1336.24,0,1.121,1.1078,143.57,8.769,1,0,1,0.000283,7.193587,1,6.38,0.00479,1,0,0,0,1
CRG-2026-000254,867.43,15,6,903.17,-0.141,0,0,0,3016,0.309,0,963.51,3046253.76,869.59,0,0.9604,0.9003,-35.75,8.257,4,0,0,0.000285,6.766682,1,2.17,0.0025,0,0,1,1,0
CRG-2026-000255,920.97,18,10,837.08,0.358,0,0,0,2929,0.379,0,879.4,5072301.14,910.18,0,1.1002,1.0473,83.89,8.019,5,1,0,0.000182,6.826514,1,10.79,0.01172,0,1,0,0,1
CRG-2026-000256,1261.61,11,9,1304.98,-0.119,0,0,0,572,0.527,0,1389.08,5281688.92,0.0,0,0.9668,0.9082,-43.37,1.566,5,1,0,0.000239,7.140937,0,0.0,0.0,1,0,0,0,1
CRG-2026-000257,16771.32,12,4,17151.31,-0.079,0,0,0,238,0.291,0,17190.68,1727751.56,16644.55,0,0.9778,0.9756,-380.0,0.652,6,1,0,0.009707,9.727485,1,126.77,0.00756,1,0,0,0,1
CRG-2026-000258,4160.69,15,4,4220.49,-0.051,0,0,0,894,0.321,0,3956.19,1496585.87,4078.61,0,0.9858,1.0517,-59.81,2.448,4,0,0,0.00278,8.333676,1,82.07,0.01973,0,0,1,0,1
CRG-2026-000259,1493.28,15,2,1410.61,0.209,0,0,0,2741,0.105,0,1422.49,3735580.29,1495.7,0,1.0586,1.0498,82.67,7.504,3,0,0,0.0004,7.309402,1,2.41,0.00162,1,0,0,0,1
CRG-2026-000260,1948.12,8,15,1944.61,0.006,0,0,0,4423,0.142,0,1890.68,4428486.74,1936.1,0,1.0018,1.0304,3.5,12.11,1,0,0,0.00044,7.575132,1,12.02,0.00617,1,0,0,0,1
CRG-2026-000261,10535.25,14,3,3268.75,7.939,0,0,0,877,0.957,1,3266.94,3768306.7,10503.36,0,3.223,3.2248,7266.5,2.401,0,0,0,0.002796,9.262577,1,31.89,0.00303,0,0,1,0,1
CRG-2026-000262,4561.34,9,7,5880.43,-0.801,0,0,0,1297,0.217,0,5910.33,1832246.53,0.0,0,0.7757,0.7718,-1319.08,3.551,1,0,0,0.002489,8.425592,0,0.0,0.0,0,1,0,1,0
CRG-2026-000263,1072.38,15,5,1304.98,-0.637,0,0,0,572,0.527,0,1239.27,5401453.5,1062.43,0,0.8218,0.8653,-232.59,1.566,3,0,0,0.000199,6.978571,1,9.95,0.00928,0,1,0,1,0
CRG-2026-000264,4166.07,7,17,4263.55,-0.082,0,0,0,4909,0.271,0,4562.96,1987505.89,4194.7,0,0.9771,0.913,-97.48,13.44,6,1,1,0.002096,8.334968,1,28.63,0.00687,1,0,0,1,0
CRG-2026-000265,2752.18,14,8,2490.17,0.376,0,0,0,1082,0.461,0,2337.24,4674400.38,2740.71,0,1.1052,1.1775,262.01,2.962,3,0,0,0.000589,7.920511,1,11.47,0.00417,1,0,0,1,0
CRG-2026-000266,627.54,10,7,613.61,0.081,0,0,0,3260,0.421,0,631.92,4399362.76,628.07,0,1.0227,0.9931,13.93,8.925,3,0,0,0.000143,6.443395,1,0.53,0.00084,0,1,0,1,0
CRG-2026-000267,3079.78,8,10,2975.37,0.125,0,0,0,1769,0.245,0,3154.55,4194842.92,3076.0,0,1.0351,0.9763,104.41,4.843,4,0,0,0.000734,8.032939,1,3.78,0.00123,1,0,0,0,1
CRG-2026-000268,3515.94,20,6,3657.74,-0.138,0,0,0,561,0.353,0,3379.08,3402374.31,3515.32,0,0.9612,1.0405,-141.81,1.536,0,0,1,0.001033,8.165346,1,0.62,0.00018,0,0,1,0,1
CRG-2026-000269,2615.55,13,6,3550.23,-0.94,0,0,0,3124,0.123,0,3617.84,3067970.51,2619.12,0,0.7367,0.723,-934.68,8.553,6,1,0,0.000853,7.869611,1,3.57,0.00136,1,0,0,1,0
CRG-2026-000270,4660.11,16,8,4213.93,0.378,0,0,0,951,0.32,0,4108.69,4211826.19,4652.33,0,1.1059,1.1342,446.18,2.604,0,0,0,0.001106,8.447009,1,7.78,0.00167,1,0,0,0,1
CRG-2026-000271,3556.52,18,8,3477.72,0.081,0,0,0,806,0.088,0,3662.95,3396081.53,0.0,0,1.0227,0.9709,78.8,2.207,1,0,0,0.001047,8.176818,0,0.0,0.0,0,1,0,1,0
CRG-2026-000272,177.08,18,9,235.33,-0.728,0,0,0,602,0.333,0,218.61,808822.36,176.9,0,0.7525,0.81,-58.25,1.648,1,0,0,0.000219,5.18224,1,0.18,0.00103,1,0,0,0,1
CRG-2026-000273,4895.51,18,3,3499.42,1.425,0,0,0,4503,0.178,0,3330.57,5084128.67,4917.78,0,1.399,1.4699,1396.09,12.329,0,0,0,0.000963,8.496278,1,22.27,0.00455,1,0,0,0,1
CRG-2026-000274,4095.41,11,10,3632.63,0.455,0,0,0,2588,0.307,0,3671.13,4695196.13,4106.95,0,1.1274,1.1156,462.78,7.086,3,0,0,0.000872,8.317867,1,11.54,0.00282,1,0,0,0,1
CRG-2026-000275,1137.81,15,7,1162.52,-0.076,0,0,0,2459,0.557,0,1106.29,5000088.98,1118.7,0,0.9787,1.0285,-24.71,6.732,0,0,0,0.000228,7.037738,1,19.11,0.0168,0,1,0,0,1
CRG-2026-000276,969.84,9,6,1112.97,-0.459,0,0,0,4992,0.173,0,1071.05,1602179.45,964.37,0,0.8714,0.9055,-143.13,13.667,3,0,0,0.000605,6.878167,1,5.48,0.00565,1,0,0,1,0
CRG-2026-000277,6905.74,8,7,5900.29,0.609,0,0,0,1044,0.004,0,5631.65,5344124.83,6816.33,0,1.1704,1.2262,1005.45,2.858,2,0,0,0.001292,8.840253,1,89.41,0.01295,0,0,1,0,1
CRG-2026-000278,735.19,9,9,715.8,0.097,0,0,0,4233,0.427,0,690.57,2373156.63,735.72,0,1.0271,1.0646,19.39,11.589,2,0,0,0.00031,6.601489,1,0.53,0.00073,0,1,0,0,1
CRG-2026-000279,4520.59,15,4,3405.33,1.17,0,0,0,3812,0.931,1,3454.72,3932603.05,4578.61,0,1.3275,1.3085,1115.26,10.437,5,1,0,0.00115,8.416619,1,58.02,0.01283,1,0,0,0,1
CRG-2026-000280,1145.3,15,9,1131.62,0.043,0,0,0,3708,0.485,0,1171.67,4727258.98,1144.13,0,1.0121,0.9775,13.67,10.152,4,0,0,0.000242,7.044292,1,1.17,0.00102,0,1,0,1,0
CRG-2026-000281,3212.69,3,3,2295.95,1.426,1,0,1,3799,0.166,0,2335.12,1474609.27,3195.83,0,1.3993,1.3758,916.75,10.401,3,0,1,0.002179,8.075177,1,16.86,0.00525,0,0,1,0,1
CRG-2026-000282,4149.76,12,7,4039.45,0.098,0,0,0,63,0.112,0,4165.54,2632089.13,0.0,0,1.0273,0.9962,110.3,0.172,4,0,0,0.001577,8.331046,0,0.0,0.0,0,0,1,0,1
CRG-2026-000283,260.92,12,5,235.33,0.32,0,0,0,602,0.333,0,223.14,2009122.35,259.54,0,1.1087,1.1693,25.59,1.648,1,0,0,0.00013,5.568027,1,1.37,0.00526,0,1,0,0,1
CRG-2026-000284,2375.65,11,8,1944.61,0.792,0,0,0,4423,0.142,0,1837.54,814853.87,2376.87,0,1.2217,1.2928,431.03,12.11,4,0,0,0.002915,7.773445,1,1.23,0.00052,1,0,0,0,1
CRG-2026-000285,3354.95,12,7,3868.31,-0.474,0,0,0,3030,0.249,0,3565.68,2462361.72,3384.86,0,0.8673,0.9409,-513.36,8.296,2,0,0,0.001362,8.118489,1,29.91,0.00892,1,0,0,1,0
CRG-2026-000286,2473.64,10,4,2203.78,0.437,0,0,0,3100,0.317,0,2034.41,2510277.04,2484.18,0,1.1225,1.2159,269.86,8.487,3,0,0,0.000985,7.81385,1,10.54,0.00426,0,1,0,1,0
CRG-2026-000287,4789.43,8,10,6061.38,-0.749,0,0,0,622,0.193,0,5899.31,2728624.79,4753.47,0,0.7902,0.8119,-1271.95,1.703,4,0,0,0.001755,8.474376,1,35.96,0.00751,1,0,0,1,0
CRG-2026-000288,1005.02,9,10,919.61,0.332,0,0,0,1769,0.327,0,943.17,4084591.99,1011.32,0,1.0929,1.0656,85.41,4.843,2,0,0,0.000246,6.913759,1,6.3,0.00626,0,1,0,0,1
CRG-2026-000289,13008.38,15,8,14356.25,-0.335,0,0,0,472,0.21,0,13418.27,3606411.26,12928.13,0,0.9061,0.9695,-1347.86,1.292,3,0,0,0.003607,9.473426,1,80.26,0.00617,0,0,1,0,1
CRG-2026-000290,11649.07,17,5,11497.98,0.047,0,0,0,2149,0.041,0,12039.44,2797374.92,11736.85,0,1.0131,0.9676,151.09,5.884,5,1,0,0.004164,9.363067,1,87.78,0.00754,1,0,0,1,0
CRG-2026-000291,1359.2,11,7,1112.97,0.79,0,0,0,4992,0.173,0,1047.41,2066596.33,1355.66,0,1.2212,1.2977,246.23,13.667,5,1,0,0.000658,7.215387,1,3.54,0.0026,1,0,0,1,0
CRG-2026-000292,951.5,16,10,1112.97,-0.518,0,0,0,4992,0.173,0,1167.33,1760586.82,966.2,0,0.8549,0.8151,-161.48,13.667,0,0,0,0.00054,6.859086,1,14.7,0.01545,1,0,0,1,0
CRG-2026-000293,1368.43,15,6,1487.06,-0.285,0,0,0,2095,0.468,0,1375.7,2960038.95,1370.3,0,0.9202,0.9947,-118.64,5.736,2,0,0,0.000462,7.222149,1,1.87,0.00136,0,1,0,1,0
CRG-2026-000294,2361.99,15,7,2678.53,-0.422,0,0,0,3507,0.521,0,2481.85,4964056.77,2371.99,0,0.8818,0.9517,-316.54,9.602,0,0,0,0.000476,7.767684,1,10.0,0.00423,1,0,0,1,0
CRG-2026-000295,4476.36,1,5,1888.38,4.895,0,1,1,4749,0.564,0,1801.9,3131189.5,4450.73,0,2.3705,2.4842,2587.98,13.002,2,0,1,0.00143,8.40679,1,25.64,0.00573,1,0,0,0,1
CRG-2026-000296,614.3,13,3,613.61,0.004,0,0,0,3260,0.421,0,581.86,3017890.7,0.0,0,1.0011,1.0557,0.69,8.925,4,0,0,0.000204,6.422107,0,0.0,0.0,0,1,0,1,0
CRG-2026-000297,1538.51,13,3,1410.61,0.324,0,0,0,2741,0.105,0,1442.28,1549178.78,1541.35,0,1.0907,1.0667,127.9,7.504,4,0,0,0.000993,7.339222,1,2.84,0.00185,1,0,0,1,0
CRG-2026-000298,2506.8,17,9,2399.05,0.16,0,0,0,2979,0.306,0,2209.23,1672850.01,2507.93,0,1.0449,1.1347,107.75,8.156,4,0,0,0.001499,7.827162,1,1.13,0.00045,0,1,0,1,0
CRG-2026-000299,3669.73,17,4,4263.55,-0.497,0,0,0,4909,0.271,0,4044.48,3329503.21,3656.45,0,0.8607,0.9073,-593.81,13.44,6,1,0,0.001102,8.208147,1,13.28,0.00362,1,0,0,1,0
CRG-2026-000300,5260.22,15,9,4598.25,0.514,0,0,0,5162,0.003,0,4952.95,3792776.24,5327.31,0,1.144,1.062,661.97,14.133,6,1,0,0.001387,8.568119,1,67.08,0.01275,0,1,0,0,1
CRG-2026-000301,1999.95,6,6,2295.95,-0.46,0,0,0,3799,0.046,0,2370.52,1883918.07,1975.65,0,0.8711,0.8437,-296.0,10.401,5,1,1,0.001062,7.601378,1,24.31,0.01215,0,1,0,0,1
CRG-2026-000302,4516.26,15,4,3868.31,0.598,0,0,0,3030,0.249,0,3944.65,4208013.9,4518.98,0,1.1675,1.1449,647.95,8.296,1,0,0,0.001073,8.41566,1,2.72,0.0006,0,0,1,0,1
CRG-2026-000303,19375.66,13,6,21345.86,-0.33,0,0,0,2664,0.709,0,20983.36,5448365.28,19164.8,0,0.9077,0.9234,-1970.19,7.294,1,0,0,0.003556,9.871825,1,210.86,0.01088,1,0,0,1,0
CRG-2026-000304,6071.71,13,5,5018.71,0.749,0,0,0,4243,0.245,0,4902.56,1435214.88,0.0,0,1.2098,1.2385,1053.01,11.617,5,1,0,0.004231,8.711561,0,0.0,0.0,1,0,0,1,0
CRG-2026-000305,6356.83,6,7,5900.29,0.276,0,0,0,1044,0.004,0,6009.73,3531457.57,6307.08,0,1.0774,1.0578,456.54,2.858,2,0,1,0.0018,8.757443,1,49.75,0.00783,0,1,0,1,0
CRG-2026-000306,6302.59,15,4,6671.21,-0.197,0,0,0,1985,0.816,0,6354.96,2774739.09,6297.22,0,0.9447,0.9918,-368.62,5.435,0,0,0,0.002271,8.748874,1,5.36,0.00085,1,0,0,0,1
CRG-2026-000307,2027.5,10,9,2666.64,-0.856,0,0,0,3674,0.2,0,2520.66,5000401.01,2039.13,0,0.7603,0.8044,-639.14,10.059,0,0,0,0.000405,7.615051,1,11.63,0.00574,1,0,0,0,1
CRG-2026-000308,4293.03,13,11,5018.71,-0.516,0,0,0,4243,0.245,0,5401.26,3522279.14,4338.06,0,0.8554,0.7948,-725.68,11.617,2,0,0,0.001219,8.36498,1,45.03,0.01049,1,0,0,0,1
CRG-2026-000309,973.13,13,5,880.32,0.377,0,0,0,2400,0.469,0,865.7,2627931.01,977.93,0,1.1054,1.1241,92.81,6.571,0,0,0,0.00037,6.881545,1,4.8,0.00493,1,0,0,0,1
CRG-2026-000310,9568.27,18,8,8438.4,0.478,0,0,0,3128,0.323,0,8570.94,842400.41,9520.89,0,1.1339,1.1164,1129.87,8.564,1,0,0,0.011358,9.166312,1,47.38,0.00495,0,1,0,1,0
CRG-2026-000311,4433.72,7,8,4128.64,0.264,0,0,0,1409,0.381,0,3800.68,4418535.47,4440.08,0,1.0739,1.1666,305.08,3.858,6,1,1,0.001003,8.39722,1,6.36,0.00143,0,1,0,0,1
CRG-2026-000312,8153.26,13,9,7398.44,0.364,0,0,0,1300,0.256,0,7587.47,1751058.17,8224.72,0,1.102,1.0746,754.82,3.559,1,0,0,0.004656,9.006295,1,71.46,0.00876,1,0,0,0,1
CRG-2026-000313,6933.6,17,10,6067.52,0.51,0,0,0,5074,0.127,0,6105.34,4299227.93,7055.93,0,1.1427,1.1357,866.09,13.892,5,1,0,0.001613,8.844279,1,122.32,0.01764,1,0,0,1,0
CRG-2026-000314,8275.91,13,5,9500.41,-0.46,0,0,0,104,0.362,0,9434.96,4394059.9,8270.55,0,0.8711,0.8772,-1224.51,0.285,5,1,0,0.001883,9.021224,1,5.36,0.00065,1,0,0,0,1
CRG-2026-000315,1914.52,17,5,2295.95,-0.593,0,0,0,3799,0.046,0,2157.61,5263687.15,1904.25,0,0.8339,0.8873,-381.42,10.401,1,0,0,0.000364,7.557747,1,10.27,0.00537,0,1,0,0,1
CRG-2026-000316,2353.77,10,8,2909.1,-0.682,0,0,0,203,0.22,0,2689.54,3536945.36,2353.26,0,0.8091,0.8752,-555.32,0.556,0,0,0,0.000665,7.764199,1,0.51,0.00022,1,0,0,0,1
CRG-2026-000317,10718.62,14,6,9500.41,0.458,0,0,0,104,0.362,0,8995.72,1857457.52,10685.73,0,1.1282,1.1915,1218.2,0.285,4,0,0,0.005771,9.279831,1,32.89,0.00307,1,0,0,1,0
CRG-2026-000318,1420.46,14,10,1410.61,0.025,0,0,0,2741,0.105,0,1301.93,1196427.49,1401.83,0,1.007,1.091,9.85,7.504,3,0,0,0.001187,7.259443,1,18.63,0.01312,1,0,0,1,0
CRG-2026-000319,1615.18,10,5,1272.84,0.961,0,0,0,2247,0.402,0,1317.05,2688244.88,1605.37,0,1.269,1.2264,342.34,6.152,6,1,0,0.000601,7.387821,1,9.81,0.00607,1,0,0,1,0
CRG-2026-000320,2863.7,11,6,3119.52,-0.293,0,0,0,2070,0.173,0,3302.84,1853586.24,2885.45,0,0.918,0.867,-255.82,5.667,1,0,0,0.001545,7.960217,1,21.76,0.0076,1,0,0,1,0
CRG-2026-000321,2433.67,12,1,1444.88,2.444,0,1,0,3135,0.159,0,1458.82,3485394.28,2444.51,0,1.6843,1.6683,988.79,8.583,4,0,0,0.000698,7.797566,1,10.84,0.00445,0,1,0,1,0
CRG-2026-000322,3341.96,16,10,3119.52,0.255,0,0,0,2070,0.173,0,3314.73,3079008.21,3322.03,0,1.0713,1.0082,222.45,5.667,1,0,0,0.001085,8.114613,1,19.93,0.00596,0,1,0,0,1
CRG-2026-000323,3115.67,16,9,3173.34,-0.065,0,0,0,434,0.243,0,2998.44,1273050.21,3126.82,0,0.9818,1.0391,-57.68,1.188,4,0,0,0.002447,8.04452,1,11.16,0.00358,1,0,0,0,1
CRG-2026-000324,18792.04,7,5,16700.8,0.447,0,0,0,3539,0.026,0,16140.26,1106949.87,18760.19,0,1.1252,1.1643,2091.24,9.689,2,0,1,0.016976,9.841242,1,31.85,0.00169,1,0,0,0,1
CRG-2026-000325,2009.49,12,8,2666.64,-0.88,0,0,0,3674,0.2,0,2521.54,2555744.47,2018.58,0,0.7536,0.7969,-657.15,10.059,5,1,0,0.000786,7.606133,1,9.09,0.00452,0,1,0,0,1
CRG-2026-000326,3622.97,17,7,3268.75,0.387,0,0,0,877,0.957,1,3208.97,789898.4,3634.61,0,1.1084,1.129,354.22,2.401,4,0,0,0.004587,8.195325,1,11.64,0.00321,0,0,1,0,1
CRG-2026-000327,3063.87,12,4,3437.32,-0.388,0,0,0,3523,0.252,0,3377.36,1701904.41,3059.94,0,0.8914,0.9072,-373.44,9.645,5,1,0,0.0018,8.027761,1,3.93,0.00128,1,0,0,0,1
CRG-2026-000328,1017.05,14,10,1249.54,-0.664,0,0,0,1450,0.297,0,1160.03,3220229.44,1014.38,0,0.8139,0.8767,-232.49,3.97,5,1,0,0.000316,6.925645,1,2.67,0.00263,0,1,0,0,1
CRG-2026-000329,1428.93,18,10,1249.54,0.513,0,0,0,1450,0.297,0,1349.01,4442828.92,0.0,0,1.1436,1.0592,179.39,3.97,0,0,0,0.000322,7.265379,0,0.0,0.0,0,1,0,1,0
CRG-2026-000330,1529.19,18,3,2444.8,-1.338,0,0,0,5020,0.113,0,2269.79,925300.07,1511.14,0,0.6255,0.6737,-915.61,13.744,1,0,0,0.001653,7.333146,1,18.05,0.0118,1,0,0,0,1
CRG-2026-000331,7273.72,15,8,6614.4,0.356,0,0,0,1181,0.157,0,6124.03,1666413.29,7267.62,0,1.0997,1.1877,659.31,3.233,6,1,0,0.004365,8.89216,1,6.1,0.00084,0,1,0,1,0
CRG-2026-000332,5961.83,16,3,6614.4,-0.352,0,0,0,1181,0.157,0,7106.38,1034247.89,5966.32,0,0.9013,0.8389,-652.58,3.233,4,0,0,0.005764,8.6933,1,4.5,0.00075,1,0,0,0,1
CRG-2026-000333,24452.66,14,7,26256.61,-0.245,0,0,0,2905,0.056,0,25976.42,1865054.06,24878.92,0,0.9313,0.9413,-1803.95,7.953,2,0,0,0.013111,10.104535,1,426.25,0.01743,1,0,0,1,0
CRG-2026-000334,3268.66,10,7,3657.74,-0.38,0,0,0,561,0.353,0,3468.79,4233761.22,3289.71,0,0.8936,0.9423,-389.08,1.536,5,1,0,0.000772,8.092441,1,21.05,0.00644,1,0,0,0,1
CRG-2026-000335,1892.92,7,13,1543.34,0.809,0,0,0,1179,0.03,0,1649.4,2391065.13,1867.36,0,1.2265,1.1476,349.58,3.228,1,0,1,0.000792,7.546402,1,25.55,0.0135,1,0,0,1,0
CRG-2026-000336,1862.12,5,8,2624.38,-1.037,0,0,0,1146,0.327,0,2473.66,5252321.43,1886.72,0,0.7095,0.7528,-762.26,3.138,1,0,1,0.000355,7.530008,1,24.6,0.01321,1,0,0,0,1
CRG-2026-000337,9072.31,15,2,3808.54,4.936,0,0,0,5162,0.206,0,4066.38,5098190.84,9086.8,0,2.3821,2.2311,5263.77,14.133,5,1,0,0.00178,9.113093,1,14.49,0.0016,1,0,0,0,1
CRG-2026-000338,920.75,12,8,849.9,0.298,0,0,0,1285,0.137,0,842.71,1039008.55,919.88,0,1.0834,1.0926,70.85,3.518,3,0,0,0.000886,6.826273,1,0.87,0.00094,1,0,0,1,0
CRG-2026-000339,4885.21,13,10,5934.05,-0.631,0,0,0,3835,0.143,0,6240.01,4000604.73,4880.16,0,0.8233,0.7829,-1048.84,10.5,1,0,0,0.001221,8.494172,1,5.05,0.00103,0,1,0,1,0
CRG-2026-000340,1381.88,14,9,1487.06,-0.253,0,0,0,2095,0.468,0,1534.57,4578672.76,1365.75,0,0.9293,0.9005,-105.19,5.736,3,0,0,0.000302,7.23192,1,16.12,0.01167,1,0,0,1,0
CRG-2026-000341,2181.53,9,6,2673.45,-0.657,0,0,0,4504,0.151,0,2775.2,4056713.86,2166.29,0,0.816,0.7861,-491.92,12.331,1,0,0,0.000538,7.688242,1,15.24,0.00699,0,0,1,1,0
CRG-2026-000342,653.93,13,8,694.72,-0.21,0,0,0,3349,0.114,0,713.2,1257429.31,658.06,0,0.9413,0.9169,-40.79,9.169,1,0,0,0.00052,6.484527,1,4.13,0.00631,1,0,0,0,1
CRG-2026-000343,633.31,12,2,715.8,-0.412,0,0,0,4233,0.427,0,745.57,2421427.28,637.02,0,0.8848,0.8494,-82.49,11.589,3,0,0,0.000262,6.452541,1,3.7,0.00585,1,0,0,1,0
CRG-2026-000344,3518.04,10,5,3886.72,-0.339,0,0,0,4722,0.193,0,3950.24,3456234.87,3456.26,0,0.9051,0.8906,-368.68,12.928,1,0,0,0.001018,8.165943,1,61.78,0.01756,1,0,0,0,1
CRG-2026-000345,3819.81,18,12,4333.36,-0.423,0,0,0,1154,0.299,0,4248.35,4519567.11,3869.33,0,0.8815,0.8991,-513.55,3.159,6,1,0,0.000845,8.248218,1,49.52,0.01296,1,0,0,0,1
CRG-2026-000346,5332.49,9,8,5515.95,-0.119,0,0,0,2726,0.274,0,5838.01,3270155.22,0.0,0,0.9667,0.9134,-183.46,7.463,6,1,0,0.001631,8.581761,0,0.0,0.0,1,0,0,0,1
CRG-2026-000347,5447.53,12,7,6067.52,-0.365,0,0,0,5074,0.127,0,6100.8,2442871.12,5446.81,0,0.8978,0.8929,-619.99,13.892,5,1,0,0.00223,8.603101,1,0.71,0.00013,0,0,1,0,1
CRG-2026-000348,3500.17,6,9,3268.75,0.253,0,0,0,877,0.957,1,3152.63,3904037.37,3489.76,0,1.0708,1.1102,231.41,2.401,5,1,1,0.000897,8.160851,1,10.41,0.00297,0,1,0,1,0
CRG-2026-000349,1056.67,12,7,1445.93,-0.961,0,0,0,1408,0.096,0,1343.5,3039760.01,1060.81,0,0.7308,0.7865,-389.26,3.855,0,0,0,0.000348,6.963822,1,4.14,0.00392,1,0,0,0,1
CRG-2026-000350,521.73,10,10,506.84,0.105,0,0,0,63,0.211,0,491.51,2338000.94,0.0,0,1.0294,1.0615,14.89,0.172,4,0,0,0.000223,6.259057,0,0.0,0.0,1,0,0,0,1
CRG-2026-000351,9385.37,9,4,9500.41,-0.043,0,0,0,104,0.362,0,9240.4,783835.59,0.0,0,0.9879,1.0157,-115.04,0.285,4,0,0,0.011974,9.147014,0,0.0,0.0,1,0,0,0,1
CRG-2026-000352,8415.28,10,7,8702.98,-0.118,0,0,0,3666,0.094,0,9330.84,1483746.42,8407.77,0,0.9669,0.9019,-287.7,10.037,5,1,0,0.005672,9.037924,1,7.52,0.00089,0,1,0,1,0
CRG-2026-000353,7322.79,11,11,7082.06,0.121,0,0,0,470,0.237,0,7272.13,3744934.25,7415.18,0,1.034,1.007,240.73,1.287,0,0,0,0.001955,8.898883,1,92.4,0.01262,0,1,0,0,1
CRG-2026-000354,7742.75,17,5,8918.07,-0.471,0,0,0,5029,0.167,0,9293.96,1704796.89,7822.84,0,0.8682,0.8331,-1175.32,13.769,1,0,0,0.004542,8.954641,1,80.09,0.01034,1,0,0,0,1
CRG-2026-000355,2566.89,12,14,2490.17,0.11,0,0,0,1082,0.461,0,2421.41,3749343.17,2566.02,0,1.0308,1.0601,76.72,2.962,0,0,0,0.000685,7.850841,1,0.87,0.00034,1,0,0,1,0
CRG-2026-000356,2620.42,18,4,2902.85,-0.347,0,0,0,827,0.297,0,3035.54,3288627.16,2619.32,0,0.9027,0.8632,-282.43,2.264,4,0,0,0.000797,7.871473,1,1.1,0.00042,1,0,0,1,0
CRG-2026-000357,1855.58,10,8,2546.98,-0.97,0,0,0,4020,0.058,0,2509.8,1063070.83,1864.32,0,0.7285,0.7393,-691.41,11.006,0,0,0,0.001745,7.526491,1,8.74,0.00471,1,0,0,0,1
CRG-2026-000358,18094.01,0,3,6440.23,6.463,0,1,1,4440,0.405,0,6340.1,2735544.97,18031.79,0,2.8095,2.8539,11653.79,12.156,4,0,1,0.006614,9.803392,1,62.22,0.00344,1,0,0,1,0
CRG-2026-000359,7194.39,15,2,3173.34,4.525,0,0,0,434,0.243,0,3362.71,3546027.42,7140.49,0,2.2671,2.1395,4021.05,1.188,3,0,0,0.002029,8.881196,1,53.9,0.00749,0,0,1,0,1
CRG-2026-000360,3297.5,8,4,3184.3,0.127,0,0,0,392,0.113,0,2939.98,3737552.28,0.0,0,1.0356,1.1216,113.21,1.073,6,1,0,0.000882,8.101224,0,0.0,0.0,0,1,0,0,1
CRG-2026-000361,2830.38,20,6,2335.05,0.758,0,0,0,1568,0.578,0,2303.49,3662425.5,2760.11,0,1.2121,1.2287,495.32,4.293,5,1,1,0.000773,7.948519,1,70.27,0.02483,1,0,0,1,0
CRG-2026-000362,6721.84,10,8,7465.06,-0.356,0,0,0,532,0.138,0,8042.06,5375826.38,6675.76,0,0.9004,0.8358,-743.23,1.457,6,1,0,0.00125,8.813265,1,46.08,0.00685,0,0,1,0,1
CRG-2026-000363,13349.77,21,13,12169.6,0.346,0,0,0,3159,0.132,0,11476.03,4107544.45,0.0,0,1.097,1.1633,1180.17,8.649,5,1,1,0.00325,9.499329,0,0.0,0.0,1,0,0,1,0
CRG-2026-000364,2532.96,12,4,2595.05,-0.085,0,0,0,2703,0.349,0,2659.77,4907475.75,0.0,0,0.9761,0.9523,-62.09,7.4,2,0,0,0.000516,7.837541,0,0.0,0.0,1,0,0,0,1
CRG-2026-000365,2178.44,8,9,2280.07,-0.159,0,0,0,4636,0.131,0,2382.33,2681824.92,2164.31,0,0.9554,0.9144,-101.63,12.693,6,1,0,0.000812,7.686822,1,14.13,0.00648,0,1,0,1,0
CRG-2026-000366,2032.71,15,7,1888.38,0.273,0,0,0,4749,0.464,0,1968.95,2854256.99,2052.98,0,1.0764,1.0324,144.33,13.002,0,0,0,0.000712,7.617616,1,20.28,0.00997,1,0,0,1,0
CRG-2026-000367,5911.54,2,2,3173.13,3.082,0,1,1,787,0.288,0,3424.85,5405901.97,5833.78,0,1.863,1.7261,2738.41,2.155,4,0,1,0.001094,8.684831,1,77.76,0.01315,0,1,0,0,1
CRG-2026-000368,2689.71,7,11,2295.95,0.613,0,0,0,3799,0.046,0,2279.63,4320350.04,2668.48,0,1.1715,1.1799,393.76,10.401,6,1,1,0.000623,7.897559,1,21.23,0.00789,0,1,0,1,0
CRG-2026-000369,6168.97,21,4,2765.16,4.396,0,1,0,4667,0.41,0,2889.94,1331389.01,0.0,0,2.231,2.1346,3403.81,12.778,6,1,1,0.004633,8.72745,0,0.0,0.0,1,0,0,0,1
CRG-2026-000370,597.92,13,6,600.31,-0.014,0,0,0,1146,0.314,0,630.7,1040139.51,596.72,0,0.996,0.948,-2.39,3.138,3,0,0,0.000575,6.395131,1,1.2,0.00201,0,1,0,1,0
CRG-2026-000371,1206.19,17,4,1272.84,-0.187,0,0,0,2247,0.402,0,1227.57,4633690.58,0.0,0,0.9476,0.9826,-66.66,6.152,1,0,0,0.00026,7.096047,0,0.0,0.0,1,0,0,0,1
CRG-2026-000372,941.4,15,3,817.9,0.539,0,0,0,379,0.116,0,800.59,1790443.9,919.36,0,1.151,1.1759,123.5,1.038,0,0,0,0.000526,6.848429,1,22.04,0.02341,1,0,0,1,0
CRG-2026-000373,1740.86,8,8,715.8,5.114,0,0,0,4233,0.427,0,737.98,4599628.8,0.0,0,2.432,2.3589,1025.05,11.589,1,0,0,0.000378,7.462707,0,0.0,0.0,0,1,0,1,0
CRG-2026-000374,4179.5,16,6,4128.64,0.044,0,0,0,1409,0.381,0,3945.43,1363945.76,4182.89,0,1.0123,1.0593,50.86,3.858,2,0,0,0.003064,8.338187,1,3.38,0.00081,0,1,0,1,0
CRG-2026-000375,4461.43,8,8,4128.64,0.288,0,0,0,1409,0.381,0,3802.46,3851083.75,4491.15,0,1.0806,1.1733,332.78,3.858,1,0,0,0.001158,8.403449,1,29.72,0.00666,1,0,0,0,1
CRG-2026-000376,832.78,10,6,1249.54,-1.191,0,0,0,1450,0.297,0,1154.23,1529949.66,838.16,0,0.6665,0.7215,-416.76,3.97,1,0,0,0.000544,6.725971,1,5.38,0.00645,1,0,0,0,1
CRG-2026-000377,1120.9,17,3,1249.54,-0.368,0,0,0,1450,0.297,0,1323.05,1173153.7,1113.93,0,0.8971,0.8472,-128.64,3.97,1,0,0,0.000955,7.022778,1,6.97,0.00622,1,0,0,0,1
CRG-2026-000378,1984.94,7,11,1944.61,0.074,0,0,0,4423,0.142,0,1904.37,3832031.32,1957.55,0,1.0207,1.0423,40.33,12.11,6,1,1,0.000518,7.593848,1,27.39,0.0138,0,1,0,1,0
CRG-2026-000379,765.62,7,13,903.17,-0.544,0,0,0,3016,0.309,0,836.41,2135939.98,773.36,0,0.8477,0.9154,-137.55,8.257,1,0,1,0.000358,6.641998,1,7.73,0.0101,1,0,0,1,0
CRG-2026-000380,858.15,21,9,849.9,0.035,0,0,0,1285,0.137,0,801.46,1809083.47,853.65,0,1.0097,1.0707,8.25,3.518,4,0,1,0.000474,6.755939,1,4.5,0.00524,0,1,0,1,0
CRG-2026-000381,3050.6,14,5,4366.91,-1.077,0,0,0,1773,0.369,0,4541.56,5384799.66,3021.32,0,0.6986,0.6717,-1316.3,4.854,2,0,0,0.000567,8.023423,1,29.29,0.0096,1,0,0,1,0
CRG-2026-000382,1854.14,14,7,2003.19,-0.266,0,0,0,823,0.43,0,1883.16,2372293.97,1838.83,0,0.9256,0.9846,-149.05,2.253,2,0,0,0.000782,7.525716,1,15.32,0.00826,0,0,1,1,0
CRG-2026-000383,4208.04,9,4,3900.12,0.282,0,0,0,2018,0.24,0,4026.94,4916324.65,4230.69,0,1.079,1.045,307.92,5.525,5,1,0,0.000856,8.34499,1,22.65,0.00538,0,1,0,1,0
CRG-2026-000384,2540.53,18,5,2546.98,-0.009,0,0,0,4020,0.058,0,2402.39,1110094.02,2568.71,0,0.9975,1.0575,-6.45,11.006,5,1,0,0.002289,7.840523,1,28.17,0.01109,0,1,0,1,0
CRG-2026-000385,4133.58,9,5,3623.36,0.503,0,0,0,3160,0.319,0,3770.38,5390815.93,4169.2,0,1.1408,1.0963,510.22,8.652,0,0,0,0.000767,8.327142,1,35.62,0.00862,1,0,0,1,0
CRG-2026-000386,704.33,17,5,715.8,-0.057,0,0,0,4233,0.427,0,662.53,1109269.04,704.2,0,0.984,1.0631,-11.47,11.589,0,0,0,0.000635,6.55867,1,0.14,0.00019,1,0,0,1,0
CRG-2026-000387,6529.77,13,7,7398.44,-0.419,0,0,0,1300,0.256,0,6952.59,4261134.46,6461.52,0,0.8826,0.9392,-868.67,3.559,6,1,0,0.001532,8.78428,1,68.25,0.01045,0,1,0,0,1
CRG-2026-000388,8796.45,12,8,7762.31,0.476,0,0,0,2433,0.355,0,8376.59,1143385.95,8785.91,0,1.1332,1.0501,1034.14,6.661,6,1,0,0.007693,9.082217,1,10.54,0.0012,0,1,0,0,1
CRG-2026-000389,6332.55,15,10,6440.23,-0.06,0,0,0,4440,0.305,0,6024.32,4828965.27,6312.33,0,0.9833,1.0512,-107.68,12.156,6,1,0,0.001311,8.753616,1,20.22,0.00319,1,0,0,1,0
CRG-2026-000390,1937.49,14,5,1944.61,-0.013,0,0,0,4423,0.142,0,2001.24,970561.34,1956.41,0,0.9963,0.9681,-7.13,12.11,6,1,0,0.001996,7.569663,1,18.92,0.00977,0,1,0,0,1
CRG-2026-000391,2171.66,12,8,2546.98,-0.526,0,0,0,4020,0.058,0,2492.05,4757947.97,2173.49,0,0.8526,0.8714,-375.33,11.006,0,0,0,0.000456,7.683707,1,1.83,0.00084,1,0,0,0,1
CRG-2026-000392,7498.71,14,2,7142.06,0.178,0,0,0,2983,0.191,0,7280.08,4565568.47,7498.42,0,1.0499,1.03,356.65,8.167,1,0,0,0.001642,8.92262,1,0.29,4e-05,1,0,0,1,0
CRG-2026-000393,4908.36,7,6,4780.38,0.096,0,0,0,5185,0.269,0,4430.28,2155551.89,4904.69,0,1.0268,1.1079,127.98,14.196,1,0,1,0.002277,8.498899,1,3.67,0.00075,1,0,0,1,0
CRG-2026-000394,3886.47,6,8,3553.63,0.335,0,0,0,1517,0.111,0,3532.97,3523499.25,3904.3,0,1.0937,1.1001,332.84,4.153,5,1,1,0.001103,8.265513,1,17.83,0.00459,0,0,1,1,0
CRG-2026-000395,2560.89,18,3,2203.78,0.579,0,0,0,3100,0.317,0,2201.92,5110241.07,0.0,0,1.162,1.163,357.11,8.487,1,0,0,0.000501,7.848502,0,0.0,0.0,0,1,0,1,0
CRG-2026-000396,1147.65,8,10,1271.3,-0.347,0,0,0,5010,0.067,0,1306.61,3442663.57,1139.06,0,0.9027,0.8783,-123.65,13.717,3,0,0,0.000333,7.046343,1,8.59,0.00749,0,0,1,0,1
CRG-2026-000397,1259.19,12,6,1102.9,0.506,0,0,0,663,0.28,0,1099.83,1924341.73,1256.43,0,1.1417,1.1449,156.28,1.815,6,1,0,0.000654,7.139015,1,2.76,0.00219,1,0,0,1,0
CRG-2026-000398,2729.22,9,6,2678.53,0.068,0,0,0,3507,0.521,0,2810.29,4732519.79,2766.89,0,1.0189,0.9712,50.69,9.602,6,1,0,0.000577,7.912138,1,37.67,0.0138,1,0,0,1,0
CRG-2026-000399,6477.44,16,5,6067.52,0.241,0,0,0,5074,0.127,0,6183.94,1606310.52,0.0,0,1.0676,1.0475,409.92,13.892,0,0,0,0.004032,8.776235,0,0.0,0.0,0,0,1,1,0
CRG-2026-000400,610.22,8,6,652.78,-0.233,0,0,0,2109,0.185,0,697.64,1209145.3,610.22,0,0.9348,0.8747,-42.57,5.774,6,1,0,0.000505,6.415453,1,0.0,0.0,1,0,0,0,1
CRG-2026-000401,1367.94,7,1,1192.14,0.527,0,0,0,558,0.219,0,1112.87,4318947.22,1372.09,0,1.1475,1.2292,175.8,1.528,2,0,1,0.000317,7.22179,1,4.15,0.00303,0,0,1,1,0
CRG-2026-000402,1470.85,16,9,1271.3,0.561,0,0,0,5010,0.067,0,1178.63,3643550.42,1472.19,0,1.157,1.2479,199.55,13.717,3,0,0,0.000404,7.294272,1,1.34,0.00091,1,0,0,1,0
CRG-2026-000403,1529.91,8,7,1580.9,-0.115,0,0,0,260,0.081,0,1552.36,2344921.55,1515.71,0,0.9677,0.9855,-50.99,0.712,4,0,0,0.000652,7.333617,1,14.2,0.00928,1,0,0,1,0
CRG-2026-000404,19798.34,9,7,8438.4,4.808,0,0,0,3128,0.323,0,8654.34,2872324.86,19895.66,0,2.3462,2.2877,11359.94,8.564,5,1,0,0.006893,9.893404,1,97.33,0.00492,1,0,0,1,0
CRG-2026-000405,1799.96,10,4,1750.35,0.101,0,0,0,1868,0.377,0,1649.51,3851953.91,0.0,0,1.0283,1.0912,49.62,5.114,4,0,0,0.000467,7.496077,0,0.0,0.0,0,0,1,0,1
CRG-2026-000406,1561.06,11,9,1750.35,-0.386,0,0,0,1868,0.377,0,1834.09,4148125.41,1567.32,0,0.8919,0.8511,-189.28,5.114,6,1,0,0.000376,7.353763,1,6.25,0.004,0,1,0,0,1
CRG-2026-000407,3368.37,17,13,2975.37,0.472,0,0,0,1769,0.245,0,2753.54,3389102.26,0.0,0,1.1321,1.2233,393.0,4.843,3,0,0,0.000994,8.122482,0,0.0,0.0,1,0,0,0,1
CRG-2026-000408,1471.9,18,9,1487.06,-0.036,0,0,0,2095,0.468,0,1460.33,2739219.61,1468.09,0,0.9898,1.0079,-15.16,5.736,4,0,0,0.000537,7.294991,1,3.82,0.00259,1,0,0,1,0
CRG-2026-000409,12206.91,11,6,11497.98,0.22,0,0,0,2149,0.041,0,12049.05,5449049.28,12116.6,0,1.0617,1.0131,708.93,5.884,3,0,0,0.00224,9.409839,1,90.31,0.0074,0,1,0,1,0
CRG-2026-000410,1852.0,12,9,1888.38,-0.069,0,0,0,4749,0.464,0,1894.04,1407381.51,1841.9,0,0.9807,0.9778,-36.38,13.002,5,1,0,0.001316,7.524561,1,10.1,0.00545,1,0,0,1,0
CRG-2026-000411,2571.96,9,7,2280.07,0.457,0,0,0,4636,0.131,0,2192.5,3558593.44,2569.55,0,1.128,1.1731,291.89,12.693,4,0,0,0.000723,7.852812,1,2.4,0.00093,0,0,1,0,1
CRG-2026-000412,1287.34,9,4,1090.14,0.646,0,0,0,3502,0.575,0,1043.83,5428793.52,1282.08,0,1.1809,1.2333,197.2,9.588,1,0,0,0.000237,7.161113,1,5.27,0.00409,0,1,0,0,1
CRG-2026-000413,3859.69,9,9,3868.31,-0.008,0,0,0,3030,0.249,0,4090.76,4560982.75,3841.13,0,0.9978,0.9435,-8.61,8.296,6,1,0,0.000846,8.258602,1,18.56,0.00481,1,0,0,0,1
CRG-2026-000414,2940.01,12,4,2399.05,0.805,0,0,0,2979,0.306,0,2409.79,4111675.84,2964.21,0,1.2255,1.22,540.97,8.156,2,0,0,0.000715,7.98651,1,24.19,0.00823,1,0,0,1,0
CRG-2026-000415,3352.75,17,11,3119.52,0.267,0,0,0,2070,0.173,0,3123.19,3806641.08,3370.58,0,1.0748,1.0735,233.23,5.667,0,0,0,0.000881,8.117834,1,17.83,0.00532,1,0,0,1,0
CRG-2026-000416,2747.74,8,6,2765.16,-0.022,0,0,0,4667,0.31,0,2965.12,5036072.66,2703.87,0,0.9937,0.9267,-17.42,12.778,5,1,0,0.000546,7.918898,1,43.88,0.01597,0,1,0,1,0
CRG-2026-000417,12302.43,7,4,12169.6,0.039,0,0,0,3159,0.132,0,12448.89,4701367.46,12275.65,0,1.0109,0.9882,132.83,8.649,6,1,1,0.002617,9.417633,1,26.78,0.00218,1,0,0,0,1
CRG-2026-000418,6245.94,8,7,6671.21,-0.228,0,0,0,1985,0.816,0,7098.44,2196495.62,0.0,0,0.9363,0.8799,-425.27,5.435,5,1,0,0.002844,8.739847,0,0.0,0.0,1,0,0,0,1
CRG-2026-000419,11431.93,16,6,12169.6,-0.216,0,0,0,3159,0.132,0,11842.46,4225825.96,11337.63,0,0.9394,0.9653,-737.67,8.649,1,0,0,0.002705,9.344253,1,94.3,0.00825,1,0,0,1,0
CRG-2026-000420,3614.16,10,5,3119.52,0.566,0,0,0,2070,0.173,0,3261.17,2515156.43,3642.14,0,1.1586,1.1082,494.65,5.667,5,1,0,0.001437,8.192892,1,27.97,0.00774,1,0,0,1,0
CRG-2026-000421,1363.31,15,9,1487.06,-0.297,0,0,0,2095,0.468,0,1457.05,5138077.59,1356.46,0,0.9168,0.9357,-123.75,5.736,0,0,0,0.000265,7.218408,1,6.86,0.00503,1,0,0,1,0
CRG-2026-000422,881.68,16,7,1269.32,-1.091,0,0,0,605,0.759,0,1364.79,4735541.66,876.05,0,0.6946,0.646,-387.63,1.656,1,0,0,0.000186,6.782968,1,5.64,0.00639,1,0,0,1,0
CRG-2026-000423,2185.94,7,7,2029.95,0.274,0,0,0,4692,0.143,0,2052.07,2041164.51,2206.34,0,1.0768,1.0652,155.99,12.846,3,0,1,0.001071,7.69026,1,20.39,0.00933,1,0,0,0,1
CRG-2026-000424,2683.36,11,13,2902.85,-0.27,0,0,0,827,0.297,0,2816.41,1227709.76,2700.15,0,0.9244,0.9528,-219.49,2.264,5,1,0,0.002186,7.895199,1,16.78,0.00625,1,0,0,1,0
CRG-2026-000425,1250.04,8,5,1249.54,0.001,0,0,0,1450,0.297,0,1273.71,3122567.5,1246.69,0,1.0004,0.9814,0.5,3.97,6,1,0,0.0004,7.131729,1,3.35,0.00268,1,0,0,1,0
CRG-2026-000426,7151.77,9,3,5493.7,1.078,0,0,0,3247,0.213,0,5703.2,3023167.79,7102.87,0,1.3018,1.254,1658.08,8.89,0,0,0,0.002366,8.875255,1,48.9,0.00684,1,0,0,1,0
CRG-2026-000427,9534.32,8,11,10309.85,-0.269,0,0,0,2584,0.192,0,10410.67,4546385.21,9536.54,0,0.9248,0.9158,-775.53,7.075,3,0,0,0.002097,9.162758,1,2.22,0.00023,0,0,1,1,0
CRG-2026-000428,9268.13,9,9,8759.74,0.207,0,0,0,3258,0.265,0,8711.78,4951169.32,9219.18,0,1.058,1.0639,508.39,8.92,6,1,0,0.001872,9.134445,1,48.96,0.00528,0,0,1,1,0
CRG-2026-000429,1199.95,0,6,652.78,2.994,0,0,1,2109,0.185,0,604.55,2393935.24,1109.27,0,1.8382,1.9849,547.16,5.774,5,1,1,0.000501,7.090865,1,90.68,0.07557,1,0,0,1,0
CRG-2026-000430,4824.16,10,8,4390.52,0.353,0,0,0,202,0.026,0,4206.41,2242516.66,4803.2,0,1.0988,1.1469,433.65,0.553,2,0,0,0.002151,8.4816,1,20.96,0.00435,1,0,0,1,0
CRG-2026-000431,3776.48,18,6,3405.33,0.389,0,0,0,3812,0.931,1,3400.47,2614969.96,3782.81,0,1.109,1.1106,371.15,10.437,2,0,0,0.001444,8.236812,1,6.33,0.00168,1,0,0,0,1
CRG-2026-000432,2684.29,18,7,2399.05,0.425,0,0,0,2979,0.306,0,2402.12,964643.71,2672.42,0,1.1189,1.1175,285.24,8.156,2,0,0,0.002783,7.895543,1,11.87,0.00442,1,0,0,1,0
CRG-2026-000433,1109.12,12,9,1888.38,-1.474,0,0,0,4749,0.464,0,1771.72,4484954.65,1108.02,0,0.5873,0.626,-779.26,13.002,5,1,0,0.000247,7.012225,1,1.1,0.00099,1,0,0,1,0
CRG-2026-000434,3433.76,10,5,2514.38,1.306,0,0,0,2864,0.266,0,2622.1,2387744.72,3430.66,0,1.3656,1.3095,919.38,7.841,2,0,0,0.001438,8.141701,1,3.1,0.0009,1,0,0,0,1
CRG-2026-000435,5457.95,14,8,4333.36,0.927,0,0,0,1154,0.299,0,4503.88,1031054.06,5431.6,0,1.2595,1.2118,1124.59,3.159,2,0,0,0.005294,8.605011,1,26.35,0.00483,1,0,0,1,0
CRG-2026-000436,2775.92,7,9,3477.72,-0.721,0,0,0,806,0.088,0,3689.79,5305788.78,2779.63,0,0.7982,0.7523,-701.8,2.207,4,0,1,0.000523,7.929097,1,3.72,0.00134,0,1,0,1,0
CRG-2026-000437,1460.59,7,7,1927.93,-0.866,0,0,0,514,0.418,0,2063.15,2690636.85,1471.96,0,0.7576,0.7079,-467.34,1.407,5,1,1,0.000543,7.287278,1,11.37,0.00779,1,0,0,1,0
CRG-2026-000438,4672.43,10,3,4165.98,0.434,0,0,0,3223,0.315,0,4295.51,4642300.54,4609.55,0,1.1216,1.0877,506.46,8.824,2,0,0,0.001006,8.44965,1,62.89,0.01346,1,0,0,0,1
CRG-2026-000439,1566.93,14,5,1593.68,-0.06,0,0,0,2785,0.758,0,1509.77,2515275.07,1569.37,0,0.9832,1.0379,-26.75,7.625,3,0,0,0.000623,7.357513,1,2.44,0.00156,0,0,1,1,0
CRG-2026-000440,1786.92,11,7,1374.61,1.071,0,0,0,4110,0.216,0,1372.35,1729919.34,1784.02,0,1.2999,1.3021,412.31,11.253,1,0,0,0.001033,7.48881,1,2.9,0.00163,1,0,0,0,1
CRG-2026-000441,2512.83,9,5,3437.32,-0.961,0,0,0,3523,0.252,0,3202.89,4930569.07,2524.52,0,0.731,0.7845,-924.49,9.645,2,0,0,0.00051,7.829561,1,11.69,0.00465,1,0,0,1,0
CRG-2026-000442,5141.85,9,7,4598.25,0.422,0,0,0,5162,0.003,0,4476.13,4291725.85,5113.91,0,1.1182,1.1487,543.59,14.133,2,0,0,0.001198,8.545362,1,27.94,0.00543,0,1,0,1,0
CRG-2026-000443,1719.45,14,2,1918.8,-0.371,0,0,0,3755,0.063,0,1983.37,4186198.2,1737.33,0,0.8961,0.8669,-199.36,10.281,0,0,0,0.000411,7.45034,1,17.88,0.0104,1,0,0,0,1
CRG-2026-000444,939.67,7,5,1272.13,-0.933,0,0,0,2417,0.138,0,1242.24,5376719.18,0.0,0,0.7387,0.7564,-332.46,6.617,4,0,1,0.000175,6.846591,0,0.0,0.0,1,0,0,1,0
CRG-2026-000445,4827.36,17,12,5900.29,-0.649,0,0,0,1044,0.004,0,5586.62,4670745.45,4850.0,0,0.8182,0.8641,-1072.93,2.858,6,1,0,0.001034,8.482263,1,22.64,0.00469,0,1,0,0,1
CRG-2026-000446,27551.17,15,4,26256.61,0.176,0,0,0,2905,0.056,0,24262.26,2246001.75,27390.31,0,1.0493,1.1356,1294.55,7.953,1,0,0,0.012267,10.223836,1,160.85,0.00584,1,0,0,1,0
CRG-2026-000447,59451.78,15,9,26256.61,4.515,0,1,0,2905,0.156,0,27184.3,4531231.48,59022.21,0,2.2643,2.187,33195.17,7.953,0,0,0,0.01312,10.992938,1,429.57,0.00723,1,0,0,0,1
CRG-2026-000448,1480.98,7,10,1249.54,0.661,0,0,0,1450,0.297,0,1286.24,1054022.33,1480.8,0,1.1852,1.1514,231.44,3.97,5,1,1,0.001405,7.301131,1,0.17,0.00012,0,1,0,0,1
CRG-2026-000449,4000.98,12,10,4039.45,-0.034,0,0,0,63,0.112,0,3743.98,2309140.79,0.0,0,0.9905,1.0686,-38.47,0.172,6,1,0,0.001733,8.294544,0,0.0,0.0,1,0,0,1,0
CRG-2026-000450,2955.6,13,9,2734.79,0.288,0,0,0,2581,0.273,0,2938.34,1849793.21,2951.11,0,1.0807,1.0059,220.8,7.066,6,1,0,0.001598,7.991795,1,4.49,0.00152,1,0,0,0,1
CRG-2026-000451,1949.39,13,4,1918.8,0.057,0,0,0,3755,0.063,0,1889.13,3732397.54,1934.8,0,1.0159,1.0319,30.59,10.281,0,0,0,0.000522,7.575784,1,14.59,0.00748,1,0,0,1,0
CRG-2026-000452,6525.86,9,10,5900.29,0.379,0,0,0,1044,0.004,0,5530.76,3216031.72,6507.07,0,1.106,1.1799,625.57,2.858,3,0,0,0.002029,8.783681,1,18.79,0.00288,1,0,0,0,1
CRG-2026-000453,2167.53,7,6,2295.95,-0.2,0,0,0,3799,0.046,0,2410.72,4606553.8,2150.77,0,0.9441,0.8991,-128.42,10.401,0,0,1,0.000471,7.681804,1,16.76,0.00773,1,0,0,0,1
CRG-2026-000454,2533.87,7,8,2674.49,-0.188,0,0,0,4089,0.818,0,2757.08,3419828.18,2563.56,0,0.9474,0.919,-140.62,11.195,6,1,1,0.000741,7.837898,1,29.69,0.01172,1,0,0,0,1
CRG-2026-000455,4510.85,17,7,4366.91,0.118,0,0,0,1773,0.369,0,4321.97,2741104.85,4549.65,0,1.033,1.0437,143.95,4.854,3,0,0,0.001646,8.414463,1,38.8,0.0086,1,0,0,1,0
CRG-2026-000456,2113.82,7,6,2029.95,0.148,0,0,0,4692,0.143,0,1966.39,2465305.75,2134.68,0,1.0413,1.075,83.87,12.846,5,1,1,0.000857,7.656727,1,20.85,0.00987,1,0,0,0,1
CRG-2026-000457,1877.8,14,10,2003.19,-0.224,0,0,0,823,0.43,0,1851.56,2441753.99,1861.5,0,0.9374,1.0142,-125.39,2.253,6,1,0,0.000769,7.538387,1,16.29,0.00868,1,0,0,0,1
CRG-2026-000458,987.51,12,10,1001.23,-0.049,0,0,0,953,0.882,0,1067.15,1237973.63,984.32,0,0.9863,0.9254,-13.73,2.609,1,0,0,0.000798,6.896197,1,3.19,0.00323,1,0,0,0,1
CRG-2026-000459,2598.22,12,5,2444.8,0.224,0,0,0,5020,0.113,0,2350.49,4925621.8,2604.26,0,1.0628,1.1054,153.42,13.744,3,0,0,0.000527,7.862968,1,6.04,0.00232,1,0,0,1,0
CRG-2026-000460,4171.34,18,7,4576.26,-0.316,0,0,0,4219,0.195,0,4276.31,3656332.99,4179.65,0,0.9115,0.9755,-404.92,11.551,4,0,0,0.001141,8.336231,1,8.31,0.00199,1,0,0,0,1
CRG-2026-000461,1443.4,7,9,1444.88,-0.004,0,0,0,3135,0.059,0,1414.73,3372215.31,1447.42,0,0.999,1.0203,-1.47,8.583,3,0,1,0.000428,7.27545,1,4.02,0.00279,0,1,0,0,1
CRG-2026-000462,13163.26,22,5,4213.93,7.585,0,0,1,951,0.32,0,4087.55,2901536.45,13313.61,0,3.1238,3.2203,8949.34,2.604,2,0,1,0.004537,9.485261,1,150.35,0.01142,1,0,0,0,1
CRG-2026-000463,2747.97,10,4,2674.49,0.098,0,0,0,4089,0.818,0,2652.16,5407499.4,2711.27,0,1.0275,1.0361,73.47,11.195,3,0,0,0.000508,7.91898,1,36.7,0.01335,1,0,0,1,0
CRG-2026-000464,11299.6,0,4,4366.91,5.67,0,0,1,1773,0.369,0,4511.28,3751803.78,11363.14,0,2.5876,2.5047,6932.69,4.854,1,0,1,0.003012,9.332611,1,63.54,0.00562,1,0,0,0,1
CRG-2026-000465,4384.99,9,7,3623.36,0.751,0,0,0,3160,0.319,0,3440.65,1398971.41,4341.46,0,1.2102,1.2745,761.63,8.652,0,0,0,0.003134,8.386171,1,43.53,0.00993,1,0,0,1,0
CRG-2026-000466,1685.33,16,7,1580.9,0.236,0,0,0,260,0.081,0,1625.48,5282385.0,1691.6,0,1.0661,1.0368,104.43,0.712,0,0,0,0.000319,7.430312,1,6.27,0.00372,1,0,0,0,1
CRG-2026-000467,1214.63,15,9,1102.9,0.362,0,0,0,663,0.28,0,1103.17,2434112.91,1220.81,0,1.1013,1.101,111.72,1.815,6,1,0,0.000499,7.103015,1,6.19,0.00509,0,1,0,0,1
CRG-2026-000468,5006.79,7,11,1681.15,7.065,0,0,0,1390,0.561,0,1709.85,1911022.38,4728.8,0,2.9782,2.9282,3325.64,3.806,5,1,1,0.00262,8.518751,1,277.99,0.05552,1,0,0,1,0
CRG-2026-000469,3009.78,13,6,3405.33,-0.415,0,0,0,3812,0.931,1,3574.1,787339.91,3021.91,0,0.8838,0.8421,-395.55,10.437,6,1,0,0.003823,8.009955,1,12.13,0.00403,1,0,0,1,0
CRG-2026-000470,902.64,12,6,870.72,0.131,0,0,0,2216,0.404,0,932.97,3346200.88,897.24,0,1.0367,0.9675,31.92,6.067,3,0,0,0.00027,6.806429,1,5.4,0.00598,0,1,0,0,1
CRG-2026-000471,1273.56,9,7,1272.13,0.004,0,0,0,2417,0.138,0,1198.36,4769106.96,1264.17,0,1.0011,1.0627,1.43,6.617,3,0,0,0.000267,7.150353,1,9.39,0.00737,1,0,0,1,0
CRG-2026-000472,6222.05,7,5,5515.95,0.457,0,0,0,2726,0.274,0,5252.78,4776088.94,6186.55,0,1.128,1.1845,706.1,7.463,4,0,1,0.001303,8.736015,1,35.49,0.0057,1,0,0,1,0
CRG-2026-000473,2446.59,5,7,2975.37,-0.635,0,0,0,1769,0.245,0,2793.18,2167245.99,2422.17,0,0.8223,0.8759,-528.79,4.843,2,0,1,0.001129,7.802858,1,24.42,0.00998,1,0,0,1,0
CRG-2026-000474,20453.29,14,8,17151.31,0.688,0,0,0,238,0.291,0,16071.47,4965149.66,20535.1,0,1.1925,1.2726,3301.98,0.652,1,0,0,0.004119,9.925948,1,81.81,0.004,1,0,0,0,1
CRG-2026-000475,9601.15,7,7,8918.07,0.274,0,0,0,5029,0.167,0,8725.56,4784986.99,9634.34,0,1.0766,1.1003,683.07,13.769,4,0,1,0.002007,9.169742,1,33.2,0.00346,0,0,1,0,1
CRG-2026-000476,610.75,13,9,694.72,-0.432,0,0,0,3349,0.114,0,729.36,1104915.87,620.54,0,0.8791,0.8374,-83.97,9.169,6,1,0,0.000553,6.416326,1,9.79,0.01603,0,1,0,0,1
CRG-2026-000477,2805.22,18,9,3184.3,-0.425,0,0,0,392,0.113,0,3117.02,1518778.5,2799.9,0,0.881,0.9,-379.08,1.073,2,0,0,0.001847,7.939593,1,5.32,0.0019,0,1,0,1,0
CRG-2026-000478,1986.5,6,7,2203.78,-0.352,0,0,0,3100,0.317,0,2162.01,2399844.75,1974.91,0,0.9014,0.9188,-217.28,8.487,2,0,1,0.000828,7.594635,1,11.6,0.00584,0,1,0,0,1
CRG-2026-000479,962.79,15,9,1112.97,-0.482,0,0,0,4992,0.173,0,1083.52,2703892.28,963.74,0,0.8651,0.8886,-150.19,13.667,0,0,0,0.000356,6.870871,1,0.96,0.00099,1,0,0,0,1
CRG-2026-000480,1516.6,7,1,1271.3,0.689,0,0,0,5010,0.067,0,1305.16,2582954.92,1532.88,0,1.193,1.162,245.3,13.717,4,0,1,0.000587,7.324886,1,16.28,0.01073,0,1,0,1,0
CRG-2026-000481,2573.7,17,5,2678.53,-0.14,0,0,0,3507,0.521,0,2798.09,3831485.63,2549.85,0,0.9609,0.9198,-104.84,9.602,1,0,0,0.000672,7.853487,1,23.84,0.00926,0,1,0,1,0
CRG-2026-000482,3418.34,21,8,3657.74,-0.234,0,0,0,561,0.353,0,3485.81,5088239.2,3466.61,0,0.9345,0.9806,-239.4,1.536,1,0,1,0.000672,8.137202,1,48.27,0.01412,1,0,0,1,0
CRG-2026-000483,1021.46,9,8,789.71,1.048,0,0,0,91,0.069,0,766.38,1989397.79,1024.44,0,1.2935,1.3328,231.75,0.249,1,0,0,0.000513,6.929969,1,2.98,0.00292,1,0,0,1,0
CRG-2026-000484,9904.18,9,10,9500.41,0.152,0,0,0,104,0.362,0,9068.78,5396651.28,9948.52,0,1.0425,1.0921,403.77,0.285,0,0,0,0.001835,9.200813,1,44.34,0.00448,0,0,1,0,1
CRG-2026-000485,1001.54,14,6,880.32,0.492,0,0,0,2400,0.469,0,932.07,4129845.1,991.65,0,1.1377,1.0745,121.22,6.571,0,0,0,0.000243,6.910288,1,9.89,0.00987,0,0,1,0,1
CRG-2026-000486,9996.6,11,12,8702.98,0.531,0,0,0,3666,0.094,0,8902.34,5123915.14,9935.97,0,1.1486,1.1229,1293.61,10.037,6,1,0,0.001951,9.2101,1,60.63,0.00607,1,0,0,0,1
CRG-2026-000487,2748.24,8,7,2678.53,0.093,0,0,0,3507,0.521,0,2494.42,1610319.85,2804.07,0,1.026,1.1018,69.71,9.602,5,1,0,0.001707,7.91908,1,55.83,0.02031,0,1,0,1,0
CRG-2026-000488,2419.53,11,6,2595.05,-0.242,0,0,0,2703,0.349,0,2462.75,1592084.55,2423.86,0,0.9324,0.9825,-175.52,7.4,5,1,0,0.00152,7.791743,1,4.33,0.00179,1,0,0,0,1
CRG-2026-000489,755.65,13,5,903.17,-0.583,0,0,0,3016,0.309,0,867.52,1969086.87,749.45,0,0.8367,0.871,-147.53,8.257,0,0,0,0.000384,6.628895,1,6.2,0.0082,1,0,0,1,0
CRG-2026-000490,3091.12,9,6,2952.13,0.168,0,0,0,1763,0.115,0,2738.1,4650917.24,3079.12,0,1.0471,1.1289,138.99,4.827,2,0,0,0.000665,8.036612,1,12.0,0.00388,1,0,0,0,1
CRG-2026-000491,3726.42,15,6,3437.32,0.3,0,0,0,3523,0.252,0,3355.68,5068845.33,3673.96,0,1.0841,1.1105,289.11,9.645,0,0,0,0.000735,8.223473,1,52.46,0.01408,1,0,0,0,1
CRG-2026-000492,2931.09,13,5,3657.74,-0.71,0,0,0,561,0.353,0,3651.71,3801862.92,2972.13,0,0.8013,0.8027,-726.65,1.536,3,0,0,0.000771,7.98347,1,41.05,0.014,0,1,0,1,0
CRG-2026-000493,4911.91,17,10,3877.27,0.953,0,0,0,1808,0.15,0,4106.36,3852620.66,4858.47,0,1.2668,1.1962,1034.64,4.95,0,0,0,0.001275,8.499622,1,53.44,0.01088,1,0,0,1,0
CRG-2026-000494,1359.2,18,9,1162.52,0.604,0,0,0,2459,0.557,0,1124.6,5436917.9,1365.83,0,1.1692,1.2086,196.68,6.732,0,0,0,0.00025,7.215385,1,6.63,0.00488,1,0,0,1,0
CRG-2026-000495,6046.67,10,10,5900.29,0.089,0,0,0,1044,0.004,0,6088.71,1350840.0,6014.06,0,1.0248,0.9931,146.37,2.858,3,0,0,0.004476,8.707428,1,32.61,0.00539,0,0,1,1,0
CRG-2026-000496,3305.2,13,5,2674.49,0.842,0,0,0,4089,0.818,0,2719.84,4995783.4,3341.16,0,1.2358,1.2152,630.71,11.195,0,0,0,0.000662,8.103554,1,35.96,0.01088,0,1,0,1,0
CRG-2026-000497,3863.71,8,9,3623.36,0.237,0,0,0,3160,0.319,0,3738.89,4543860.21,3862.92,0,1.0663,1.0334,240.34,8.652,3,0,0,0.00085,8.259641,1,0.79,0.0002,1,0,0,0,1
CRG-2026-000498,1566.8,11,10,1633.07,-0.145,0,0,0,809,0.539,0,1573.99,5312758.81,1578.94,0,0.9594,0.9954,-66.28,2.215,0,0,0,0.000295,7.357426,1,12.14,0.00775,1,0,0,0,1
CRG-2026-000499,11122.29,8,8,11497.98,-0.117,0,0,0,2149,0.041,0,12285.12,4329788.67,0.0,0,0.9673,0.9053,-375.69,5.884,2,0,0,0.002569,9.316796,0,0.0,0.0,1,0,0,1,0
CRG-2026-000500,18967.32,13,9,17151.31,0.378,0,0,0,238,0.291,0,17821.7,1032783.14,19068.71,0,1.1059,1.0643,1816.0,0.652,0,0,0,0.018365,9.850525,1,101.39,0.00535,0,1,0,0,1
CRG-2026-000501,1626.2,18,4,1848.95,-0.43,0,0,0,4414,0.188,0,1879.02,5455738.51,1634.64,0,0.8795,0.8654,-222.75,12.085,5,1,0,0.000298,7.394614,1,8.44,0.00519,1,0,0,0,1
CRG-2026-000502,3936.98,23,6,1633.07,5.039,0,0,1,809,0.539,0,1606.71,2707668.56,0.0,0,2.4108,2.4503,2303.91,2.215,3,0,1,0.001454,8.278424,0,0.0,0.0,1,0,0,1,0
CRG-2026-000503,4070.82,13,3,3437.32,0.658,0,0,0,3523,0.252,0,3216.54,1208269.8,4105.58,0,1.1843,1.2656,633.51,9.645,6,1,0,0.003369,8.311846,1,34.75,0.00854,1,0,0,1,0
CRG-2026-000504,4499.46,11,11,4598.25,-0.077,0,0,0,5162,0.003,0,4908.26,1320608.52,4544.8,0,0.9785,0.9167,-98.79,14.133,3,0,0,0.003407,8.411936,1,45.34,0.01008,1,0,0,1,0
CRG-2026-000505,3409.34,15,6,2647.1,1.028,0,0,0,4576,0.12,0,2841.67,4267187.12,3422.81,0,1.288,1.1998,762.24,12.528,0,0,0,0.000799,8.134568,1,13.46,0.00395,0,1,0,0,1
CRG-2026-000506,2200.45,6,5,2203.78,-0.005,0,0,0,3100,0.317,0,2277.33,1495264.17,2179.03,0,0.9985,0.9662,-3.33,8.487,0,0,1,0.001472,7.696873,1,21.42,0.00974,1,0,0,1,0
CRG-2026-000507,2768.64,14,11,2952.13,-0.222,0,0,0,1763,0.115,0,2810.84,3002238.95,2796.23,0,0.9378,0.985,-183.49,4.827,3,0,0,0.000922,7.926473,1,27.59,0.00997,1,0,0,1,0
CRG-2026-000508,1861.51,10,10,3104.17,-1.43,0,0,0,1207,0.119,0,2922.47,5391410.21,1868.38,0,0.5997,0.637,-1242.66,3.305,1,0,0,0.000345,7.529683,1,6.86,0.00369,1,0,0,0,1
CRG-2026-000509,2897.1,20,9,2666.64,0.309,0,0,0,3674,0.2,0,2826.91,1753282.64,0.0,0,1.0864,1.0248,230.46,10.059,2,0,1,0.001652,7.97181,0,0.0,0.0,1,0,0,1,0
CRG-2026-000510,1665.64,15,10,1487.06,0.429,0,0,0,2095,0.468,0,1604.9,3213382.95,1664.09,0,1.1201,1.0378,178.57,5.736,4,0,0,0.000518,7.418564,1,1.55,0.00093,1,0,0,1,0
CRG-2026-000511,1959.24,7,7,2444.8,-0.709,0,0,0,5020,0.113,0,2536.47,2089297.64,1957.71,0,0.8014,0.7724,-485.56,13.744,2,0,1,0.000938,7.580822,1,1.53,0.00078,1,0,0,0,1
CRG-2026-000512,5652.45,17,7,4220.49,1.212,0,0,0,894,0.321,0,4491.07,934803.82,5629.17,0,1.3393,1.2586,1431.95,2.448,6,1,0,0.006047,8.640021,1,23.28,0.00412,0,0,1,0,1
CRG-2026-000513,4018.23,9,4,4128.64,-0.096,0,0,0,1409,0.381,0,4456.85,3643151.44,4032.51,0,0.9733,0.9016,-110.42,3.858,5,1,0,0.001103,8.298846,1,14.28,0.00355,1,0,0,0,1
CRG-2026-000514,3273.12,8,4,1304.98,5.386,0,1,0,572,0.627,0,1252.65,1383850.83,0.0,1,2.5082,2.613,1968.14,1.566,2,0,0,0.002365,8.093805,0,0.0,0.0,1,0,0,0,1
CRG-2026-000515,2537.34,9,2,2734.79,-0.258,0,0,0,2581,0.273,0,2951.23,776099.81,2545.65,0,0.9278,0.8598,-197.45,7.066,1,0,0,0.003269,7.839267,1,8.31,0.00327,1,0,0,1,0
CRG-2026-000516,2665.48,12,9,2490.17,0.251,0,0,0,1082,0.461,0,2500.53,3405170.18,2660.24,0,1.0704,1.066,175.31,2.962,4,0,0,0.000783,7.888514,1,5.24,0.00197,1,0,0,1,0
CRG-2026-000517,9741.4,14,6,12169.6,-0.713,0,0,0,3159,0.132,0,12138.4,1760089.09,0.0,0,0.8005,0.8025,-2428.19,8.649,1,0,0,0.005535,9.184243,0,0.0,0.0,0,1,0,0,1
CRG-2026-000518,735.19,7,16,661.76,0.396,0,0,0,3279,0.271,0,648.09,4797768.59,725.27,0,1.111,1.1344,73.43,8.977,6,1,1,0.000153,6.601484,1,9.92,0.0135,1,0,0,0,1
CRG-2026-000519,2332.2,15,10,2490.17,-0.227,0,0,0,1082,0.461,0,2569.58,5523217.95,2351.28,0,0.9366,0.9076,-157.97,2.962,1,0,0,0.000422,7.754996,1,19.08,0.00818,0,1,0,1,0
CRG-2026-000520,11716.93,11,5,12001.17,-0.085,0,0,0,3359,0.129,0,11711.69,1997931.57,11748.76,0,0.9763,1.0004,-284.24,9.196,2,0,0,0.005865,9.368876,1,31.83,0.00272,0,1,0,1,0
CRG-2026-000521,8288.27,17,9,6671.21,0.866,0,0,0,1985,0.816,0,7037.47,2276436.25,8321.03,0,1.2424,1.1777,1617.06,5.435,0,0,0,0.003641,9.022718,1,32.76,0.00395,0,1,0,1,0
CRG-2026-000522,2319.67,17,7,2335.05,-0.024,0,0,0,1568,0.578,0,2478.92,4908085.79,2273.45,0,0.9934,0.9358,-15.38,4.293,3,0,0,0.000473,7.749612,1,46.22,0.01992,0,1,0,1,0
CRG-2026-000523,5008.16,10,5,5900.29,-0.54,0,0,0,1044,0.004,0,5962.74,4725082.61,5081.23,0,0.8488,0.8399,-892.13,2.858,2,0,0,0.00106,8.519024,1,73.06,0.01459,1,0,0,0,1
CRG-2026-000524,2223.36,7,8,2647.1,-0.572,0,0,0,4576,0.12,0,2806.17,3039855.61,2229.49,0,0.8399,0.7923,-423.74,12.528,4,0,1,0.000731,7.707225,1,6.12,0.00275,1,0,0,1,0
CRG-2026-000525,4481.08,14,6,3808.54,0.631,0,0,0,5162,0.206,0,4095.83,2054393.7,4486.16,0,1.1766,1.0941,672.54,14.133,4,0,0,0.002181,8.407842,1,5.08,0.00113,0,0,1,0,1
CRG-2026-000526,1131.74,14,8,919.61,0.824,0,0,0,1769,0.327,0,876.66,4066314.65,0.0,0,1.2307,1.291,212.13,4.843,6,1,0,0.000278,7.032399,0,0.0,0.0,1,0,0,0,1
CRG-2026-000527,9036.35,15,9,8759.74,0.113,0,0,0,3258,0.265,0,8576.02,3187709.78,9010.08,0,1.0316,1.0537,276.61,8.92,6,1,0,0.002835,9.109121,1,26.27,0.00291,1,0,0,1,0
CRG-2026-000528,7694.19,14,5,7465.06,0.11,0,0,0,532,0.138,0,7544.07,4828108.08,7725.35,0,1.0307,1.0199,229.12,1.457,1,0,0,0.001594,8.94835,1,31.17,0.00405,1,0,0,1,0
CRG-2026-000529,5655.33,8,3,4780.38,0.654,0,0,0,5185,0.269,0,5053.47,2510968.03,5640.32,0,1.183,1.1191,874.95,14.196,6,1,0,0.002252,8.640531,1,15.02,0.00266,1,0,0,0,1
CRG-2026-000530,7939.51,12,5,7082.06,0.432,0,0,0,470,0.237,0,6523.67,1654908.26,8003.41,0,1.1211,1.217,857.45,1.287,0,0,0,0.004798,8.979733,1,63.9,0.00805,1,0,0,0,1
CRG-2026-000531,3049.29,17,4,3632.63,-0.574,0,0,0,2588,0.307,0,3575.45,3609312.48,3067.84,0,0.8394,0.8528,-583.34,7.086,0,0,0,0.000845,8.022991,1,18.55,0.00608,1,0,0,0,1
CRG-2026-000532,7642.67,8,6,7082.06,0.283,0,0,0,470,0.237,0,7175.93,1647136.97,7610.08,0,1.0792,1.065,560.62,1.287,0,0,0,0.00464,8.941634,1,32.6,0.00427,0,1,0,0,1
CRG-2026-000533,1693.41,7,7,1593.68,0.223,0,0,0,2785,0.758,0,1676.55,2742908.58,1696.93,0,1.0626,1.0101,99.73,7.625,4,0,1,0.000617,7.435092,1,3.52,0.00208,1,0,0,1,0
CRG-2026-000534,8606.22,13,9,7461.27,0.548,0,0,0,3301,0.348,0,7254.86,4677298.38,8632.3,0,1.1535,1.1863,1144.95,9.038,0,0,0,0.00184,9.060356,1,26.08,0.00303,1,0,0,0,1
CRG-2026-000535,1197.85,14,8,1102.9,0.307,0,0,0,663,0.28,0,1046.71,4546896.39,1184.32,0,1.0861,1.1444,94.95,1.815,6,1,0,0.000263,7.089122,1,13.54,0.0113,1,0,0,1,0
CRG-2026-000536,1434.61,13,7,1374.61,0.156,0,0,0,4110,0.216,0,1293.66,4187433.6,0.0,0,1.0436,1.109,59.99,11.253,6,1,0,0.000343,7.269343,0,0.0,0.0,1,0,0,1,0
CRG-2026-000537,1302.32,15,6,1463.5,-0.393,0,0,0,2406,0.458,0,1550.17,5225640.73,1314.42,0,0.8899,0.8401,-161.17,6.587,5,1,0,0.000249,7.172672,1,12.1,0.00929,0,1,0,0,1
CRG-2026-000538,828.1,15,9,903.17,-0.297,0,0,0,3016,0.309,0,972.9,1489224.52,0.0,0,0.9169,0.8512,-75.07,8.257,1,0,0,0.000556,6.72034,0,0.0,0.0,1,0,0,1,0
CRG-2026-000539,1521.93,12,6,1480.48,0.1,0,0,0,4666,0.107,0,1457.5,3533505.16,1513.14,0,1.028,1.0442,41.44,12.775,2,0,0,0.000431,7.328389,1,8.78,0.00577,1,0,0,1,0
CRG-2026-000540,4030.86,17,8,3553.63,0.48,0,0,0,1517,0.111,0,3480.39,1054919.21,4059.53,0,1.1343,1.1582,477.23,4.153,6,1,0,0.003821,8.301982,1,28.67,0.00711,0,1,0,0,1
CRG-2026-000541,4390.63,11,8,3877.27,0.473,0,0,0,1808,0.15,0,4085.31,2140761.72,4418.32,0,1.1324,1.0747,513.36,4.95,4,0,0,0.002051,8.387455,1,27.7,0.00631,0,1,0,0,1
CRG-2026-000542,3055.27,12,11,3437.32,-0.397,0,0,0,3523,0.252,0,3617.7,1141020.31,3063.32,0,0.8889,0.8445,-382.04,9.645,1,0,0,0.002678,8.024951,1,8.05,0.00263,0,0,1,0,1
CRG-2026-000543,2524.26,14,6,1543.34,2.27,0,0,0,1179,0.03,0,1480.24,2339091.65,2535.36,0,1.6356,1.7053,980.92,3.228,0,0,0,0.001079,7.834098,1,11.11,0.0044,1,0,0,0,1
CRG-2026-000544,4604.23,14,6,5493.7,-0.578,0,0,0,3247,0.213,0,5442.64,3830434.36,4572.9,0,0.8381,0.846,-889.47,8.89,0,0,0,0.001202,8.434948,1,31.33,0.0068,1,0,0,1,0
CRG-2026-000545,1113.42,15,9,1272.13,-0.446,0,0,0,2417,0.138,0,1356.38,1478891.61,1117.01,0,0.8752,0.8209,-158.71,6.617,6,1,0,0.000753,7.016092,1,3.59,0.00322,1,0,0,1,0
CRG-2026-000546,1310.52,17,9,1633.07,-0.705,0,0,0,809,0.539,0,1513.27,2786714.26,1308.29,0,0.8025,0.866,-322.56,2.215,1,0,0,0.00047,7.178939,1,2.22,0.0017,0,1,0,1,0
CRG-2026-000547,3972.63,11,9,3877.27,0.088,0,0,0,1808,0.15,0,3688.43,4002933.41,3997.28,0,1.0246,1.0771,95.36,4.95,0,0,0,0.000992,8.287436,1,24.65,0.00621,1,0,0,1,0
CRG-2026-000548,15229.43,8,12,14356.25,0.217,0,0,0,472,0.21,0,15356.2,3829001.61,15040.48,0,1.0608,0.9917,873.18,1.292,0,0,0,0.003977,9.631051,1,188.95,0.01241,0,0,1,1,0
CRG-2026-000549,1239.46,16,9,1374.61,-0.351,0,0,0,4110,0.216,0,1270.67,2344385.34,0.0,0,0.9017,0.9754,-135.15,11.253,0,0,0,0.000529,7.123241,0,0.0,0.0,0,1,0,1,0
CRG-2026-000550,1236.42,10,8,1463.5,-0.554,0,0,0,2406,0.458,0,1357.46,5420188.48,1231.56,0,0.8448,0.9108,-227.07,6.587,5,1,0,0.000228,7.120785,1,4.86,0.00393,1,0,0,1,0
CRG-2026-000551,4845.14,18,1,2490.17,3.378,0,0,0,1082,0.461,0,2566.71,1253186.46,4877.88,0,1.9457,1.8877,2354.97,2.962,1,0,0,0.003866,8.485939,1,32.73,0.00676,1,0,0,1,0
CRG-2026-000552,7079.33,17,6,5900.29,0.714,0,0,0,1044,0.004,0,6312.96,3577338.27,7151.66,0,1.1998,1.1214,1179.04,2.858,0,0,0,0.001979,8.865076,1,72.32,0.01022,1,0,0,1,0
CRG-2026-000553,6755.32,18,7,5934.05,0.494,0,0,0,3835,0.143,0,6169.24,1423927.6,6747.59,0,1.1384,1.095,821.27,10.5,4,0,0,0.004744,8.818234,1,7.73,0.00114,1,0,0,1,0
CRG-2026-000554,3734.05,8,5,2975.37,0.911,0,0,0,1769,0.245,0,3070.82,3126543.62,3750.59,0,1.255,1.216,758.68,4.843,6,1,0,0.001194,8.225517,1,16.54,0.00443,1,0,0,1,0
CRG-2026-000555,1122.85,7,9,1102.9,0.065,0,0,0,663,0.28,0,1151.83,1778244.51,1113.72,0,1.0181,0.9748,19.95,1.815,6,1,1,0.000631,7.024515,1,9.13,0.00813,0,0,1,1,0
CRG-2026-000556,3591.75,13,4,3437.32,0.16,0,0,0,3523,0.252,0,3295.97,4965926.55,3549.23,0,1.0449,1.0897,154.44,9.645,0,0,0,0.000723,8.186674,1,42.52,0.01184,1,0,0,0,1
CRG-2026-000557,11845.25,13,7,12565.38,-0.205,0,0,0,2353,0.05,0,11575.29,4319532.05,11774.07,0,0.9427,1.0233,-720.13,6.442,0,0,0,0.002742,9.379767,1,71.18,0.00601,1,0,0,0,1
CRG-2026-000558,1071.97,10,3,1090.14,-0.06,0,0,0,3502,0.575,0,1008.29,867623.85,1074.69,0,0.9833,1.0632,-18.17,9.588,5,1,0,0.001236,6.97819,1,2.72,0.00254,1,0,0,0,1
CRG-2026-000559,940.95,14,8,1580.9,-1.446,0,0,0,260,0.081,0,1615.02,3919526.88,0.0,0,0.5952,0.5826,-639.95,0.712,4,0,0,0.00024,6.847956,0,0.0,0.0,0,1,0,0,1
CRG-2026-000560,3426.84,14,7,3173.13,0.286,0,0,0,787,0.188,0,3138.78,792366.03,3405.31,0,1.08,1.0918,253.71,2.155,4,0,0,0.004325,8.139685,1,21.53,0.00628,1,0,0,1,0
CRG-2026-000561,2122.85,18,6,2902.85,-0.96,0,0,0,827,0.297,0,2823.67,4469646.41,2120.95,0,0.7313,0.7518,-780.0,2.264,5,1,0,0.000475,7.660984,1,1.9,0.00089,1,0,0,0,1
CRG-2026-000562,229.58,11,9,235.33,-0.072,0,0,0,602,0.333,0,218.42,4615470.76,228.87,0,0.9756,1.0511,-5.75,1.648,0,0,0,5e-05,5.440581,1,0.71,0.00308,0,1,0,1,0
CRG-2026-000563,1535.9,7,3,1463.5,0.177,0,0,0,2406,0.458,0,1531.39,1879022.28,1537.01,0,1.0495,1.0029,72.4,6.587,2,0,1,0.000817,7.337522,1,1.11,0.00072,1,0,0,0,1
CRG-2026-000564,7245.81,5,6,8918.07,-0.67,0,0,0,5029,0.167,0,8973.92,1300362.38,7273.07,0,0.8125,0.8074,-1672.26,13.769,6,1,1,0.005572,8.888317,1,27.26,0.00376,0,1,0,0,1
CRG-2026-000565,1211.2,7,8,1633.07,-0.923,0,0,0,809,0.539,0,1593.39,1853276.38,1211.55,0,0.7417,0.7601,-421.87,2.215,0,0,1,0.000654,7.100194,1,0.35,0.00029,0,1,0,1,0
CRG-2026-000566,2569.87,7,8,3268.75,-0.764,0,0,0,877,0.957,1,3283.82,3769257.77,2563.52,0,0.7862,0.7826,-698.88,2.401,1,0,1,0.000682,7.852,1,6.35,0.00247,1,0,0,1,0
CRG-2026-000567,2639.2,7,12,3405.33,-0.803,0,0,0,3812,0.931,1,3304.17,2279442.14,2632.98,0,0.775,0.7987,-766.13,10.437,1,0,1,0.001158,7.878611,1,6.22,0.00236,1,0,0,0,1
CRG-2026-000568,1693.33,11,8,1750.35,-0.116,0,0,0,1868,0.377,0,1845.5,2317507.62,1703.97,0,0.9674,0.9175,-57.02,5.114,5,1,0,0.000731,7.435043,1,10.64,0.00628,0,0,1,0,1
CRG-2026-000569,16912.71,8,5,16700.8,0.045,0,0,0,3539,0.026,0,16909.71,2635581.15,0.0,0,1.0127,1.0002,211.9,9.689,6,1,0,0.006417,9.73588,0,0.0,0.0,1,0,0,0,1
CRG-2026-000570,2494.25,18,7,2280.07,0.335,0,0,0,4636,0.131,0,2158.18,3235892.86,2520.34,0,1.0939,1.1557,214.18,12.693,0,0,0,0.000771,7.822144,1,26.09,0.01046,1,0,0,0,1
CRG-2026-000571,5373.95,12,5,5493.7,-0.078,0,0,0,3247,0.213,0,5146.17,3946630.77,5369.22,0,0.9782,1.0443,-119.74,8.89,2,0,0,0.001362,8.589505,1,4.73,0.00088,0,1,0,1,0
CRG-2026-000572,1858.94,18,10,2280.07,-0.66,0,0,0,4636,0.131,0,2373.1,5314032.86,1871.94,0,0.8153,0.7833,-421.12,12.693,1,0,0,0.00035,7.528302,1,12.99,0.00699,0,0,1,1,0
CRG-2026-000573,1752.86,18,5,1681.15,0.152,0,0,0,1390,0.561,0,1548.1,913643.95,1745.24,0,1.0427,1.1323,71.71,3.806,3,0,0,0.001919,7.469573,1,7.62,0.00435,0,1,0,0,1
CRG-2026-000574,4034.87,17,5,3623.36,0.406,0,0,0,3160,0.319,0,3675.58,4643616.98,4055.49,0,1.1136,1.0978,411.51,8.652,6,1,0,0.000869,8.302978,1,20.61,0.00511,0,0,1,1,0
CRG-2026-000575,3465.69,18,5,3769.76,-0.288,0,0,0,2471,0.147,0,3772.54,4924490.05,0.0,0,0.9193,0.9187,-304.07,6.765,6,1,0,0.000704,8.150956,0,0.0,0.0,0,1,0,0,1
CRG-2026-000576,997.19,7,3,880.32,0.474,0,0,0,2400,0.469,0,917.08,829732.29,994.27,0,1.1328,1.0874,116.87,6.571,4,0,1,0.001202,6.905945,1,2.92,0.00293,0,1,0,0,1
CRG-2026-000577,3618.22,11,3,3499.42,0.121,0,0,0,4503,0.178,0,3328.28,2652061.26,3660.44,0,1.0339,1.0871,118.8,12.329,3,0,0,0.001364,8.194013,1,42.23,0.01167,1,0,0,0,1
CRG-2026-000578,4281.85,17,9,4390.52,-0.088,0,0,0,202,0.026,0,4372.59,4408256.25,4301.6,0,0.9752,0.9792,-108.67,0.553,1,0,0,0.000971,8.362373,1,19.75,0.00461,0,1,0,1,0
CRG-2026-000579,2188.65,12,8,2280.07,-0.143,0,0,0,4636,0.131,0,2191.14,5010840.82,2215.67,0,0.9599,0.9989,-91.42,12.693,5,1,0,0.000437,7.691495,1,27.03,0.01235,1,0,0,0,1
CRG-2026-000580,1455.06,11,9,694.72,3.909,1,0,0,3349,0.234,0,707.51,5041438.62,0.0,0,2.0944,2.0566,760.33,9.169,6,1,0,0.000289,7.283487,0,0.0,0.0,0,0,1,0,1
CRG-2026-000581,3185.37,8,14,2765.16,0.543,0,0,0,4667,0.31,0,2696.55,1059807.1,3192.4,0,1.152,1.1813,420.21,12.778,6,1,0,0.003006,8.066637,1,7.03,0.00221,0,0,1,0,1
CRG-2026-000582,13735.54,13,6,14356.25,-0.154,0,0,0,472,0.21,0,14056.63,2136533.85,13598.37,0,0.9568,0.9772,-620.71,1.292,0,0,0,0.006429,9.527814,1,137.17,0.00999,0,1,0,0,1
CRG-2026-000583,2451.73,5,3,2399.05,0.078,0,0,0,2979,0.306,0,2479.51,2495438.68,2444.37,0,1.022,0.9888,52.69,8.156,5,1,1,0.000982,7.804959,1,7.37,0.003,1,0,0,1,0
CRG-2026-000584,4893.21,11,7,1593.68,7.394,1,0,0,2785,0.878,0,1555.62,3121680.34,4896.94,0,3.0704,3.1455,3299.53,7.625,5,1,0,0.001567,8.495809,1,3.72,0.00076,0,0,1,1,0
CRG-2026-000585,2989.31,14,5,3268.75,-0.305,0,0,0,877,0.957,1,3109.84,1659091.39,2960.03,0,0.9145,0.9612,-279.44,2.401,0,0,0,0.001802,8.003133,1,29.28,0.0098,1,0,0,0,1
CRG-2026-000586,2696.19,15,3,2678.53,0.024,0,0,0,3507,0.521,0,2620.27,2633733.89,2700.25,0,1.0066,1.029,17.65,9.602,6,1,0,0.001024,7.899965,1,4.06,0.00151,1,0,0,0,1
CRG-2026-000587,2068.72,14,5,1958.57,0.201,0,0,0,1459,0.376,0,2012.29,2028606.94,0.0,0,1.0562,1.028,110.15,3.995,2,0,0,0.00102,7.635167,0,0.0,0.0,1,0,0,0,1
CRG-2026-000588,1779.4,14,7,1681.15,0.209,0,0,0,1390,0.561,0,1680.96,3171577.84,1763.74,0,1.0584,1.0586,98.25,3.806,2,0,0,0.000561,7.484595,1,15.66,0.0088,0,1,0,0,1
CRG-2026-000589,641.7,11,6,694.72,-0.273,0,0,0,3349,0.114,0,693.69,2639060.34,650.95,0,0.9237,0.925,-53.02,9.169,6,1,0,0.000243,6.465673,1,9.25,0.01441,1,0,0,1,0
CRG-2026-000590,7776.73,9,6,7142.06,0.317,0,0,0,2983,0.191,0,7383.7,4139487.39,7758.68,0,1.0889,1.0532,634.67,8.167,0,0,0,0.001879,8.95902,1,18.05,0.00232,1,0,0,1,0
CRG-2026-000591,1598.94,10,6,1304.98,0.805,0,0,0,572,0.527,0,1355.49,1700939.8,1585.86,0,1.2253,1.1796,293.96,1.566,6,1,0,0.00094,7.377724,1,13.09,0.00818,0,1,0,0,1
CRG-2026-000592,6316.58,20,5,6061.38,0.15,0,0,0,622,0.193,0,5606.01,4771018.17,6400.31,0,1.0421,1.1268,255.2,1.703,4,0,1,0.001324,8.751092,1,83.73,0.01326,1,0,0,1,0
CRG-2026-000593,17431.68,7,9,17151.31,0.058,0,0,0,238,0.291,0,18165.33,3802428.35,17483.49,0,1.0163,0.9596,280.36,0.652,1,0,1,0.004584,9.766102,1,51.81,0.00297,1,0,0,1,0
CRG-2026-000594,3410.66,7,5,3405.33,0.006,0,0,0,3812,0.931,1,3607.87,4763305.54,0.0,0,1.0016,0.9453,5.33,10.437,3,0,1,0.000716,8.134954,0,0.0,0.0,0,1,0,0,1
CRG-2026-000595,575.69,17,8,541.91,0.223,0,0,0,1144,0.069,0,557.52,3991071.13,580.57,0,1.0623,1.0326,33.78,3.132,3,0,0,0.000144,6.357306,1,4.88,0.00848,1,0,0,0,1
CRG-2026-000596,2878.39,15,7,3835.58,-0.891,0,0,0,3792,0.644,0,3860.3,4171185.07,2882.37,0,0.7504,0.7456,-957.19,10.382,5,1,0,0.00069,7.965333,1,3.98,0.00138,1,0,0,0,1
CRG-2026-000597,1862.09,10,6,1633.07,0.501,0,0,0,809,0.539,0,1702.04,1260535.95,1862.1,0,1.1402,1.094,229.02,2.215,4,0,0,0.001477,7.529994,1,0.0,0.0,0,1,0,0,1
CRG-2026-000598,3363.3,11,6,3173.13,0.214,0,0,0,787,0.188,0,2936.84,1510922.53,3398.44,0,1.0599,1.1452,190.17,2.155,5,1,0,0.002226,8.120975,1,35.15,0.01045,1,0,0,0,1
CRG-2026-000599,7502.62,9,5,8438.4,-0.396,0,0,0,3128,0.323,0,7968.22,4883966.29,7508.14,0,0.8891,0.9416,-935.78,8.564,0,0,0,0.001536,8.92314,1,5.53,0.00074,1,0,0,1,0
CRG-2026-000600,2939.58,16,8,2335.05,0.925,0,0,0,1568,0.578,0,2323.82,1895209.9,2907.17,0,1.2589,1.265,604.53,4.293,5,1,0,0.001551,7.986364,1,32.42,0.01103,1,0,0,1,0
CRG-2026-000601,1459.82,9,9,1304.98,0.424,0,0,0,572,0.527,0,1222.49,1139155.68,1457.88,0,1.1187,1.1941,154.84,1.566,1,0,0,0.001281,7.286753,1,1.94,0.00133,1,0,0,0,1
CRG-2026-000602,1932.19,9,5,1918.8,0.025,0,0,0,3755,0.063,0,1989.68,1694091.59,0.0,0,1.007,0.9711,13.39,10.281,5,1,0,0.001141,7.566928,0,0.0,0.0,1,0,0,1,0
CRG-2026-000603,5271.5,8,2,4213.93,0.896,0,0,0,951,0.32,0,4245.18,5392584.13,5236.95,0,1.251,1.2418,1057.57,2.604,2,0,0,0.000978,8.570259,1,34.54,0.00655,1,0,0,0,1
CRG-2026-000604,1703.45,16,6,1445.93,0.636,0,0,0,1408,0.096,0,1421.18,5475257.78,1693.49,0,1.1781,1.1986,257.52,3.855,6,1,0,0.000311,7.440998,1,9.96,0.00585,0,1,0,0,1
CRG-2026-000605,1359.09,14,8,1271.3,0.247,0,0,0,5010,0.067,0,1311.8,1331994.65,1359.58,0,1.0691,1.036,87.79,13.717,6,1,0,0.00102,7.215304,1,0.49,0.00036,0,0,1,0,1
CRG-2026-000606,8624.99,23,9,3553.63,5.097,0,1,1,1517,0.211,0,3656.86,3567490.26,8502.74,0,2.4271,2.3586,5071.36,4.153,2,0,1,0.002418,9.062535,1,122.25,0.01417,0,1,0,1,0
CRG-2026-000607,1814.83,14,7,1580.9,0.528,0,0,0,260,0.081,0,1503.52,798566.18,1798.57,0,1.148,1.207,233.92,0.712,2,0,0,0.002273,7.504297,1,16.26,0.00896,1,0,0,0,1
CRG-2026-000608,4470.82,17,3,4220.49,0.212,0,0,0,894,0.321,0,3891.11,4289950.36,4448.69,0,1.0593,1.149,250.32,2.448,3,0,0,0.001042,8.40555,1,22.13,0.00495,1,0,0,1,0
CRG-2026-000609,862.47,8,5,963.37,-0.374,0,0,0,5133,0.135,0,986.9,4410275.25,853.09,0,0.8953,0.8739,-100.9,14.053,4,0,0,0.000196,6.760959,1,9.38,0.01087,1,0,0,1,0
CRG-2026-000610,1702.64,17,6,1577.44,0.283,0,0,0,4958,0.183,0,1483.95,2086280.67,1700.88,0,1.0794,1.1474,125.2,13.574,6,1,0,0.000816,7.440522,1,1.76,0.00104,0,0,1,0,1
CRG-2026-000611,9421.34,16,5,3769.76,5.354,0,0,0,2471,0.147,0,4062.59,2926410.71,9445.42,0,2.4992,2.319,5651.58,6.765,3,0,0,0.003219,9.150839,1,24.08,0.00256,0,1,0,0,1
CRG-2026-000612,2782.65,14,7,3119.52,-0.386,0,0,0,2070,0.173,0,3236.39,3768924.01,2773.45,0,0.892,0.8598,-336.87,5.667,3,0,0,0.000738,7.931518,1,9.2,0.00331,0,0,1,0,1
CRG-2026-000613,2696.15,6,8,2490.17,0.295,0,0,0,1082,0.461,0,2515.4,3106591.45,2710.44,0,1.0827,1.0719,205.98,2.962,0,0,1,0.000868,7.899951,1,14.29,0.0053,1,0,0,1,0
CRG-2026-000614,4601.48,16,7,4390.52,0.172,0,0,0,202,0.026,0,4346.33,3770584.59,4543.84,0,1.048,1.0587,210.96,0.553,5,1,0,0.00122,8.434351,1,57.64,0.01253,1,0,0,1,0
CRG-2026-000615,5660.93,14,9,4780.38,0.658,0,0,0,5185,0.269,0,4592.54,2368891.25,5681.5,0,1.1842,1.2326,880.55,14.196,5,1,0,0.00239,8.64152,1,20.57,0.00363,0,0,1,1,0
CRG-2026-000616,1642.87,12,5,1304.98,0.925,0,0,0,572,0.527,0,1384.54,1700119.09,1636.01,0,1.2589,1.1866,337.89,1.566,6,1,0,0.000966,7.404808,1,6.86,0.00418,1,0,0,1,0
CRG-2026-000617,1878.8,17,6,1593.68,0.639,0,0,0,2785,0.758,0,1500.32,981427.89,1854.61,0,1.1789,1.2523,285.12,7.625,0,0,0,0.001914,7.538921,1,24.19,0.01287,0,0,1,1,0
CRG-2026-000618,1032.92,7,4,1272.13,-0.672,0,0,0,2417,0.138,0,1363.19,3575545.73,1027.54,0,0.812,0.7577,-239.21,6.617,4,0,1,0.000289,6.941116,1,5.38,0.00521,1,0,0,0,1
CRG-2026-000619,2732.7,9,2,2624.38,0.147,0,0,0,1146,0.327,0,2781.14,1486509.46,2714.94,0,1.0413,0.9826,108.32,3.138,0,0,0,0.001838,7.913412,1,17.76,0.0065,0,1,0,1,0
CRG-2026-000620,7697.46,16,9,9107.73,-0.553,0,0,0,805,0.371,0,8821.2,1449061.0,7600.87,0,0.8452,0.8726,-1410.26,2.204,6,1,0,0.005312,8.948776,1,96.59,0.01255,1,0,0,0,1
CRG-2026-000621,8976.03,6,11,9107.73,-0.052,0,0,0,805,0.371,0,9272.82,947878.16,8985.53,0,0.9855,0.968,-131.7,2.204,1,0,1,0.00947,9.102424,1,9.5,0.00106,1,0,0,1,0
CRG-2026-000622,12607.93,18,9,11497.98,0.345,0,0,0,2149,0.041,0,11917.85,3720898.11,12453.65,0,1.0965,1.0579,1109.95,5.884,5,1,0,0.003388,9.442161,1,154.29,0.01224,1,0,0,0,1
CRG-2026-000623,2800.77,10,4,2514.38,0.407,0,0,0,2864,0.266,0,2391.48,4866856.21,2784.45,0,1.1139,1.1711,286.39,7.841,1,0,0,0.000575,7.938006,1,16.31,0.00582,1,0,0,1,0
CRG-2026-000624,2273.89,9,7,2007.48,0.474,0,0,0,578,0.633,0,2066.09,4946392.6,2268.32,0,1.1327,1.1006,266.42,1.582,6,1,0,0.00046,7.729689,1,5.57,0.00245,1,0,0,0,1
CRG-2026-000625,1831.09,11,6,1577.44,0.574,0,0,0,4958,0.183,0,1610.22,4745496.12,1823.38,0,1.1608,1.1372,253.66,13.574,4,0,0,0.000386,7.513214,1,7.71,0.00421,0,0,1,1,0
CRG-2026-000626,216.28,7,10,208.44,0.098,0,0,0,5176,0.311,0,199.15,5270014.61,217.75,0,1.0376,1.086,7.84,14.171,2,0,1,4.1e-05,5.381188,1,1.46,0.00677,1,0,0,0,1
CRG-2026-000627,7082.1,13,10,7461.27,-0.181,0,0,0,3301,0.348,0,7943.25,1622167.53,7047.99,0,0.9492,0.8916,-379.17,9.038,6,1,0,0.004366,8.865467,1,34.11,0.00482,1,0,0,0,1
CRG-2026-000628,3370.2,10,5,3104.17,0.306,0,0,0,1207,0.119,0,3201.12,806363.53,3306.05,0,1.0857,1.0528,266.02,3.305,5,1,0,0.004179,8.123023,1,64.14,0.01903,0,1,0,0,1
CRG-2026-000629,3594.73,11,11,3815.26,-0.206,0,0,0,1113,0.075,0,3987.04,4907592.03,3551.87,0,0.9422,0.9016,-220.54,3.047,1,0,0,0.000732,8.187502,1,42.86,0.01192,1,0,0,1,0
CRG-2026-000630,623.45,11,5,579.09,0.274,0,0,0,861,0.111,0,534.54,4172779.04,616.55,0,1.0766,1.1663,44.37,2.357,6,1,0,0.000149,6.436877,1,6.91,0.01108,1,0,0,0,1
CRG-2026-000631,1475.06,6,4,1463.5,0.028,0,0,0,2406,0.458,0,1569.92,4046706.9,1481.44,0,1.0079,0.9396,11.56,6.587,6,1,1,0.000365,7.297129,1,6.38,0.00433,1,0,0,0,1
CRG-2026-000632,439.99,14,5,506.84,-0.471,0,0,0,63,0.211,0,488.93,4582724.81,439.2,0,0.8681,0.8999,-66.85,0.172,4,0,0,9.6e-05,6.089022,1,0.79,0.0018,1,0,0,0,1
CRG-2026-000633,2420.8,11,5,2295.95,0.194,0,0,0,3799,0.046,0,2186.71,2213346.15,2428.2,0,1.0544,1.107,124.85,10.401,5,1,0,0.001094,7.792264,1,7.41,0.00306,1,0,0,0,1
CRG-2026-000634,33140.37,13,4,26256.61,0.936,0,0,0,2905,0.056,0,24418.61,3955770.02,32923.83,0,1.2622,1.3572,6883.75,7.953,6,1,0,0.008378,10.408538,1,216.54,0.00653,1,0,0,0,1
CRG-2026-000635,1835.44,15,8,1593.68,0.542,0,0,0,2785,0.758,0,1606.26,896062.45,1863.74,0,1.1517,1.1427,241.76,7.625,6,1,0,0.002048,7.515587,1,28.3,0.01542,0,1,0,1,0
CRG-2026-000636,1072.9,18,8,1480.48,-0.983,0,0,0,4666,0.107,0,1527.45,3568482.73,1060.04,0,0.7247,0.7024,-407.58,12.775,0,0,0,0.000301,6.979052,1,12.86,0.01199,0,0,1,1,0
CRG-2026-000637,1674.22,14,9,1410.61,0.667,0,0,0,2741,0.105,0,1365.1,780681.62,1674.3,0,1.1869,1.2264,263.61,7.504,1,0,0,0.002145,7.423701,1,0.07,4e-05,0,1,0,0,1
CRG-2026-000638,3252.31,10,8,4263.55,-0.847,0,0,0,4909,0.271,0,4059.22,2768899.05,3282.9,0,0.7628,0.8012,-1011.24,13.44,4,0,0,0.001175,8.087428,1,30.59,0.00941,1,0,0,0,1
CRG-2026-000639,2447.22,16,8,2674.49,-0.303,0,0,0,4089,0.818,0,2869.34,5524091.71,2447.6,0,0.915,0.8529,-227.27,11.195,1,0,0,0.000443,7.803118,1,0.38,0.00016,1,0,0,1,0
CRG-2026-000640,8130.51,13,3,3877.27,3.918,0,0,0,1808,0.15,0,3628.67,3125113.27,8062.81,0,2.097,2.2406,4253.24,4.95,4,0,0,0.002602,9.003502,1,67.7,0.00833,1,0,0,0,1
CRG-2026-000641,5071.31,12,6,5900.29,-0.502,0,0,0,1044,0.004,0,5573.65,3221236.44,5069.14,0,0.8595,0.9099,-828.98,2.858,2,0,0,0.001574,8.531552,1,2.18,0.00043,1,0,0,1,0
CRG-2026-000642,49165.43,3,1,21345.86,4.655,0,1,1,2664,0.809,0,21195.67,2348232.41,49318.87,0,2.3033,2.3196,27819.58,7.294,3,0,1,0.020937,10.802966,1,153.44,0.00312,0,0,1,1,0
CRG-2026-000643,3682.84,16,6,4039.45,-0.315,0,0,0,63,0.112,0,4224.08,4053489.12,0.0,0,0.9117,0.8719,-356.61,0.172,2,0,0,0.000909,8.211711,0,0.0,0.0,1,0,0,0,1
CRG-2026-000644,552.56,8,12,541.91,0.07,0,0,0,1144,0.069,0,572.64,1836461.24,554.35,0,1.0196,0.9649,10.64,3.132,1,0,0,0.000301,6.316367,1,1.79,0.00324,1,0,0,1,0
CRG-2026-000645,1470.08,15,5,1374.61,0.248,0,0,0,4110,0.216,0,1286.66,3425610.78,0.0,0,1.0695,1.1426,95.47,11.253,6,1,0,0.000429,7.293753,0,0.0,0.0,0,1,0,1,0
CRG-2026-000646,5060.98,9,7,4598.25,0.359,0,0,0,5162,0.003,0,4374.99,2870055.6,5090.23,0,1.1006,1.1568,462.72,14.133,5,1,0,0.001763,8.529512,1,29.25,0.00578,1,0,0,0,1
CRG-2026-000647,3747.87,10,7,4128.64,-0.329,0,0,0,1409,0.381,0,4394.65,5362768.63,3739.25,0,0.9078,0.8528,-380.78,3.858,3,0,0,0.000699,8.229209,1,8.62,0.0023,0,1,0,1,0
CRG-2026-000648,668.44,21,11,600.31,0.405,0,0,0,1146,0.314,0,614.74,2302750.69,0.0,0,1.1135,1.0873,68.13,3.138,5,1,1,0.00029,6.506444,0,0.0,0.0,1,0,0,1,0
CRG-2026-000649,1676.79,16,11,1445.93,0.57,0,0,0,1408,0.096,0,1391.33,4598040.13,1686.98,0,1.1597,1.2052,230.86,3.855,1,0,0,0.000365,7.425232,1,10.19,0.00608,0,1,0,1,0
CRG-2026-000650,2993.56,10,10,3184.3,-0.214,0,0,0,392,0.113,0,3015.18,3643467.54,2992.95,0,0.9401,0.9928,-190.74,1.073,2,0,0,0.000822,8.004551,1,0.6,0.0002,0,0,1,1,0
CRG-2026-000651,367.9,7,12,541.91,-1.147,0,0,0,1144,0.069,0,582.97,3449612.18,0.0,0,0.6789,0.6311,-174.02,3.132,4,0,1,0.000107,5.910519,0,0.0,0.0,0,0,1,1,0
CRG-2026-000652,4924.13,18,3,4598.25,0.253,0,0,0,5162,0.003,0,4654.22,4978303.28,4894.35,0,1.0709,1.058,325.88,14.133,1,0,0,0.000989,8.502105,1,29.77,0.00605,1,0,0,0,1
CRG-2026-000653,631.41,14,4,694.72,-0.325,0,0,0,3349,0.114,0,671.74,2717553.49,0.0,0,0.9089,0.94,-63.31,9.169,1,0,0,0.000232,6.449533,0,0.0,0.0,0,0,1,1,0
CRG-2026-000654,3563.69,13,13,3815.26,-0.235,0,0,0,1113,0.075,0,3773.97,5017833.58,3510.61,0,0.9341,0.9443,-251.58,3.047,3,0,0,0.00071,8.178832,1,53.07,0.01489,0,0,1,1,0
CRG-2026-000655,6648.49,12,6,5880.43,0.466,0,0,0,1297,0.217,0,6127.51,2511056.5,6655.37,0,1.1306,1.085,768.07,3.551,2,0,0,0.002648,8.802296,1,6.87,0.00103,1,0,0,1,0
CRG-2026-000656,5971.46,9,4,7461.27,-0.713,0,0,0,3301,0.348,0,7032.38,1069945.43,6017.25,0,0.8003,0.8491,-1489.81,9.038,0,0,0,0.005581,8.694914,1,45.8,0.00767,0,0,1,0,1
CRG-2026-000657,1292.42,7,7,1633.07,-0.745,0,0,0,809,0.539,0,1718.88,1126980.15,1302.46,0,0.7914,0.7519,-340.65,2.215,1,0,1,0.001147,7.165047,1,10.04,0.00776,1,0,0,0,1
CRG-2026-000658,4745.71,17,10,5018.71,-0.194,0,0,0,4243,0.245,0,5173.77,5016281.11,4676.66,0,0.9456,0.9173,-273.0,11.617,6,1,0,0.000946,8.465207,1,69.05,0.01455,0,1,0,0,1
CRG-2026-000659,7104.89,11,4,5880.43,0.744,0,0,0,1297,0.217,0,5443.79,1270239.58,7118.93,0,1.2082,1.3051,1224.47,3.551,4,0,0,0.005593,8.868679,1,14.03,0.00198,0,1,0,1,0
CRG-2026-000660,7918.67,10,6,3173.34,5.341,0,0,0,434,0.243,0,2947.98,5493127.79,7809.85,0,2.4954,2.6861,4745.33,1.188,1,0,0,0.001442,8.977105,1,108.82,0.01374,0,1,0,0,1
CRG-2026-000661,3446.01,11,7,3623.36,-0.175,0,0,0,3160,0.319,0,3339.61,4892608.26,3481.6,0,0.9511,1.0319,-177.35,8.652,0,0,0,0.000704,8.145262,1,35.59,0.01033,0,0,1,0,1
CRG-2026-000662,952.06,16,7,919.61,0.126,0,0,0,1769,0.327,0,948.6,4700983.77,958.05,0,1.0353,1.0036,32.45,4.843,5,1,0,0.000203,6.859678,1,5.99,0.00629,1,0,0,0,1
CRG-2026-000663,7770.88,10,1,8702.98,-0.383,0,0,0,3666,0.094,0,8310.84,4693676.3,7850.92,0,0.8929,0.935,-932.1,10.037,1,0,0,0.001656,8.958268,1,80.03,0.0103,1,0,0,1,0
CRG-2026-000664,16727.25,12,7,16700.8,0.006,0,0,0,3539,0.026,0,18022.36,3614475.78,16882.21,0,1.0016,0.9281,26.45,9.689,1,0,0,0.004628,9.724854,1,154.96,0.00926,1,0,0,0,1
CRG-2026-000665,2373.2,13,11,2399.05,-0.038,0,0,0,2979,0.306,0,2487.38,5493613.25,2351.01,0,0.9892,0.9541,-25.85,8.156,3,0,0,0.000432,7.772414,1,22.18,0.00935,1,0,0,1,0
CRG-2026-000666,2471.04,12,4,2909.1,-0.538,0,0,0,203,0.22,0,3137.03,1334338.57,2468.68,0,0.8494,0.7877,-438.06,0.556,2,0,0,0.001852,7.812798,1,2.36,0.00096,1,0,0,0,1
CRG-2026-000667,710.7,7,4,715.8,-0.025,0,0,0,4233,0.427,0,694.37,2567836.55,717.58,0,0.9929,1.0235,-5.11,11.589,5,1,1,0.000277,6.567656,1,6.88,0.00968,0,1,0,1,0
CRG-2026-000668,2923.17,15,9,3104.17,-0.208,0,0,0,1207,0.119,0,3325.57,3841493.46,2917.97,0,0.9417,0.879,-181.0,3.305,6,1,0,0.000761,7.980767,1,5.2,0.00178,1,0,0,0,1
CRG-2026-000669,1383.59,17,5,1271.3,0.315,0,0,0,5010,0.067,0,1185.08,1561672.68,1392.33,0,1.0883,1.1675,112.3,13.717,1,0,0,0.000886,7.233161,1,8.73,0.00631,0,1,0,1,0
CRG-2026-000670,7017.54,9,9,8759.74,-0.71,0,0,0,3258,0.265,0,9043.38,1662806.48,7060.15,0,0.8011,0.776,-1742.2,8.92,3,0,0,0.00422,8.856311,1,42.61,0.00607,1,0,0,0,1
CRG-2026-000671,16064.53,9,2,21345.86,-0.884,0,0,0,2664,0.709,0,21818.71,3377398.36,16033.11,0,0.7526,0.7363,-5281.32,7.294,2,0,0,0.004756,9.684432,1,31.43,0.00196,1,0,0,0,1
CRG-2026-000672,1549.47,9,2,1162.52,1.189,0,0,0,2459,0.557,0,1096.26,3558042.35,1539.34,0,1.3329,1.4134,386.95,6.732,0,0,0,0.000435,7.346313,1,10.12,0.00653,0,1,0,0,1
CRG-2026-000673,1803.59,15,5,2147.76,-0.572,0,0,0,809,0.191,0,2280.52,3213683.01,1804.61,0,0.8398,0.7909,-344.18,2.215,3,0,0,0.000561,7.498088,1,1.02,0.00057,0,1,0,1,0
CRG-2026-000674,4831.88,11,14,5515.95,-0.443,0,0,0,2726,0.274,0,5873.65,3080705.21,4809.64,0,0.876,0.8226,-684.07,7.463,0,0,0,0.001568,8.483197,1,22.24,0.0046,1,0,0,1,0
CRG-2026-000675,1064.79,15,11,1112.97,-0.155,0,0,0,4992,0.173,0,1173.59,3616201.96,1062.88,0,0.9567,0.9073,-48.18,13.667,4,0,0,0.000294,6.971476,1,1.91,0.0018,1,0,0,1,0
CRG-2026-000676,9187.74,10,7,8702.98,0.199,0,0,0,3666,0.094,0,9337.81,1229026.53,9255.42,0,1.0557,0.9839,484.76,10.037,5,1,0,0.007476,9.125734,1,67.69,0.00737,1,0,0,0,1
CRG-2026-000677,1066.63,18,9,1186.3,-0.36,0,0,0,3203,0.608,0,1170.11,4607808.42,1073.97,0,0.8991,0.9116,-119.68,8.769,1,0,0,0.000231,6.973193,1,7.34,0.00689,0,0,1,1,0
CRG-2026-000678,8763.86,5,9,7465.06,0.621,0,0,0,532,0.138,0,7486.52,4113661.35,8770.08,0,1.174,1.1706,1298.79,1.457,2,0,1,0.00213,9.078505,1,6.22,0.00071,1,0,0,0,1
CRG-2026-000679,1143.07,20,4,1304.98,-0.443,0,0,0,572,0.527,0,1378.51,4261163.49,1141.54,0,0.8759,0.8292,-161.91,1.566,2,0,1,0.000268,7.04235,1,1.53,0.00134,1,0,0,0,1
CRG-2026-000680,3108.64,8,6,2674.49,0.58,0,0,0,4089,0.818,0,2515.22,2342514.34,3115.17,0,1.1623,1.2359,434.15,11.195,4,0,0,0.001327,8.042263,1,6.53,0.0021,0,1,0,0,1
CRG-2026-000681,2730.96,17,12,2514.38,0.308,0,0,0,2864,0.266,0,2706.91,5409791.35,2702.63,0,1.0861,1.0089,216.58,7.841,2,0,0,0.000505,7.912774,1,28.32,0.01037,1,0,0,0,1
CRG-2026-000682,3793.87,7,11,3623.36,0.168,0,0,0,3160,0.319,0,3796.11,2199274.67,3782.21,0,1.0471,0.9994,170.51,8.652,1,0,1,0.001725,8.241406,1,11.67,0.00308,0,1,0,0,1
CRG-2026-000683,5473.89,15,6,3550.23,1.935,0,0,0,3124,0.123,0,3651.2,1757737.65,5441.25,0,1.5418,1.4992,1923.66,8.553,6,1,0,0.003114,8.607927,1,32.63,0.00596,1,0,0,0,1
CRG-2026-000684,1719.18,15,10,1958.57,-0.437,0,0,0,1459,0.376,0,1847.11,1242875.77,1719.45,0,0.8778,0.9307,-239.38,3.995,4,0,0,0.001383,7.450186,1,0.27,0.00016,1,0,0,0,1
CRG-2026-000685,1442.35,12,6,1577.44,-0.306,0,0,0,4958,0.183,0,1687.61,1495253.34,1440.37,0,0.9144,0.8547,-135.08,13.574,5,1,0,0.000965,7.274726,1,1.98,0.00137,1,0,0,1,0
CRG-2026-000686,1946.38,6,7,2029.95,-0.147,0,0,0,4692,0.143,0,1985.64,3890143.61,0.0,0,0.9588,0.9802,-83.57,12.846,5,1,1,0.0005,7.574242,0,0.0,0.0,1,0,0,0,1
CRG-2026-000687,2952.54,17,6,2490.17,0.663,0,0,0,1082,0.461,0,2421.92,3290356.07,2970.44,0,1.1857,1.2191,462.37,2.962,5,1,0,0.000897,7.99076,1,17.9,0.00606,1,0,0,1,0
CRG-2026-000688,319.58,7,6,356.96,-0.374,0,0,0,526,0.207,0,381.95,3831966.43,319.44,0,0.8953,0.8367,-37.38,1.44,5,1,1,8.3e-05,5.770127,1,0.14,0.00042,0,1,0,1,0
CRG-2026-000689,1454.69,17,8,1374.61,0.208,0,0,0,4110,0.216,0,1296.19,5497393.63,1444.42,0,1.0583,1.1223,80.07,11.253,0,0,0,0.000265,7.283234,1,10.27,0.00706,0,1,0,0,1
CRG-2026-000690,1370.69,11,7,1593.68,-0.5,0,0,0,2785,0.758,0,1493.12,3489638.71,1375.96,0,0.8601,0.918,-222.99,7.625,1,0,0,0.000393,7.223799,1,5.27,0.00384,0,0,1,1,0
CRG-2026-000691,2233.2,9,6,2444.8,-0.309,0,0,0,5020,0.113,0,2309.56,4685159.88,2238.26,0,0.9134,0.9669,-211.6,13.744,1,0,0,0.000477,7.711639,1,5.06,0.00227,0,0,1,1,0
CRG-2026-000692,1070.12,13,5,1083.24,-0.043,0,0,0,1380,0.977,0,1035.77,1515146.13,1067.88,0,0.9879,1.0332,-13.12,3.778,0,0,0,0.000706,6.97646,1,2.24,0.0021,0,1,0,1,0
CRG-2026-000693,1435.69,8,13,1444.88,-0.023,0,0,0,3135,0.059,0,1495.75,2880345.01,1418.01,0,0.9936,0.9598,-9.18,8.583,5,1,0,0.000498,7.270098,1,17.68,0.01231,1,0,0,0,1
CRG-2026-000694,1177.77,18,10,1480.48,-0.73,0,0,0,4666,0.107,0,1573.59,991415.22,1159.95,0,0.7955,0.7485,-302.71,12.775,2,0,0,0.001188,7.072229,1,17.82,0.01513,0,1,0,0,1
CRG-2026-000695,4812.59,11,4,4576.26,0.184,0,0,0,4219,0.195,0,4640.07,4144420.65,4811.35,0,1.0516,1.0372,236.33,11.551,1,0,0,0.001161,8.479198,1,1.24,0.00026,0,1,0,0,1
CRG-2026-000696,2500.5,11,4,2678.53,-0.237,0,0,0,3507,0.521,0,2538.19,1752288.62,2539.51,0,0.9335,0.9852,-178.04,9.602,0,0,0,0.001427,7.824644,1,39.02,0.0156,0,1,0,0,1
CRG-2026-000697,488.59,9,8,579.09,-0.558,0,0,0,861,0.111,0,596.07,1303568.18,486.05,0,0.8437,0.8197,-90.5,2.357,0,0,0,0.000375,6.193568,1,2.54,0.0052,1,0,0,1,0
CRG-2026-000698,3683.1,10,5,3835.58,-0.142,0,0,0,3792,0.644,0,3791.73,5050276.74,3710.58,0,0.9602,0.9714,-152.48,10.382,4,0,0,0.000729,8.211782,1,27.48,0.00746,1,0,0,1,0
CRG-2026-000699,1468.32,8,8,1681.15,-0.452,0,0,0,1390,0.561,0,1811.94,1592912.12,1478.52,0,0.8734,0.8104,-212.83,3.806,6,1,0,0.000922,7.292556,1,10.2,0.00695,1,0,0,1,0
CRG-2026-000700,1071.33,8,12,849.9,0.93,0,0,0,1285,0.137,0,841.66,5512596.28,1076.74,0,1.2605,1.2729,221.43,3.518,6,1,0,0.000194,6.977585,1,5.42,0.00506,0,1,0,0,1
CRG-2026-000701,979.79,7,5,1186.99,-0.623,0,0,0,1338,0.812,0,1123.76,4175297.4,990.8,0,0.8254,0.8719,-207.2,3.663,5,1,1,0.000235,6.888359,1,11.0,0.01123,0,1,0,0,1
CRG-2026-000702,3532.56,8,9,4333.36,-0.66,0,0,0,1154,0.299,0,4539.24,1545361.66,3496.78,0,0.8152,0.7782,-800.8,3.159,4,0,0,0.002286,8.170061,1,35.77,0.01013,0,0,1,1,0
CRG-2026-000703,3391.18,14,7,3623.36,-0.229,0,0,0,3160,0.319,0,3839.78,5019635.41,3387.43,0,0.9359,0.8832,-232.19,8.652,2,0,0,0.000676,8.129227,1,3.75,0.00111,0,1,0,1,0
CRG-2026-000704,2685.5,8,2,2765.16,-0.103,0,0,0,4667,0.31,0,2882.94,5496429.52,2667.37,0,0.9712,0.9315,-79.66,12.778,2,0,0,0.000489,7.895994,1,18.13,0.00675,1,0,0,0,1
CRG-2026-000705,8814.54,12,9,8759.74,0.022,0,0,0,3258,0.265,0,8509.0,5256395.42,8961.07,0,1.0063,1.0359,54.8,8.92,5,1,0,0.001677,9.084271,1,146.54,0.01662,1,0,0,0,1
CRG-2026-000706,65026.78,15,3,26256.61,5.274,1,0,0,2905,0.176,0,28064.65,5457717.13,64470.02,0,2.4766,2.317,38770.17,7.953,1,0,0,0.011915,11.08257,1,556.77,0.00856,0,1,0,1,0
CRG-2026-000707,12992.23,13,3,12565.38,0.121,0,0,0,2353,0.05,0,11685.87,1291880.68,13169.77,0,1.034,1.1118,426.86,6.442,6,1,0,0.010057,9.472184,1,177.54,0.01366,1,0,0,0,1
CRG-2026-000708,6573.91,7,3,5515.95,0.685,0,0,0,2726,0.274,0,5807.41,3300547.88,6603.42,0,1.1918,1.132,1057.96,7.463,5,1,1,0.001992,8.791016,1,29.51,0.00449,0,0,1,1,0
CRG-2026-000709,3124.6,8,10,3550.23,-0.428,0,0,0,3124,0.123,0,3279.19,4507794.99,3085.26,0,0.8801,0.9529,-425.63,8.553,5,1,0,0.000693,8.047381,1,39.34,0.01259,1,0,0,0,1
CRG-2026-000710,2224.07,14,6,2295.95,-0.112,0,0,0,3799,0.046,0,2412.08,3999587.69,0.0,0,0.9687,0.9221,-71.87,10.401,2,0,0,0.000556,7.707545,0,0.0,0.0,1,0,0,1,0
CRG-2026-000711,7725.14,18,6,8438.4,-0.302,0,0,0,3128,0.323,0,7791.55,4595277.75,7796.17,0,0.9155,0.9915,-713.26,8.564,1,0,0,0.001681,8.952364,1,71.03,0.00919,1,0,0,0,1
CRG-2026-000712,4246.62,18,8,5880.43,-0.992,0,0,0,1297,0.217,0,5759.26,5116428.41,4241.39,0,0.7222,0.7374,-1633.81,3.551,0,0,0,0.00083,8.354114,1,5.23,0.00123,1,0,0,0,1
CRG-2026-000713,1281.1,9,8,1445.93,-0.407,0,0,0,1408,0.096,0,1482.66,1834102.76,1287.77,0,0.886,0.8641,-164.83,3.855,4,0,0,0.000698,7.156253,1,6.67,0.00521,1,0,0,1,0
CRG-2026-000714,571.56,5,6,600.31,-0.171,0,0,0,1146,0.314,0,579.02,4007038.75,571.29,0,0.9521,0.9871,-28.75,3.138,0,0,1,0.000143,6.350118,1,0.27,0.00047,1,0,0,0,1
CRG-2026-000715,1111.82,20,8,1102.9,0.029,0,0,0,663,0.28,0,1181.81,4369365.75,1107.08,0,1.0081,0.9408,8.92,1.815,1,0,1,0.000254,7.014653,1,4.74,0.00426,0,1,0,0,1
CRG-2026-000716,577.51,17,7,541.91,0.235,0,0,0,1144,0.069,0,517.72,3164653.53,571.21,0,1.0657,1.1155,35.6,3.132,0,0,0,0.000182,6.360463,1,6.3,0.01091,0,1,0,1,0
CRG-2026-000717,1860.59,21,9,1480.48,0.917,0,0,0,4666,0.107,0,1507.37,3830652.25,1850.31,0,1.2567,1.2343,380.1,12.775,6,1,1,0.000486,7.529185,1,10.27,0.00552,1,0,0,0,1
CRG-2026-000718,26413.87,2,1,12565.38,3.936,0,0,1,2353,0.05,0,12671.2,1921953.93,0.0,0,2.1021,2.0846,13848.49,6.442,5,1,1,0.013743,10.181682,0,0.0,0.0,1,0,0,1,0
CRG-2026-000719,4013.85,11,6,4128.64,-0.099,0,0,0,1409,0.381,0,4406.77,4448821.58,4060.42,0,0.9722,0.9108,-114.79,3.858,1,0,0,0.000902,8.297755,1,46.57,0.0116,1,0,0,0,1
CRG-2026-000720,3304.95,12,8,3769.76,-0.44,0,0,0,2471,0.147,0,3927.09,5279690.63,0.0,0,0.8767,0.8416,-464.81,6.765,6,1,0,0.000626,8.103478,0,0.0,0.0,1,0,0,0,1
CRG-2026-000721,957.72,14,5,997.97,-0.144,0,0,0,3880,0.214,0,933.25,2057701.87,962.23,0,0.9597,1.0262,-40.24,10.623,0,0,0,0.000465,6.865604,1,4.5,0.0047,1,0,0,1,0
CRG-2026-000722,6071.49,10,4,5794.49,0.171,0,0,0,1971,0.109,0,5486.44,3879988.68,6166.4,0,1.0478,1.1066,277.0,5.396,4,0,0,0.001565,8.711525,1,94.91,0.01563,1,0,0,1,0
CRG-2026-000723,5554.28,16,5,2280.07,5.129,0,1,0,4636,0.231,0,2426.05,2532136.72,5350.32,0,2.436,2.2894,3274.21,12.693,3,0,0,0.002194,8.622504,1,203.96,0.03672,0,0,1,0,1
CRG-2026-000724,2296.99,9,6,2144.66,0.254,0,0,0,4469,0.041,0,2072.09,3373485.51,2298.81,0,1.071,1.1085,152.33,12.235,2,0,0,0.000681,7.739792,1,1.82,0.00079,1,0,0,0,1
CRG-2026-000725,4844.41,13,9,4039.45,0.712,0,0,0,63,0.112,0,3974.1,1078056.14,4810.19,0,1.1993,1.219,804.96,0.172,4,0,0,0.004494,8.485787,1,34.22,0.00706,0,0,1,0,1
CRG-2026-000726,1353.37,10,7,1304.98,0.132,0,0,0,572,0.527,0,1248.98,1090967.84,1356.79,0,1.0371,1.0836,48.39,1.566,3,0,0,0.001241,7.211089,1,3.42,0.00253,1,0,0,0,1
CRG-2026-000727,8972.12,17,6,8438.4,0.226,0,0,0,3128,0.323,0,8465.69,3071239.06,9009.71,0,1.0632,1.0598,533.72,8.564,6,1,0,0.002921,9.101989,1,37.59,0.00419,1,0,0,1,0
CRG-2026-000728,4751.64,10,10,6061.38,-0.772,0,0,0,622,0.193,0,6067.08,5116545.95,4703.51,0,0.7839,0.7832,-1309.74,1.703,6,1,0,0.000929,8.466455,1,48.13,0.01013,1,0,0,0,1
CRG-2026-000729,2036.23,14,7,2512.42,-0.677,0,0,0,3054,0.147,0,2442.28,881185.06,2042.93,0,0.8105,0.8337,-476.19,8.361,0,0,0,0.002311,7.619347,1,6.7,0.00329,0,0,1,1,0
CRG-2026-000730,3078.95,18,9,3268.75,-0.207,0,0,0,877,0.957,1,3485.64,3431521.83,3051.26,0,0.9419,0.8833,-189.8,2.401,4,0,0,0.000897,8.032668,1,27.69,0.00899,1,0,0,1,0
CRG-2026-000731,2100.03,15,10,2109.48,-0.016,0,0,0,614,0.317,0,2169.28,1599278.19,2105.11,0,0.9955,0.9681,-9.45,1.681,6,1,0,0.001313,7.650185,1,5.08,0.00242,1,0,0,0,1
CRG-2026-000732,9617.32,15,4,8977.19,0.255,0,0,0,1918,0.194,0,8511.02,3435096.59,9642.34,0,1.0713,1.13,640.13,5.251,4,0,0,0.0028,9.171425,1,25.02,0.0026,1,0,0,1,0
CRG-2026-000733,234.25,15,4,235.33,-0.014,0,0,0,602,0.333,0,250.54,1934786.48,232.61,0,0.9954,0.935,-1.08,1.648,0,0,0,0.000121,5.46064,1,1.64,0.007,1,0,0,1,0
CRG-2026-000734,1374.02,8,9,1374.61,-0.002,0,0,0,4110,0.216,0,1425.83,4566386.0,1364.94,0,0.9996,0.9637,-0.6,11.253,6,1,0,0.000301,7.226221,1,9.08,0.00661,0,1,0,0,1
CRG-2026-000735,5183.74,7,4,7142.06,-0.979,0,0,0,2983,0.191,0,7270.69,1230829.08,5211.01,0,0.7258,0.713,-1958.32,8.167,5,1,1,0.004212,8.553475,1,27.27,0.00526,1,0,0,0,1
CRG-2026-000736,3593.04,11,11,3623.36,-0.03,0,0,0,3160,0.319,0,3451.25,4757087.88,3639.21,0,0.9916,1.0411,-30.32,8.652,3,0,0,0.000755,8.187033,1,46.17,0.01285,1,0,0,0,1
CRG-2026-000737,4836.21,12,5,4213.93,0.527,0,0,0,951,0.32,0,4459.05,1360982.57,4883.41,0,1.1477,1.0846,622.28,2.604,3,0,0,0.003553,8.484093,1,47.2,0.00976,1,0,0,1,0
CRG-2026-000738,4075.79,17,11,3808.54,0.251,0,0,0,5162,0.206,0,4019.01,1399601.0,4053.3,0,1.0702,1.0141,267.25,14.133,5,1,0,0.002912,8.313066,1,22.49,0.00552,0,0,1,0,1
CRG-2026-000739,2371.85,17,7,2295.95,0.118,0,0,0,3799,0.046,0,2463.78,5341216.54,2373.03,0,1.0331,0.9627,75.9,10.401,5,1,0,0.000444,7.771846,1,1.18,0.0005,1,0,0,1,0
CRG-2026-000740,614.5,8,8,837.08,-0.95,0,0,0,2929,0.379,0,852.97,2477824.72,622.65,0,0.7341,0.7204,-222.58,8.019,3,0,0,0.000248,6.422434,1,8.15,0.01326,0,1,0,1,0
CRG-2026-000741,546.46,12,14,600.31,-0.32,0,0,0,1146,0.314,0,600.13,4678175.16,536.98,0,0.9103,0.9106,-53.84,3.138,6,1,0,0.000117,6.305294,1,9.48,0.01734,0,0,1,1,0
CRG-2026-000742,587.72,9,5,579.09,0.053,0,0,0,861,0.111,0,546.82,4729711.75,0.0,0,1.0149,1.0748,8.63,2.357,4,0,0,0.000124,6.377953,0,0.0,0.0,0,0,1,0,1
CRG-2026-000743,6608.77,15,6,6614.4,-0.003,0,0,0,1181,0.157,0,6098.86,1560267.49,6525.73,0,0.9991,1.0836,-5.64,3.233,6,1,0,0.004236,8.796304,1,83.04,0.01256,1,0,0,1,0
CRG-2026-000744,6532.41,21,2,6614.4,-0.044,0,0,0,1181,0.157,0,6916.97,5569520.41,6509.53,0,0.9876,0.9444,-82.0,3.233,1,0,1,0.001173,8.784684,1,22.88,0.0035,1,0,0,1,0
CRG-2026-000745,3261.57,12,8,3405.33,-0.151,0,0,0,3812,0.931,1,3467.56,5573282.61,3259.67,0,0.9578,0.9406,-143.76,10.437,1,0,0,0.000585,8.09027,1,1.9,0.00058,0,1,0,1,0
CRG-2026-000746,2204.0,5,13,2512.42,-0.438,0,0,0,3054,0.147,0,2620.9,4687986.17,2214.95,0,0.8772,0.8409,-308.42,8.361,3,0,1,0.00047,7.698485,1,10.95,0.00497,1,0,0,1,0
CRG-2026-000747,2441.11,8,3,2666.64,-0.302,0,0,0,3674,0.2,0,2742.11,4797039.81,2450.14,0,0.9154,0.8902,-225.52,10.059,5,1,0,0.000509,7.800619,1,9.03,0.0037,1,0,0,0,1
CRG-2026-000748,4177.13,18,11,4598.25,-0.327,0,0,0,5162,0.003,0,4510.55,1022845.02,4162.61,0,0.9084,0.9261,-421.12,14.133,6,1,0,0.004084,8.33762,1,14.52,0.00348,1,0,0,1,0
CRG-2026-000749,859.33,8,7,870.72,-0.047,0,0,0,2216,0.404,0,846.27,4009213.3,853.07,0,0.9869,1.0154,-11.39,6.067,1,0,0,0.000214,6.757311,1,6.26,0.00728,0,1,0,0,1
CRG-2026-000750,2604.69,13,5,2029.95,1.011,0,0,0,4692,0.143,0,1995.27,4639740.97,2596.0,0,1.2831,1.3054,574.74,12.846,1,0,0,0.000561,7.865451,1,8.68,0.00333,0,1,0,0,1
CRG-2026-000751,3203.3,15,5,1633.07,3.434,1,0,0,809,0.659,0,1513.63,4335140.8,2789.47,1,1.9615,2.1163,1570.23,2.215,4,0,0,0.000739,8.072249,1,413.83,0.12919,1,0,0,0,1
CRG-2026-000752,3373.32,12,8,3553.63,-0.181,0,0,0,1517,0.111,0,3282.02,4852238.48,3328.56,0,0.9493,1.0278,-180.31,4.153,0,0,0,0.000695,8.123949,1,44.76,0.01327,1,0,0,1,0
CRG-2026-000753,4463.21,21,8,3499.42,0.984,0,0,0,4503,0.178,0,3291.54,5097838.6,4561.59,0,1.2754,1.356,963.79,12.329,4,0,1,0.000876,8.403847,1,98.39,0.02204,0,1,0,1,0
CRG-2026-000754,9307.09,11,9,8977.19,0.131,0,0,0,1918,0.194,0,9334.33,1436041.41,9193.37,0,1.0367,0.9971,329.9,5.251,1,0,0,0.006481,9.13864,1,113.73,0.01222,1,0,0,1,0
CRG-2026-000755,2821.19,14,10,3104.17,-0.326,0,0,0,1207,0.119,0,3327.87,4751900.44,2840.14,0,0.9088,0.8477,-282.98,3.305,5,1,0,0.000594,7.945268,1,18.95,0.00672,1,0,0,1,0
CRG-2026-000756,2520.79,10,3,2902.85,-0.47,0,0,0,827,0.297,0,2680.77,3527534.84,2541.31,0,0.8684,0.9403,-382.06,2.264,5,1,0,0.000715,7.832726,1,20.51,0.00814,0,1,0,1,0
CRG-2026-000757,3170.0,12,8,3632.63,-0.455,0,0,0,2588,0.307,0,3562.55,2575920.6,3155.72,0,0.8726,0.8898,-462.63,7.086,1,0,0,0.001231,8.061803,1,14.28,0.00451,0,1,0,1,0
CRG-2026-000758,8663.27,15,5,8977.19,-0.125,0,0,0,1918,0.194,0,9625.18,3946356.95,8677.23,0,0.965,0.9001,-313.92,5.251,2,0,0,0.002195,9.066963,1,13.96,0.00161,1,0,0,1,0
CRG-2026-000759,582.59,10,4,506.84,0.534,0,0,0,63,0.211,0,543.48,4535869.07,582.97,0,1.1495,1.072,75.76,0.172,4,0,0,0.000128,6.369201,1,0.38,0.00065,1,0,0,1,0
CRG-2026-000760,946.19,12,3,919.61,0.103,0,0,0,1769,0.327,0,906.19,2243991.48,943.93,0,1.0289,1.0441,26.58,4.843,6,1,0,0.000422,6.8535,1,2.26,0.00239,1,0,0,0,1
CRG-2026-000761,2852.18,14,6,2514.38,0.48,0,0,0,2864,0.266,0,2512.67,2619594.63,2807.13,0,1.1343,1.1351,337.81,7.841,1,0,0,0.001089,7.956191,1,45.05,0.0158,0,0,1,1,0
CRG-2026-000762,1262.26,16,7,1090.14,0.564,0,0,0,3502,0.575,0,1152.76,1342484.47,1273.22,0,1.1579,1.095,172.12,9.588,4,0,0,0.00094,7.141454,1,10.95,0.00868,0,0,1,1,0
CRG-2026-000763,9644.66,12,8,11497.98,-0.576,0,0,0,2149,0.041,0,11574.5,1217679.64,9508.68,0,0.8388,0.8333,-1853.32,5.884,5,1,0,0.007921,9.174263,1,135.98,0.0141,1,0,0,0,1
CRG-2026-000764,3317.24,8,4,4220.49,-0.764,0,0,0,894,0.321,0,3896.91,3139737.35,3307.59,0,0.786,0.8512,-903.25,2.448,4,0,0,0.001057,8.107191,1,9.65,0.00291,0,1,0,1,0
CRG-2026-000765,22970.0,9,10,21345.86,0.272,0,0,0,2664,0.709,0,22005.91,1275759.71,23311.71,0,1.0761,1.0438,1624.14,7.294,5,1,0,0.018005,10.041988,1,341.72,0.01488,1,0,0,1,0
CRG-2026-000766,6714.17,9,7,5900.29,0.493,0,0,0,1044,0.004,0,6204.01,1934618.99,6793.36,0,1.1379,1.0822,813.88,2.858,4,0,0,0.003471,8.812125,1,79.19,0.01179,1,0,0,0,1
CRG-2026-000767,14406.83,16,12,14356.25,0.013,0,0,0,472,0.21,0,15134.06,1023505.31,14387.7,0,1.0035,0.9519,50.58,1.292,0,0,0,0.014076,9.575527,1,19.13,0.00133,0,1,0,0,1
CRG-2026-000768,12608.97,16,11,16700.8,-0.875,0,0,0,3539,0.026,0,15944.73,1159811.8,12743.57,0,0.755,0.7908,-4091.83,9.689,4,0,0,0.010872,9.442243,1,134.59,0.01067,1,0,0,0,1
CRG-2026-000769,2280.1,12,5,2512.42,-0.33,0,0,0,3054,0.147,0,2328.89,3685084.98,2262.92,0,0.9075,0.979,-232.33,8.361,0,0,0,0.000619,7.732411,1,17.18,0.00754,1,0,0,1,0
CRG-2026-000770,532.74,11,7,541.91,-0.06,0,0,0,1144,0.069,0,566.97,1912611.52,530.99,0,0.9831,0.9396,-9.17,3.132,3,0,0,0.000279,6.279916,1,1.76,0.0033,1,0,0,1,0
CRG-2026-000771,1299.24,11,9,1162.52,0.42,0,0,0,2459,0.557,0,1142.11,4305640.63,1313.26,0,1.1176,1.1376,136.72,6.732,6,1,0,0.000302,7.170302,1,14.02,0.01079,1,0,0,1,0
CRG-2026-000772,3285.61,8,10,2909.1,0.462,0,0,0,203,0.22,0,2780.28,4032497.11,3217.08,0,1.1294,1.1818,376.51,0.556,5,1,0,0.000815,8.097613,1,68.54,0.02086,0,1,0,1,0
CRG-2026-000773,796.55,10,6,837.08,-0.173,0,0,0,2929,0.379,0,771.66,1262804.32,796.69,0,0.9516,1.0323,-40.53,8.019,6,1,0,0.000631,6.681542,1,0.14,0.00017,1,0,0,1,0
CRG-2026-000774,5805.49,9,8,7082.06,-0.644,0,0,0,470,0.237,0,7076.23,1493551.37,5744.51,0,0.8197,0.8204,-1276.56,1.287,0,0,0,0.003887,8.666732,1,60.98,0.0105,1,0,0,0,1
CRG-2026-000775,1837.67,18,6,1750.35,0.178,0,0,0,1868,0.377,0,1748.53,5372007.14,1836.86,0,1.0499,1.051,87.33,5.114,4,0,0,0.000342,7.5168,1,0.81,0.00044,0,1,0,0,1
CRG-2026-000776,1740.34,8,5,1374.61,0.95,0,0,0,4110,0.216,0,1473.86,1666138.01,1738.81,0,1.2661,1.1808,365.73,11.253,1,0,0,0.001045,7.462411,1,1.53,0.00088,1,0,0,0,1
CRG-2026-000777,3070.04,16,7,3623.36,-0.545,0,0,0,3160,0.319,0,3411.04,801652.56,3015.72,0,0.8473,0.9,-553.32,8.652,2,0,0,0.00383,8.029772,1,54.33,0.0177,0,1,0,0,1
CRG-2026-000778,3641.16,12,7,3877.27,-0.217,0,0,0,1808,0.15,0,3926.29,2952751.44,3599.38,0,0.9391,0.9274,-236.11,4.95,4,0,0,0.001233,8.200331,1,41.78,0.01147,1,0,0,0,1
CRG-2026-000779,3286.63,9,7,3553.63,-0.268,0,0,0,1517,0.111,0,3517.34,4650102.26,3304.05,0,0.9249,0.9344,-267.0,4.153,0,0,0,0.000707,8.097921,1,17.42,0.0053,1,0,0,0,1
CRG-2026-000780,1253.32,14,10,1192.14,0.183,0,0,0,558,0.219,0,1165.15,1044836.51,1257.58,0,1.0513,1.0757,61.18,1.528,1,0,0,0.0012,7.134345,1,4.26,0.0034,0,1,0,1,0
CRG-2026-000781,1068.84,12,6,1249.54,-0.516,0,0,0,1450,0.297,0,1318.48,1028918.59,0.0,0,0.8554,0.8107,-180.7,3.97,1,0,0,0.001039,6.975267,0,0.0,0.0,0,1,0,1,0
CRG-2026-000782,1327.76,13,8,1580.9,-0.572,0,0,0,260,0.081,0,1608.55,3132659.06,1310.07,0,0.8399,0.8254,-253.14,0.712,5,1,0,0.000424,7.192004,1,17.69,0.01332,0,1,0,1,0
CRG-2026-000783,1467.43,18,2,1463.5,0.01,0,0,0,2406,0.458,0,1564.45,4687702.14,1451.05,0,1.0027,0.938,3.94,6.587,6,1,0,0.000313,7.29195,1,16.38,0.01116,1,0,0,1,0
CRG-2026-000784,841.05,18,2,817.9,0.101,0,0,0,379,0.116,0,786.59,5491392.7,849.17,0,1.0283,1.0692,23.14,1.038,1,0,0,0.000153,6.735834,1,8.12,0.00966,0,0,1,0,1
CRG-2026-000785,3825.66,17,8,3657.74,0.164,0,0,0,561,0.353,0,3817.3,4653935.43,3866.21,0,1.0459,1.0022,167.91,1.536,1,0,0,0.000822,8.249747,1,40.55,0.0106,0,1,0,0,1
CRG-2026-000786,2094.28,17,11,1750.35,0.702,0,0,0,1868,0.377,0,1732.48,1571820.58,2101.58,0,1.1965,1.2088,343.93,5.114,0,0,0,0.001332,7.64744,1,7.3,0.00349,1,0,0,1,0
CRG-2026-000787,11163.07,22,3,6067.52,2.999,1,0,1,5074,0.247,0,6128.38,970549.31,11238.16,0,1.8398,1.8215,5095.56,13.892,0,0,1,0.011502,9.320456,1,75.09,0.00673,0,1,0,0,1
CRG-2026-000788,1225.0,14,9,1249.54,-0.07,0,0,0,1450,0.297,0,1281.09,5387198.83,0.0,0,0.9804,0.9562,-24.54,3.97,6,1,0,0.000227,7.11151,0,0.0,0.0,1,0,0,1,0
CRG-2026-000789,1820.73,12,3,2003.19,-0.325,0,0,0,823,0.43,0,2021.36,3541478.0,1817.71,0,0.9089,0.9007,-182.46,2.253,2,0,0,0.000514,7.507544,1,3.02,0.00166,1,0,0,1,0
CRG-2026-000790,1484.01,13,5,1633.07,-0.326,0,0,0,809,0.539,0,1552.91,5144811.83,1474.57,0,0.9087,0.9556,-149.06,2.215,6,1,0,0.000288,7.303179,1,9.44,0.00636,1,0,0,0,1
CRG-2026-000791,1393.41,14,5,1580.9,-0.424,0,0,0,260,0.081,0,1508.05,2799473.33,1378.7,0,0.8814,0.924,-187.49,0.712,2,0,0,0.000498,7.240227,1,14.71,0.01055,1,0,0,0,1
CRG-2026-000792,6982.5,17,9,6671.21,0.167,0,0,0,1985,0.816,0,6212.62,5235239.2,6997.56,0,1.0467,1.1239,311.29,5.435,5,1,0,0.001334,8.851305,1,15.06,0.00216,0,1,0,0,1
CRG-2026-000793,627.17,15,5,694.72,-0.347,0,0,0,3349,0.114,0,700.22,3833965.97,629.97,0,0.9028,0.8957,-67.55,9.169,1,0,0,0.000164,6.442807,1,2.8,0.00447,1,0,0,1,0
CRG-2026-000794,17565.76,11,7,16700.8,0.185,0,0,0,3539,0.026,0,16742.85,3912290.36,17822.5,0,1.0518,1.0492,864.96,9.689,3,0,0,0.00449,9.773764,1,256.75,0.01462,1,0,0,1,0
CRG-2026-000795,4593.97,11,8,4263.55,0.277,0,0,0,4909,0.271,0,4408.75,1864461.38,0.0,0,1.0775,1.042,330.42,13.44,0,0,0,0.002464,8.432717,0,0.0,0.0,0,1,0,1,0
CRG-2026-000796,2561.91,12,8,2678.53,-0.156,0,0,0,3507,0.521,0,2527.36,865138.61,2532.5,0,0.9565,1.0137,-116.62,9.602,2,0,0,0.002961,7.848898,1,29.4,0.01148,0,0,1,1,0
CRG-2026-000797,2855.32,15,11,2952.13,-0.117,0,0,0,1763,0.115,0,2956.88,4758633.18,0.0,0,0.9672,0.9657,-96.81,4.827,5,1,0,0.0006,7.957288,0,0.0,0.0,1,0,0,1,0
CRG-2026-000798,2122.19,17,6,2328.51,-0.316,0,0,0,2178,0.349,0,2391.44,3525561.38,2077.61,0,0.9114,0.8874,-206.33,5.963,2,0,0,0.000602,7.660673,1,44.57,0.021,1,0,0,1,0
CRG-2026-000799,2420.05,13,6,2595.05,-0.241,0,0,0,2703,0.349,0,2704.08,2288746.68,2447.05,0,0.9326,0.895,-175.0,7.4,2,0,0,0.001057,7.791956,1,27.01,0.01116,1,0,0,1,0
CRG-2026-000800,1053.4,17,8,789.71,1.193,0,0,0,91,0.069,0,811.31,3393151.3,0.0,0,1.3339,1.2984,263.69,0.249,1,0,0,0.00031,6.960723,0,0.0,0.0,1,0,0,0,1
CRG-2026-000801,3288.27,7,5,3268.75,0.021,0,0,0,877,0.957,1,3071.62,4053869.77,3267.57,0,1.006,1.0705,19.52,2.401,5,1,1,0.000811,8.098422,1,20.7,0.0063,1,0,0,0,1
CRG-2026-000802,5448.07,15,10,4598.25,0.66,0,0,0,5162,0.003,0,4231.41,1957233.25,5396.22,0,1.1848,1.2875,849.81,14.133,2,0,0,0.002784,8.6032,1,51.85,0.00952,0,1,0,0,1
CRG-2026-000803,2316.34,10,6,2295.95,0.032,0,0,0,3799,0.046,0,2287.86,1228205.62,2279.05,0,1.0089,1.0124,20.39,10.401,0,0,0,0.001886,7.748173,1,37.29,0.0161,1,0,0,0,1
CRG-2026-000804,1692.03,8,3,1888.38,-0.371,0,0,0,4749,0.464,0,1944.35,1404701.14,1675.29,0,0.896,0.8702,-196.35,13.002,0,0,0,0.001205,7.434276,1,16.74,0.0099,1,0,0,1,0
CRG-2026-000805,4417.02,8,8,3868.31,0.507,0,0,0,3030,0.249,0,3896.75,1416172.85,4437.53,0,1.1418,1.1335,548.71,8.296,5,1,0,0.003119,8.393447,1,20.51,0.00464,1,0,0,0,1
CRG-2026-000806,2251.03,5,7,1918.8,0.618,0,0,0,3755,0.063,0,1952.53,1680331.65,2258.7,0,1.1731,1.1529,332.22,10.281,2,0,1,0.00134,7.719586,1,7.67,0.00341,1,0,0,1,0
CRG-2026-000807,2425.27,14,6,3132.89,-0.807,0,0,0,4858,0.193,0,3161.1,1021385.57,2438.56,0,0.7741,0.7672,-707.61,13.3,0,0,0,0.002374,7.794112,1,13.29,0.00548,1,0,0,1,0
CRG-2026-000808,1065.01,10,8,849.9,0.904,0,0,0,1285,0.137,0,862.72,5087664.37,0.0,0,1.2531,1.2345,215.11,3.518,5,1,0,0.000209,6.971675,0,0.0,0.0,0,0,1,1,0
CRG-2026-000809,1980.35,14,6,1888.38,0.174,0,0,0,4749,0.464,0,1809.27,3624837.29,1997.44,0,1.0487,1.0946,91.97,13.002,1,0,0,0.000546,7.591534,1,17.09,0.00863,1,0,0,1,0
CRG-2026-000810,12277.5,10,1,12565.38,-0.082,0,0,0,2353,0.05,0,12667.3,4074821.79,12247.48,0,0.9771,0.9692,-287.87,6.442,2,0,0,0.003013,9.415605,1,30.02,0.00245,1,0,0,0,1
CRG-2026-000811,3010.41,11,9,2902.85,0.132,0,0,0,827,0.297,0,2904.66,2885145.29,3050.65,0,1.0371,1.0364,107.56,2.264,3,0,0,0.001043,8.010165,1,40.24,0.01337,1,0,0,0,1
CRG-2026-000812,1574.28,9,8,1480.48,0.226,0,0,0,4666,0.107,0,1378.85,3904553.59,1584.85,0,1.0634,1.1417,93.79,12.775,1,0,0,0.000403,7.362186,1,10.57,0.00672,0,1,0,0,1
CRG-2026-000813,7822.01,8,7,7082.06,0.373,0,0,0,470,0.237,0,6944.19,848132.99,7751.64,0,1.1045,1.1264,739.95,1.287,6,1,0,0.009223,8.964824,1,70.37,0.009,0,1,0,1,0
CRG-2026-000814,1079.65,7,10,1090.14,-0.034,0,0,0,3502,0.575,0,1115.5,3649046.48,1091.09,0,0.9904,0.9679,-10.49,9.588,1,0,1,0.000296,6.985321,1,11.44,0.01059,0,1,0,1,0
CRG-2026-000815,1347.9,9,10,1410.61,-0.159,0,0,0,2741,0.105,0,1323.95,3026066.94,1348.98,0,0.9555,1.0181,-62.72,7.504,6,1,0,0.000445,7.207041,1,1.08,0.0008,1,0,0,0,1
CRG-2026-000816,1335.51,8,9,1272.13,0.178,0,0,0,2417,0.138,0,1194.83,3349123.71,1339.96,0,1.0498,1.1177,63.38,6.617,6,1,0,0.000399,7.197819,1,4.45,0.00333,1,0,0,0,1
CRG-2026-000817,6424.74,11,6,9107.73,-1.052,0,0,0,805,0.371,0,8519.64,2673387.8,6386.99,0,0.7054,0.7541,-2682.98,2.204,0,0,0,0.002403,8.768068,1,37.75,0.00588,1,0,0,0,1
CRG-2026-000818,2988.54,7,12,2666.64,0.431,0,0,0,3674,0.2,0,2663.04,1781122.06,0.0,0,1.1207,1.1222,321.91,10.059,3,0,1,0.001678,8.002875,0,0.0,0.0,1,0,0,1,0
CRG-2026-000819,6553.02,9,8,7082.06,-0.267,0,0,0,470,0.237,0,7364.79,4796515.9,6451.29,0,0.9253,0.8898,-529.04,1.287,3,0,0,0.001366,8.787834,1,101.73,0.01552,1,0,0,1,0
CRG-2026-000820,752.16,20,4,652.78,0.544,0,0,0,2109,0.185,0,660.06,1299329.17,753.92,0,1.1522,1.1395,99.38,5.774,5,1,1,0.000579,6.62428,1,1.76,0.00234,1,0,0,0,1
CRG-2026-000821,9876.13,10,3,4390.52,4.462,0,0,0,202,0.026,0,4561.88,1933360.71,10445.44,1,2.2494,2.1649,5485.61,0.553,4,0,0,0.005108,9.197977,1,569.31,0.05765,1,0,0,0,1
CRG-2026-000822,3616.35,18,7,4128.64,-0.443,0,0,0,1409,0.381,0,4289.68,1771117.21,3653.18,0,0.8759,0.843,-512.29,3.858,6,1,0,0.002042,8.193498,1,36.82,0.01018,1,0,0,1,0
CRG-2026-000823,8099.15,8,2,4263.55,3.213,0,0,0,4909,0.271,0,4160.28,5320400.92,0.0,0,1.8996,1.9468,3835.6,13.44,5,1,0,0.001522,8.999638,0,0.0,0.0,0,0,1,0,1
CRG-2026-000824,1171.53,12,6,1272.84,-0.284,0,0,0,2247,0.402,0,1270.75,2452762.82,1161.19,0,0.9204,0.9219,-101.31,6.152,0,0,0,0.000478,7.066919,1,10.34,0.00883,1,0,0,0,1
CRG-2026-000825,424.66,10,5,600.31,-1.045,0,0,0,1146,0.314,0,611.62,2989610.11,424.64,0,0.7074,0.6943,-175.64,3.138,5,1,0,0.000142,6.05365,1,0.03,6e-05,0,1,0,1,0
CRG-2026-000826,6433.85,9,10,8438.4,-0.848,0,0,0,3128,0.323,0,8428.17,3282656.95,6503.45,0,0.7624,0.7634,-2004.55,8.564,0,0,0,0.00196,8.769484,1,69.6,0.01082,1,0,0,0,1
CRG-2026-000827,3317.89,10,8,3119.52,0.227,0,0,0,2070,0.173,0,3075.33,1765617.39,3384.49,0,1.0636,1.0789,198.37,5.667,6,1,0,0.001879,8.107385,1,66.6,0.02007,1,0,0,1,0
CRG-2026-000828,5081.63,16,10,4576.26,0.394,0,0,0,4219,0.195,0,4879.92,4885620.28,5086.39,0,1.1104,1.0413,505.37,11.551,3,0,0,0.00104,8.533583,1,4.76,0.00094,1,0,0,0,1
CRG-2026-000829,620.79,8,10,837.08,-0.923,0,0,0,2929,0.379,0,787.68,2900959.0,626.27,0,0.7416,0.7881,-216.29,8.019,1,0,0,0.000214,6.432596,1,5.48,0.00883,1,0,0,1,0
CRG-2026-000830,1976.31,21,7,2007.48,-0.055,0,0,0,578,0.633,0,2133.16,2369740.26,1985.62,0,0.9845,0.9265,-31.17,1.582,1,0,1,0.000834,7.589492,1,9.31,0.00471,0,1,0,0,1
CRG-2026-000831,3116.39,15,5,3173.34,-0.064,0,0,0,434,0.243,0,3354.75,1348522.87,3102.91,0,0.9821,0.9289,-56.95,1.188,3,0,0,0.002311,8.044752,1,13.48,0.00432,1,0,0,1,0
CRG-2026-000832,3411.51,15,8,3808.54,-0.372,0,0,0,5162,0.206,0,3649.05,1662403.27,3408.29,0,0.8958,0.9349,-397.03,14.133,4,0,0,0.002052,8.135205,1,3.23,0.00095,0,0,1,0,1
CRG-2026-000833,5474.75,8,7,4366.91,0.906,0,0,0,1773,0.369,0,4441.36,4898286.62,0.0,0,1.2537,1.2327,1107.84,4.854,3,0,0,0.001118,8.608085,0,0.0,0.0,1,0,0,0,1
CRG-2026-000834,16145.22,0,7,7398.44,4.222,0,1,1,1300,0.356,0,7862.78,2332801.46,16162.37,0,2.1822,2.0534,8746.78,3.559,4,0,1,0.006921,9.689441,1,17.15,0.00106,0,1,0,0,1
CRG-2026-000835,8182.66,10,5,8918.07,-0.295,0,0,0,5029,0.167,0,8900.37,4329526.68,8294.8,0,0.9175,0.9194,-735.41,13.769,6,1,0,0.00189,9.009895,1,112.14,0.0137,1,0,0,0,1
CRG-2026-000836,271.53,7,9,208.44,0.789,0,0,0,5176,0.311,0,208.07,1282400.7,270.27,0,1.3026,1.305,63.08,14.171,0,0,1,0.000212,5.607731,1,1.25,0.00462,1,0,0,1,0
CRG-2026-000837,747.7,14,9,963.37,-0.8,0,0,0,5133,0.135,0,921.91,5446799.61,746.68,0,0.7761,0.811,-215.67,14.053,3,0,0,0.000137,6.61834,1,1.03,0.00137,1,0,0,1,0
CRG-2026-000838,1264.74,12,9,1272.13,-0.021,0,0,0,2417,0.138,0,1186.5,2480577.12,1263.73,0,0.9942,1.0659,-7.39,6.617,1,0,0,0.00051,7.143416,1,1.01,0.0008,1,0,0,0,1
CRG-2026-000839,5287.34,13,7,5018.71,0.191,0,0,0,4243,0.245,0,5365.64,3249046.99,5229.93,0,1.0535,0.9854,268.64,11.617,2,0,0,0.001627,8.57326,1,57.42,0.01086,0,1,0,1,0
CRG-2026-000840,2050.29,10,4,1750.35,0.612,0,0,0,1868,0.377,0,1784.67,3669787.38,2038.35,0,1.1714,1.1488,299.95,5.114,4,0,0,0.000559,7.626225,1,11.94,0.00583,1,0,0,0,1
CRG-2026-000841,3392.86,14,6,2546.98,1.186,0,0,0,4020,0.058,0,2668.77,5160100.92,3417.22,0,1.3321,1.2713,845.88,11.006,1,0,0,0.000658,8.129724,1,24.35,0.00718,1,0,0,1,0
CRG-2026-000842,3532.38,10,10,3769.76,-0.225,0,0,0,2471,0.147,0,3508.14,4036971.99,3540.88,0,0.937,1.0069,-237.38,6.765,5,1,0,0.000875,8.170011,1,8.5,0.00241,1,0,0,0,1
CRG-2026-000843,1526.2,14,6,1272.84,0.711,0,0,0,2247,0.402,0,1251.35,5396914.85,1522.89,0,1.1991,1.2196,253.36,6.152,1,0,0,0.000283,7.331194,1,3.32,0.00217,1,0,0,1,0
CRG-2026-000844,4316.36,18,8,4780.38,-0.347,0,0,0,5185,0.269,0,4695.02,2886627.16,0.0,0,0.9029,0.9193,-464.02,14.196,3,0,0,0.001495,8.3704,0,0.0,0.0,0,1,0,1,0
CRG-2026-000845,8535.1,2,3,3769.76,4.515,0,0,1,2471,0.147,0,3797.11,4499904.25,9523.39,0,2.2641,2.2478,4765.34,6.765,6,1,1,0.001897,9.05206,1,988.29,0.11579,0,0,1,0,1
CRG-2026-000846,13335.0,10,10,12169.6,0.342,0,0,0,3159,0.132,0,11756.06,3667484.13,0.0,0,1.0958,1.1343,1165.4,8.649,1,0,0,0.003636,9.498222,0,0.0,0.0,1,0,0,0,1
CRG-2026-000847,1092.59,11,5,1186.99,-0.284,0,0,0,1338,0.812,0,1235.12,5147419.94,1083.07,0,0.9205,0.8846,-94.4,3.663,1,0,0,0.000212,6.997223,1,9.52,0.00871,1,0,0,0,1
CRG-2026-000848,2557.58,7,6,2335.05,0.34,0,0,0,1568,0.578,0,2480.39,5138395.2,2547.21,0,1.0953,1.0311,222.53,4.293,3,0,1,0.000498,7.847209,1,10.38,0.00406,0,1,0,1,0
CRG-2026-000849,7596.62,7,5,9107.73,-0.593,0,0,0,805,0.371,0,9202.64,4982578.86,7602.09,0,0.8341,0.8255,-1511.11,2.204,4,0,1,0.001525,8.93559,1,5.47,0.00072,1,0,0,0,1
CRG-2026-000850,15785.27,11,5,17151.31,-0.284,0,0,0,238,0.291,0,17991.28,2817881.12,15985.56,0,0.9204,0.8774,-1366.04,0.652,2,0,0,0.005602,9.666896,1,200.29,0.01269,1,0,0,1,0
CRG-2026-000851,3513.81,3,4,1186.3,7.007,0,0,1,3203,0.608,0,1260.43,3467873.74,3491.22,0,2.962,2.7878,2327.51,8.769,0,0,1,0.001013,8.164742,1,22.6,0.00643,0,0,1,0,1
CRG-2026-000852,1276.22,18,13,1580.9,-0.688,0,0,0,260,0.081,0,1652.3,5382256.61,1273.46,0,0.8073,0.7724,-304.69,0.712,3,0,0,0.000237,7.152438,1,2.76,0.00216,1,0,0,1,0
CRG-2026-000853,1500.24,8,5,1249.54,0.717,0,0,0,1450,0.297,0,1216.73,5564931.69,1512.8,0,1.2006,1.233,250.71,3.97,3,0,0,0.00027,7.314049,1,12.56,0.00837,0,1,0,1,0
CRG-2026-000854,1218.08,9,4,1374.61,-0.407,0,0,0,4110,0.216,0,1352.17,1121605.52,1205.35,0,0.8861,0.9008,-156.53,11.253,3,0,0,0.001086,7.105854,1,12.73,0.01045,0,1,0,1,0
CRG-2026-000855,7948.46,6,5,9107.73,-0.455,0,0,0,805,0.371,0,9752.2,2947955.41,7881.98,0,0.8727,0.815,-1159.26,2.204,3,0,1,0.002696,8.98086,1,66.48,0.00836,0,1,0,1,0
CRG-2026-000856,1241.38,13,8,1249.54,-0.023,0,0,0,1450,0.297,0,1159.58,3291271.11,1236.71,0,0.9935,1.0705,-8.16,3.97,1,0,0,0.000377,7.124782,1,4.67,0.00376,1,0,0,1,0
CRG-2026-000857,2447.12,18,8,1958.57,0.891,0,0,0,1459,0.376,0,1953.77,1046896.88,0.0,0,1.2494,1.2525,488.55,3.995,2,0,0,0.002338,7.803076,0,0.0,0.0,0,0,1,0,1
CRG-2026-000858,2919.6,9,8,3173.34,-0.286,0,0,0,434,0.243,0,3110.26,3318881.62,2928.09,0,0.92,0.9387,-253.75,1.188,3,0,0,0.00088,7.979543,1,8.49,0.00291,0,0,1,0,1
CRG-2026-000859,2628.58,18,5,3184.3,-0.623,0,0,0,392,0.113,0,3004.77,2749132.82,2642.17,0,0.8255,0.8748,-555.72,1.073,6,1,0,0.000956,7.874579,1,13.59,0.00517,1,0,0,1,0
CRG-2026-000860,24117.44,8,6,26256.61,-0.291,0,0,0,2905,0.056,0,27236.42,3287737.2,0.0,0,0.9185,0.8855,-2139.18,7.953,6,1,0,0.007336,10.090732,0,0.0,0.0,0,0,1,0,1
CRG-2026-000861,1523.73,16,3,1272.13,0.706,0,0,0,2417,0.138,0,1249.32,3764613.6,1545.55,0,1.1978,1.2196,251.6,6.617,6,1,0,0.000405,7.329571,1,21.82,0.01432,1,0,0,0,1
CRG-2026-000862,5710.33,10,9,5880.43,-0.103,0,0,0,1297,0.217,0,5954.69,1405127.77,5731.39,0,0.9711,0.959,-170.1,3.551,5,1,0,0.004064,8.650207,1,21.07,0.00369,1,0,0,1,0
CRG-2026-000863,1409.65,8,12,1445.93,-0.09,0,0,0,1408,0.096,0,1489.18,2409629.17,1410.39,0,0.9749,0.9466,-36.28,3.855,4,0,0,0.000585,7.251806,1,0.73,0.00052,1,0,0,1,0
CRG-2026-000864,5856.0,14,11,8918.07,-1.226,0,0,0,5029,0.167,0,8308.6,3860439.48,5927.07,0,0.6566,0.7048,-3062.07,13.769,2,0,0,0.001517,8.675394,1,71.06,0.01213,0,1,0,1,0
CRG-2026-000865,1452.64,7,11,1543.34,-0.21,0,0,0,1179,0.03,0,1627.76,2576378.3,1460.14,0,0.9412,0.8924,-90.7,3.228,2,0,1,0.000564,7.281826,1,7.5,0.00516,0,0,1,1,0
CRG-2026-000866,2634.05,14,4,2975.37,-0.41,0,0,0,1769,0.245,0,3111.3,1744606.92,2619.46,0,0.8853,0.8466,-341.32,4.843,2,0,0,0.00151,7.876658,1,14.59,0.00554,0,1,0,1,0
CRG-2026-000867,3128.4,13,5,3184.3,-0.063,0,0,0,392,0.113,0,3153.63,918522.49,3118.94,0,0.9824,0.992,-55.89,1.073,4,0,0,0.003406,8.048597,1,9.47,0.00303,1,0,0,0,1
CRG-2026-000868,1381.33,15,6,1593.68,-0.476,0,0,0,2785,0.758,0,1614.2,1684274.6,1362.84,0,0.8668,0.8557,-212.35,7.625,5,1,0,0.00082,7.231527,1,18.49,0.01339,0,0,1,0,1
CRG-2026-000869,942.75,15,6,903.17,0.157,0,0,0,3016,0.309,0,904.97,4261812.71,944.02,0,1.0438,1.0417,39.58,8.257,6,1,0,0.000221,6.849861,1,1.27,0.00135,0,1,0,1,0
CRG-2026-000870,1895.5,18,9,1681.15,0.455,0,0,0,1390,0.561,0,1600.74,3231346.99,1897.3,0,1.1275,1.1841,214.35,3.806,5,1,0,0.000587,7.547767,1,1.79,0.00095,0,1,0,1,0
CRG-2026-000871,3668.95,15,8,3437.32,0.241,0,0,0,3523,0.252,0,3330.75,3895750.28,3590.38,0,1.0674,1.1015,231.63,9.645,6,1,0,0.000942,8.207934,1,78.58,0.02142,0,0,1,1,0
CRG-2026-000872,652.06,8,6,817.9,-0.724,0,0,0,379,0.116,0,832.57,5567786.71,647.39,0,0.7972,0.7832,-165.84,1.038,6,1,0,0.000117,6.481665,1,4.67,0.00715,1,0,0,1,0
CRG-2026-000873,3045.84,21,8,2678.53,0.49,0,0,0,3507,0.521,0,2577.39,4850139.96,3090.29,0,1.1371,1.1818,367.31,9.602,5,1,1,0.000628,8.021862,1,44.45,0.01459,1,0,0,0,1
CRG-2026-000874,8564.56,14,6,8918.07,-0.142,0,0,0,5029,0.167,0,8469.92,3163176.85,8474.59,0,0.9604,1.0112,-353.52,13.769,5,1,0,0.002708,9.055505,1,89.97,0.0105,0,1,0,0,1
CRG-2026-000875,2594.42,15,5,2147.76,0.743,0,0,0,809,0.191,0,2206.24,2076362.19,2581.33,0,1.208,1.176,446.66,2.215,1,0,0,0.00125,7.861506,1,13.09,0.00505,1,0,0,0,1
CRG-2026-000876,432.82,18,11,480.41,-0.354,0,0,0,255,0.194,0,475.23,2784686.03,432.46,0,0.9009,0.9108,-47.59,0.698,5,1,0,0.000155,6.072634,1,0.36,0.00084,0,1,0,0,1
CRG-2026-000877,7586.53,7,7,6440.23,0.636,0,0,0,4440,0.305,0,6789.88,4229314.1,7542.49,0,1.178,1.1173,1146.31,12.156,1,0,1,0.001794,8.934262,1,44.04,0.00581,1,0,0,0,1
CRG-2026-000878,3034.79,18,11,3173.34,-0.156,0,0,0,434,0.243,0,3047.36,2031118.71,3078.74,0,0.9563,0.9959,-138.56,1.188,1,0,0,0.001494,8.018226,1,43.96,0.01448,1,0,0,0,1
CRG-2026-000879,6606.55,2,3,2666.64,5.277,0,0,1,3674,0.2,0,2454.5,5303483.86,6644.58,0,2.4775,2.6916,3939.92,10.059,2,0,1,0.001246,8.795969,1,38.03,0.00576,0,1,0,1,0
CRG-2026-000880,490.69,13,2,600.31,-0.652,0,0,0,1146,0.314,0,599.63,4664188.42,494.94,0,0.8174,0.8183,-109.61,3.138,5,1,0,0.000105,6.197852,1,4.25,0.00866,1,0,0,1,0
CRG-2026-000881,5228.27,12,9,4333.36,0.738,0,0,0,1154,0.299,0,4462.47,5432644.39,5200.8,0,1.2065,1.1716,894.91,3.159,3,0,0,0.000962,8.562027,1,27.47,0.00525,1,0,0,0,1
CRG-2026-000882,23443.58,17,3,21345.86,0.351,0,0,0,2664,0.709,0,20434.07,4586497.4,23288.79,0,1.0983,1.1473,2097.73,7.294,0,0,0,0.005111,10.062395,1,154.79,0.0066,1,0,0,0,1
CRG-2026-000883,935.59,14,6,880.32,0.224,0,0,0,2400,0.469,0,810.79,3380656.56,926.01,0,1.0628,1.1539,55.27,6.571,6,1,0,0.000277,6.84225,1,9.59,0.01025,1,0,0,1,0
CRG-2026-000884,909.27,6,9,1102.9,-0.627,0,0,0,663,0.28,0,1127.62,4189073.96,0.0,0,0.8244,0.8064,-193.63,1.815,3,0,1,0.000217,6.813742,0,0.0,0.0,0,0,1,1,0
CRG-2026-000885,11721.59,10,8,7762.31,1.822,0,0,0,2433,0.355,0,7829.65,5042330.04,11838.19,0,1.5101,1.4971,3959.29,6.661,4,0,0,0.002325,9.369273,1,116.59,0.00995,1,0,0,0,1
CRG-2026-000886,6965.86,11,13,5794.49,0.722,0,0,0,1971,0.109,0,6117.98,4992094.29,0.0,0,1.2022,1.1386,1171.37,5.396,6,1,0,0.001395,8.84892,0,0.0,0.0,1,0,0,1,0
CRG-2026-000887,1875.87,12,10,1918.8,-0.08,0,0,0,3755,0.063,0,1815.52,3281422.98,1864.24,0,0.9776,1.0332,-42.93,10.281,6,1,0,0.000572,7.537362,1,11.63,0.0062,1,0,0,0,1
CRG-2026-000888,1912.06,12,9,2295.95,-0.597,0,0,0,3799,0.046,0,2472.5,975884.89,1851.58,0,0.8328,0.7733,-383.89,10.401,4,0,0,0.001959,7.556458,1,60.48,0.03163,1,0,0,0,1
CRG-2026-000889,7182.6,12,8,7082.06,0.051,0,0,0,470,0.237,0,6542.45,5523305.68,7160.14,0,1.0142,1.0978,100.54,1.287,5,1,0,0.0013,8.879556,1,22.46,0.00313,0,1,0,1,0
CRG-2026-000890,1731.66,14,7,1543.34,0.436,0,0,0,1179,0.03,0,1495.9,1908683.6,1730.58,0,1.122,1.1576,188.32,3.228,1,0,0,0.000907,7.457412,1,1.08,0.00062,1,0,0,0,1
CRG-2026-000891,4782.02,18,7,5900.29,-0.677,0,0,0,1044,0.004,0,5811.26,1296039.2,4771.29,0,0.8105,0.8229,-1118.28,2.858,5,1,0,0.00369,8.472827,1,10.73,0.00224,1,0,0,0,1
CRG-2026-000892,652.45,8,5,694.72,-0.217,0,0,0,3349,0.114,0,712.89,4436768.11,650.42,0,0.9392,0.9152,-42.27,9.169,2,0,0,0.000147,6.482271,1,2.03,0.00312,0,1,0,1,0
CRG-2026-000893,216.54,18,10,235.33,-0.235,0,0,0,602,0.333,0,240.77,2142830.15,215.43,0,0.9202,0.8994,-18.79,1.648,5,1,0,0.000101,5.382384,1,1.11,0.00511,0,0,1,1,0
CRG-2026-000894,906.06,12,7,789.71,0.526,0,0,0,91,0.069,0,756.08,1403330.26,895.96,0,1.1473,1.1984,116.35,0.249,1,0,0,0.000646,6.81021,1,10.11,0.01115,1,0,0,1,0
CRG-2026-000895,1200.35,12,13,1271.3,-0.199,0,0,0,5010,0.067,0,1210.7,4143503.88,1184.8,0,0.9442,0.9915,-70.94,13.717,3,0,0,0.00029,7.091205,1,15.56,0.01296,0,0,1,1,0
CRG-2026-000896,596.36,10,5,817.9,-0.967,0,0,0,379,0.116,0,841.64,2130430.68,597.71,0,0.7291,0.7086,-221.54,1.038,2,0,0,0.00028,6.39252,1,1.35,0.00226,1,0,0,1,0
CRG-2026-000897,1211.93,10,8,1304.98,-0.255,0,0,0,572,0.527,0,1283.47,1511708.13,1204.84,0,0.9287,0.9443,-93.05,1.566,2,0,0,0.000802,7.100792,1,7.09,0.00585,1,0,0,0,1
CRG-2026-000898,698.46,12,3,837.08,-0.591,0,0,0,2929,0.379,0,843.15,5258202.7,703.08,0,0.8344,0.8284,-138.61,8.019,2,0,0,0.000133,6.550314,1,4.62,0.00661,1,0,0,0,1
CRG-2026-000899,778.37,10,3,694.72,0.43,0,0,0,3349,0.114,0,700.78,5334791.68,774.7,0,1.1204,1.1107,83.65,9.169,5,1,0,0.000146,6.658488,1,3.67,0.00472,0,1,0,1,0
CRG-2026-000900,470.02,13,7,652.78,-1.0,0,0,0,2109,0.185,0,692.43,1392923.38,0.0,0,0.72,0.6788,-182.76,5.774,2,0,0,0.000337,6.154897,0,0.0,0.0,0,0,1,1,0
CRG-2026-000901,886.29,8,6,870.72,0.064,0,0,0,2216,0.404,0,803.78,5503505.05,0.0,0,1.0179,1.1026,15.57,6.067,2,0,0,0.000161,6.788172,0,0.0,0.0,1,0,0,1,0
CRG-2026-000902,537.72,9,5,600.31,-0.372,0,0,0,1146,0.314,0,584.37,3901786.29,531.25,0,0.8957,0.9202,-62.59,3.138,4,0,0,0.000138,6.289193,1,6.47,0.01204,1,0,0,0,1
CRG-2026-000903,10760.52,15,12,17151.31,-1.331,0,0,0,238,0.291,0,17070.96,5255235.01,10716.97,0,0.6274,0.6303,-6390.8,0.652,2,0,0,0.002048,9.283732,1,43.55,0.00405,1,0,0,1,0
CRG-2026-000904,2861.88,17,4,2674.49,0.25,0,0,0,4089,0.818,0,2825.22,3097741.99,2880.68,0,1.0701,1.013,187.39,11.195,3,0,0,0.000924,7.959584,1,18.8,0.00657,1,0,0,0,1
CRG-2026-000905,2229.79,10,3,2203.78,0.042,0,0,0,3100,0.317,0,2276.89,5167227.16,2216.56,0,1.0118,0.9793,26.01,8.487,1,0,0,0.000432,7.71011,1,13.23,0.00593,1,0,0,1,0
CRG-2026-000906,1665.2,5,2,1681.15,-0.034,0,0,0,1390,0.561,0,1793.3,3764612.1,0.0,0,0.9905,0.9286,-15.95,3.806,6,1,1,0.000442,7.418298,0,0.0,0.0,0,1,0,1,0
CRG-2026-000907,200.11,13,5,208.44,-0.104,0,0,0,5176,0.311,0,205.89,1565496.71,202.88,0,0.96,0.972,-8.33,14.171,3,0,0,0.000128,5.303867,1,2.77,0.01383,0,1,0,0,1
CRG-2026-000908,14343.88,23,4,7142.06,3.601,0,0,1,2983,0.191,0,7282.19,5056243.02,13941.94,0,2.0084,1.9697,7201.81,8.167,1,0,1,0.002837,9.571148,1,401.93,0.02802,1,0,0,0,1
CRG-2026-000909,7115.66,17,9,5794.49,0.814,0,0,0,1971,0.109,0,5807.26,5201101.89,7217.39,0,1.228,1.2253,1321.16,5.396,2,0,0,0.001368,8.870193,1,101.73,0.0143,0,0,1,0,1
CRG-2026-000910,3291.03,14,5,2546.98,1.043,0,0,0,4020,0.058,0,2555.4,4388479.41,3291.36,0,1.2921,1.2879,744.04,11.006,2,0,0,0.00075,8.099259,1,0.33,0.0001,0,0,1,0,1
CRG-2026-000911,4491.7,16,4,3769.76,0.684,0,0,0,2471,0.147,0,3948.51,2531964.6,4518.62,0,1.1915,1.1376,721.94,6.765,4,0,0,0.001774,8.410209,1,26.92,0.00599,0,0,1,0,1
CRG-2026-000912,4223.64,14,6,3769.76,0.43,0,0,0,2471,0.147,0,3741.52,2088090.54,4265.13,0,1.1204,1.1289,453.88,6.765,5,1,0,0.002023,8.34869,1,41.49,0.00982,1,0,0,1,0
CRG-2026-000913,1735.92,15,4,1410.61,0.824,0,0,0,2741,0.105,0,1454.78,4534238.78,1734.99,0,1.2306,1.1932,325.3,7.504,3,0,0,0.000383,7.459869,1,0.93,0.00053,1,0,0,0,1
CRG-2026-000914,1560.39,13,8,1480.48,0.193,0,0,0,4666,0.107,0,1384.45,2275554.8,1563.96,0,1.054,1.1271,79.91,12.775,4,0,0,0.000686,7.353335,1,3.57,0.00229,1,0,0,1,0
CRG-2026-000915,2832.99,17,4,3437.32,-0.628,0,0,0,3523,0.252,0,3373.35,4551990.92,2874.5,0,0.8242,0.8398,-604.33,9.645,1,0,0,0.000622,7.949441,1,41.51,0.01465,1,0,0,1,0
CRG-2026-000916,1004.05,10,5,1186.3,-0.549,0,0,0,3203,0.608,0,1243.41,4484350.22,999.32,0,0.8464,0.8075,-182.25,8.769,1,0,0,0.000224,6.912798,1,4.74,0.00472,1,0,0,0,1
CRG-2026-000917,4708.92,13,6,4598.25,0.086,0,0,0,5162,0.003,0,4798.96,4881926.47,4654.75,0,1.0241,0.9812,110.67,14.133,2,0,0,0.000965,8.457426,1,54.17,0.0115,0,1,0,0,1
CRG-2026-000918,7286.45,18,2,3632.63,3.592,1,1,0,2588,0.527,0,3658.14,2936932.91,7252.37,0,2.0058,1.9918,3653.82,7.086,0,0,0,0.002481,8.893909,1,34.08,0.00468,1,0,0,0,1
CRG-2026-000919,1295.62,8,8,600.31,4.137,1,1,0,1146,0.534,0,555.51,2954935.16,1285.75,0,2.1583,2.3323,695.32,3.138,5,1,0,0.000438,7.167519,1,9.87,0.00762,0,1,0,1,0
CRG-2026-000920,5828.76,13,6,8977.19,-1.253,0,0,0,1918,0.194,0,8307.73,2124228.29,5802.92,0,0.6493,0.7016,-3148.44,5.251,4,0,0,0.002744,8.670731,1,25.84,0.00443,1,0,0,0,1
CRG-2026-000921,3360.78,14,11,4780.38,-1.061,0,0,0,5185,0.269,0,4890.04,4467757.52,3357.7,0,0.703,0.6873,-1419.6,14.196,3,0,0,0.000752,8.120226,1,3.08,0.00092,1,0,0,1,0
CRG-2026-000922,3178.2,17,3,3553.63,-0.377,0,0,0,1517,0.111,0,3413.04,4689589.06,3207.72,0,0.8944,0.9312,-375.43,4.153,2,0,0,0.000678,8.064386,1,29.52,0.00929,1,0,0,1,0
CRG-2026-000923,807.07,13,8,806.97,0.0,0,0,0,4566,0.212,0,796.58,3906445.36,802.92,0,1.0001,1.0132,0.11,12.501,6,1,0,0.000207,6.694652,1,4.15,0.00514,0,1,0,0,1
CRG-2026-000924,1024.52,14,9,963.37,0.227,0,0,0,5133,0.135,0,964.01,3404792.03,1025.21,0,1.0635,1.0628,61.15,14.053,5,1,0,0.000301,6.932955,1,0.69,0.00067,1,0,0,1,0
CRG-2026-000925,4320.22,10,3,1633.07,5.877,0,0,0,809,0.539,0,1721.2,1384694.28,4328.03,0,2.6455,2.51,2687.14,2.215,0,0,0,0.00312,8.371292,1,7.81,0.00181,1,0,0,0,1
CRG-2026-000926,3715.57,17,6,3877.27,-0.149,0,0,0,1808,0.15,0,4057.44,1535909.71,3687.69,0,0.9583,0.9157,-161.7,4.95,5,1,0,0.002419,8.220557,1,27.88,0.0075,1,0,0,1,0
CRG-2026-000927,1280.84,14,3,1112.97,0.539,0,0,0,4992,0.173,0,1145.81,5245490.86,1298.52,0,1.1508,1.1178,167.87,13.667,0,0,0,0.000244,7.156054,1,17.68,0.0138,1,0,0,1,0
CRG-2026-000928,1710.75,11,9,1543.34,0.387,0,0,0,1179,0.03,0,1482.77,4601255.2,1715.64,0,1.1085,1.1538,167.41,3.228,0,0,0,0.000372,7.445272,1,4.89,0.00286,1,0,0,1,0
CRG-2026-000929,26234.28,20,4,26256.61,-0.003,0,0,0,2905,0.056,0,26230.01,3563041.9,26082.28,0,0.9991,1.0002,-22.34,7.953,0,0,1,0.007363,10.17486,1,152.0,0.00579,1,0,0,1,0
CRG-2026-000930,2181.22,7,6,2109.48,0.121,0,0,0,614,0.317,0,2052.24,2114716.76,2172.98,0,1.034,1.0629,71.74,1.681,1,0,1,0.001031,7.6881,1,8.24,0.00378,0,1,0,1,0
CRG-2026-000931,2539.59,13,9,2335.05,0.313,0,0,0,1568,0.578,0,2380.86,1430665.52,2507.75,0,1.0876,1.0667,204.54,4.293,0,0,0,0.001775,7.840153,1,31.85,0.01254,1,0,0,0,1
CRG-2026-000932,19251.49,8,11,17151.31,0.437,0,0,0,238,0.291,0,17768.06,3749638.35,0.0,0,1.1224,1.0835,2100.17,0.652,4,0,0,0.005134,9.865395,0,0.0,0.0,1,0,0,0,1
CRG-2026-000933,2016.94,12,6,2029.95,-0.023,0,0,0,4692,0.143,0,1869.82,2344357.05,2008.76,0,0.9936,1.0787,-13.01,12.846,1,0,0,0.00086,7.609834,1,8.18,0.00406,0,1,0,1,0
CRG-2026-000934,816.5,12,2,849.9,-0.14,0,0,0,1285,0.137,0,835.18,3496220.26,824.59,0,0.9607,0.9776,-33.39,3.518,5,1,0,0.000234,6.706255,1,8.09,0.0099,1,0,0,0,1
CRG-2026-000935,2449.25,13,5,2765.16,-0.408,0,0,0,4667,0.31,0,2969.62,4354166.87,2486.72,0,0.8858,0.8248,-315.91,12.778,6,1,0,0.000563,7.803945,1,37.47,0.0153,1,0,0,1,0
CRG-2026-000936,4250.12,16,3,4780.38,-0.396,0,0,0,5185,0.269,0,4886.82,4783543.63,0.0,0,0.8891,0.8697,-530.26,14.196,5,1,0,0.000888,8.354938,0,0.0,0.0,1,0,0,0,1
CRG-2026-000937,2013.03,20,10,1580.9,0.976,0,0,0,260,0.081,0,1603.99,983455.1,1990.13,0,1.2733,1.255,432.13,0.712,6,1,1,0.002047,7.607895,1,22.9,0.01138,1,0,0,0,1
CRG-2026-000938,5424.67,8,2,4780.38,0.481,0,0,0,5185,0.269,0,5089.74,3669243.62,0.0,0,1.1348,1.0658,644.29,14.196,6,1,0,0.001478,8.598896,0,0.0,0.0,0,1,0,0,1
CRG-2026-000939,2595.54,13,10,2444.8,0.22,0,0,0,5020,0.113,0,2429.24,2871361.3,2582.33,0,1.0617,1.0685,150.74,13.744,4,0,0,0.000904,7.861936,1,13.21,0.00509,0,1,0,1,0
CRG-2026-000940,3898.86,9,11,3550.23,0.351,0,0,0,3124,0.123,0,3328.18,1924954.35,3866.66,0,1.0982,1.1715,348.63,8.553,2,0,0,0.002025,8.268695,1,32.19,0.00826,0,1,0,0,1
CRG-2026-000941,706.49,18,6,652.78,0.294,0,0,0,2109,0.185,0,619.85,1690178.42,710.25,0,1.0823,1.1398,53.7,5.774,2,0,0,0.000418,6.561716,1,3.76,0.00533,1,0,0,1,0
CRG-2026-000942,6289.14,7,11,7465.06,-0.563,0,0,0,532,0.138,0,7584.22,3434569.6,6381.59,0,0.8425,0.8292,-1175.92,1.457,5,1,1,0.001831,8.746739,1,92.45,0.0147,0,1,0,1,0
CRG-2026-000943,7894.28,12,3,8702.98,-0.332,0,0,0,3666,0.094,0,8290.82,5385101.44,7920.37,0,0.9071,0.9522,-808.71,10.037,0,0,0,0.001466,8.97402,1,26.09,0.00331,0,1,0,0,1
CRG-2026-000944,4484.85,17,6,3477.72,1.034,0,0,0,806,0.088,0,3742.95,3715170.74,4505.84,0,1.2896,1.1982,1007.14,2.207,0,0,0,0.001207,8.408684,1,20.99,0.00468,0,1,0,1,0
CRG-2026-000945,5417.52,16,9,5900.29,-0.292,0,0,0,1044,0.004,0,5615.67,2250925.77,0.0,0,0.9182,0.9647,-482.77,2.858,1,0,0,0.002407,8.597578,0,0.0,0.0,0,1,0,1,0
CRG-2026-000946,6109.71,7,5,5493.7,0.4,0,0,0,3247,0.213,0,5274.35,5417341.43,6032.79,0,1.1121,1.1584,616.01,8.89,2,0,1,0.001128,8.717798,1,76.92,0.01259,0,1,0,0,1
CRG-2026-000947,973.29,10,6,817.9,0.679,0,0,0,379,0.116,0,774.77,3674136.32,0.0,0,1.19,1.2562,155.39,1.038,3,0,0,0.000265,6.881711,0,0.0,0.0,1,0,0,1,0
CRG-2026-000948,12089.78,15,13,14356.25,-0.564,0,0,0,472,0.21,0,15043.54,5151361.54,12134.05,0,0.8421,0.8037,-2266.47,1.292,1,0,0,0.002347,9.400198,1,44.28,0.00366,1,0,0,1,0
CRG-2026-000949,1668.19,10,3,1480.48,0.453,0,0,0,4666,0.107,0,1473.87,3213346.79,1656.84,0,1.1268,1.1318,187.7,12.775,4,0,0,0.000519,7.420091,1,11.35,0.0068,1,0,0,0,1
CRG-2026-000950,1670.05,6,9,1927.93,-0.478,0,0,0,514,0.418,0,1830.27,1123345.76,1642.47,0,0.8662,0.9125,-257.87,1.407,3,0,1,0.001487,7.421208,1,27.58,0.01652,1,0,0,1,0
CRG-2026-000951,2619.02,9,8,2109.48,0.863,0,0,0,614,0.317,0,2048.28,3792088.97,2612.77,0,1.2415,1.2786,509.54,1.681,1,0,0,0.000691,7.870936,1,6.25,0.00239,0,1,0,0,1
CRG-2026-000952,632.35,7,12,613.61,0.109,0,0,0,3260,0.421,0,615.58,1678719.67,635.23,0,1.0305,1.0273,18.74,8.925,3,0,1,0.000377,6.451026,1,2.88,0.00455,0,0,1,1,0
CRG-2026-000953,773.65,17,5,817.9,-0.193,0,0,0,379,0.116,0,850.18,4814479.56,773.64,0,0.9459,0.91,-44.26,1.038,1,0,0,0.000161,6.652407,1,0.01,1e-05,0,1,0,1,0
CRG-2026-000954,1862.88,13,13,1958.57,-0.174,0,0,0,1459,0.376,0,1847.11,3443016.28,1861.66,0,0.9511,1.0085,-95.69,3.995,0,0,0,0.000541,7.530414,1,1.22,0.00065,1,0,0,0,1
CRG-2026-000955,2426.47,10,6,2514.38,-0.125,0,0,0,2864,0.266,0,2431.31,3105736.25,2426.77,0,0.965,0.998,-87.91,7.841,6,1,0,0.000781,7.794606,1,0.29,0.00012,1,0,0,0,1
CRG-2026-000956,4572.15,15,10,3886.72,0.63,0,0,0,4722,0.193,0,3949.15,4295063.17,4596.89,0,1.1764,1.1578,685.44,12.928,2,0,0,0.001065,8.427958,1,24.74,0.00541,1,0,0,1,0
CRG-2026-000957,4057.85,7,10,3808.54,0.234,0,0,0,5162,0.206,0,4097.77,3367796.95,4054.96,0,1.0655,0.9903,249.31,14.133,1,0,1,0.001205,8.308656,1,2.89,0.00071,0,0,1,1,0
CRG-2026-000958,7639.86,12,6,3268.75,4.776,1,0,0,877,0.99,1,3262.18,3163179.19,0.0,0,2.3372,2.3419,4371.11,2.401,5,1,0,0.002415,8.941265,0,0.0,0.0,1,0,0,0,1
CRG-2026-000959,4239.91,18,7,3868.31,0.343,0,0,0,3030,0.249,0,4134.22,1302082.01,4206.05,0,1.0961,1.0256,371.61,8.296,1,0,0,0.003256,8.352534,1,33.86,0.00799,1,0,0,1,0
CRG-2026-000960,17044.0,12,14,17151.31,-0.022,0,0,0,238,0.291,0,17970.02,3291479.31,16891.93,0,0.9937,0.9485,-107.31,0.652,1,0,0,0.005178,9.743612,1,152.08,0.00892,1,0,0,0,1
CRG-2026-000961,1238.82,14,9,1186.3,0.158,0,0,0,3203,0.608,0,1208.55,1068876.05,1227.43,0,1.0443,1.025,52.51,8.769,4,0,0,0.001159,7.12272,1,11.39,0.00919,1,0,0,0,1
CRG-2026-000962,1063.64,7,5,870.72,0.791,0,0,0,2216,0.404,0,895.18,4211094.26,1053.77,0,1.2216,1.1882,192.92,6.067,4,0,1,0.000253,6.970394,1,9.87,0.00928,0,1,0,1,0
CRG-2026-000963,1144.02,16,10,1186.3,-0.127,0,0,0,3203,0.608,0,1219.49,4843043.3,1145.7,0,0.9644,0.9381,-42.29,8.769,1,0,0,0.000236,7.043174,1,1.68,0.00147,1,0,0,0,1
CRG-2026-000964,3632.56,10,1,3553.63,0.079,0,0,0,1517,0.111,0,3528.13,1438471.18,3587.0,0,1.0222,1.0296,78.93,4.153,3,0,0,0.002525,8.197969,1,45.57,0.01254,0,1,0,0,1
CRG-2026-000965,2406.36,15,10,3868.31,-1.35,0,0,0,3030,0.249,0,4161.18,1877160.14,2417.78,0,0.6221,0.5783,-1461.95,8.296,3,0,0,0.001282,7.786286,1,11.42,0.00474,1,0,0,1,0
CRG-2026-000966,9210.38,17,5,3268.75,6.492,0,1,0,877,0.99,1,3063.87,4260461.28,9275.92,0,2.8177,3.0061,5941.63,2.401,1,0,0,0.002162,9.128195,1,65.54,0.00712,1,0,0,0,1
CRG-2026-000967,1073.27,15,8,1102.9,-0.096,0,0,0,663,0.28,0,1152.6,4569974.32,1077.07,0,0.9731,0.9312,-29.63,1.815,2,0,0,0.000235,6.979399,1,3.8,0.00354,0,1,0,1,0
CRG-2026-000968,1062.02,18,5,1445.93,-0.948,0,0,0,1408,0.096,0,1520.12,3040821.05,1061.53,0,0.7345,0.6986,-383.91,3.855,2,0,0,0.000349,6.968871,1,0.49,0.00046,1,0,0,0,1
CRG-2026-000969,1129.92,11,11,1131.62,-0.005,0,0,0,3708,0.485,0,1098.11,4044503.3,1137.21,0,0.9985,1.029,-1.71,10.152,0,0,0,0.000279,7.030783,1,7.3,0.00646,1,0,0,0,1
CRG-2026-000970,2569.39,9,5,2666.64,-0.13,0,0,0,3674,0.2,0,2639.08,1694769.35,0.0,0,0.9635,0.9736,-97.24,10.059,1,0,0,0.001516,7.851815,0,0.0,0.0,1,0,0,1,0
CRG-2026-000971,5292.46,15,12,6067.52,-0.456,0,0,0,5074,0.127,0,6058.1,925065.4,5288.06,0,0.8723,0.8736,-775.05,13.892,2,0,0,0.005721,8.574228,1,4.4,0.00083,0,1,0,0,1
CRG-2026-000972,20039.75,12,6,8977.19,4.401,0,0,0,1918,0.194,0,8549.27,4769580.14,20223.56,0,2.2323,2.344,11062.55,5.251,6,1,0,0.004202,9.905523,1,183.82,0.00917,0,1,0,1,0
CRG-2026-000973,4194.96,13,8,3769.76,0.403,0,0,0,2471,0.147,0,3542.92,1718312.83,4190.98,0,1.1128,1.184,425.2,6.765,5,1,0,0.002441,8.341877,1,3.98,0.00095,1,0,0,0,1
CRG-2026-000974,1626.58,15,6,1480.48,0.352,0,0,0,4666,0.107,0,1469.85,3430145.91,1623.19,0,1.0987,1.1066,146.1,12.775,3,0,0,0.000474,7.394851,1,3.39,0.00208,0,1,0,1,0
CRG-2026-000975,3011.88,8,7,2902.85,0.134,0,0,0,827,0.297,0,2716.47,3552924.94,3011.39,0,1.0376,1.1087,109.03,2.264,5,1,0,0.000848,8.010651,1,0.49,0.00016,1,0,0,0,1
CRG-2026-000976,6919.1,9,10,7082.06,-0.082,0,0,0,470,0.237,0,7498.52,1804923.09,6935.21,0,0.977,0.9227,-162.96,1.287,1,0,0,0.003833,8.842185,1,16.11,0.00233,1,0,0,1,0
CRG-2026-000977,1008.05,18,10,817.9,0.83,0,0,0,379,0.116,0,849.42,4780300.56,0.0,0,1.2325,1.1868,190.14,1.038,0,0,0,0.000211,6.91676,0,0.0,0.0,1,0,0,0,1
CRG-2026-000978,2798.42,10,4,2734.79,0.083,0,0,0,2581,0.273,0,2560.45,5205172.88,2772.28,0,1.0233,1.0929,63.62,7.066,0,0,0,0.000538,7.937167,1,26.14,0.00934,1,0,0,0,1
CRG-2026-000979,6054.34,11,7,6328.56,-0.155,0,0,0,3190,0.341,0,6105.15,3642681.92,5993.27,0,0.9567,0.9917,-274.21,8.734,5,1,0,0.001662,8.708696,1,61.07,0.01009,1,0,0,1,0
CRG-2026-000980,2527.86,12,10,2595.05,-0.092,0,0,0,2703,0.349,0,2393.37,4137356.21,2550.79,0,0.9741,1.0562,-67.2,7.4,0,0,0,0.000611,7.835522,1,22.93,0.00907,1,0,0,1,0
CRG-2026-000981,1936.98,16,6,1918.8,0.034,0,0,0,3755,0.063,0,1822.99,4459027.79,1961.91,0,1.0095,1.0625,18.17,10.281,4,0,0,0.000434,7.5694,1,24.93,0.01287,0,1,0,1,0
CRG-2026-000982,5182.02,15,6,4366.91,0.667,0,0,0,1773,0.369,0,4058.03,4215483.45,5165.52,0,1.1867,1.277,815.11,4.854,5,1,0,0.001229,8.553143,1,16.5,0.00318,1,0,0,1,0
CRG-2026-000983,4375.42,8,5,4039.45,0.297,0,0,0,63,0.112,0,3735.16,4937972.7,4329.44,0,1.0832,1.1714,335.97,0.172,1,0,0,0.000886,8.383987,1,45.98,0.01051,1,0,0,1,0
CRG-2026-000984,2022.96,13,10,2490.17,-0.67,0,0,0,1082,0.461,0,2379.08,3921987.73,2014.49,0,0.8124,0.8503,-467.22,2.962,2,0,0,0.000516,7.612809,1,8.46,0.00418,1,0,0,1,0
CRG-2026-000985,4129.64,22,3,1681.15,5.202,0,0,1,1390,0.561,0,1619.14,4854895.89,4190.11,0,2.4564,2.5505,2448.49,3.806,2,0,1,0.000851,8.326188,1,60.47,0.01464,0,1,0,0,1
CRG-2026-000986,2213.99,8,4,2512.42,-0.424,0,0,0,3054,0.147,0,2342.69,1162518.07,2210.91,0,0.8812,0.9451,-298.43,8.361,1,0,0,0.001904,7.703003,1,3.08,0.00139,1,0,0,1,0
CRG-2026-000987,3353.24,11,4,3477.72,-0.128,0,0,0,806,0.088,0,3232.5,5572952.35,3338.72,0,0.9642,1.0374,-124.47,2.207,2,0,0,0.000602,8.117981,1,14.53,0.00433,1,0,0,1,0
CRG-2026-000988,10678.52,11,6,8918.07,0.705,0,0,0,5029,0.167,0,9102.05,2128044.19,10509.15,0,1.1974,1.1732,1760.44,13.769,6,1,0,0.005018,9.276083,1,169.36,0.01586,1,0,0,0,1
CRG-2026-000989,18907.84,4,7,8918.07,4.001,0,0,1,5029,0.167,0,9168.2,2616263.1,18915.9,0,2.1202,2.0623,9989.77,13.769,3,0,1,0.007227,9.847385,1,8.06,0.00043,1,0,0,0,1
CRG-2026-000990,1216.18,14,7,1102.9,0.367,0,0,0,663,0.28,0,1102.29,4809529.5,1200.16,0,1.1027,1.1033,113.28,1.815,3,0,0,0.000253,7.104296,1,16.02,0.01318,1,0,0,1,0
CRG-2026-000991,1858.55,17,5,2007.48,-0.265,0,0,0,578,0.633,0,1881.28,1287269.97,1860.81,0,0.9258,0.9879,-148.93,1.582,4,0,0,0.001444,7.528088,1,2.27,0.00122,0,0,1,1,0
CRG-2026-000992,605.43,7,4,480.41,0.929,0,0,0,255,0.194,0,456.94,3096864.87,605.3,0,1.2602,1.325,125.02,0.698,2,0,1,0.000195,6.407593,1,0.13,0.00022,1,0,0,0,1
CRG-2026-000993,218.0,11,5,208.44,0.119,0,0,0,5176,0.311,0,208.8,1449374.17,218.95,0,1.0459,1.0441,9.56,14.171,4,0,0,0.00015,5.389074,1,0.95,0.00436,0,0,1,0,1
CRG-2026-000994,8858.29,23,3,3868.31,4.607,1,0,1,3030,0.369,0,3833.32,1152659.0,8830.77,0,2.29,2.3109,4989.99,8.296,2,0,1,0.007685,9.089222,1,27.52,0.00311,1,0,0,0,1
CRG-2026-000995,554.61,17,8,849.9,-1.241,0,0,0,1285,0.137,0,794.48,3481939.99,0.0,0,0.6526,0.6981,-295.29,3.518,0,0,0,0.000159,6.320071,0,0.0,0.0,1,0,0,0,1
CRG-2026-000996,1608.5,14,8,1918.8,-0.578,0,0,0,3755,0.063,0,2037.01,786202.95,1615.6,0,0.8383,0.7896,-310.3,10.281,3,0,0,0.002046,7.383682,1,7.09,0.00441,1,0,0,1,0
CRG-2026-000997,1087.95,9,11,870.72,0.891,0,0,0,2216,0.404,0,817.52,2505695.58,1087.55,0,1.2495,1.3308,217.23,6.067,3,0,0,0.000434,6.99297,1,0.4,0.00036,0,1,0,0,1
CRG-2026-000998,918.54,14,4,837.08,0.348,0,0,0,2929,0.379,0,806.57,1619288.55,921.61,0,1.0973,1.1388,81.46,8.019,0,0,0,0.000567,6.82387,1,3.08,0.00335,1,0,0,1,0
CRG-2026-000999,5911.22,13,5,6614.4,-0.38,0,0,0,1181,0.157,0,6702.35,1571792.63,5869.71,0,0.8937,0.882,-703.18,3.233,4,0,0,0.003761,8.684778,1,41.51,0.00702,1,0,0,0,1
CRG-2026-001000,3734.87,7,7,3623.36,0.11,0,0,0,3160,0.319,0,3620.85,5067907.92,3714.63,0,1.0308,1.0315,111.5,8.652,4,0,1,0.000737,8.225735,1,20.24,0.00542,0,0,1,0,1
CRG-2026-001001,3653.04,7,11,3886.72,-0.215,0,0,0,4722,0.193,0,3590.54,3639403.4,3659.65,0,0.9399,1.0174,-233.68,12.928,0,0,1,0.001004,8.203588,1,6.61,0.00181,1,0,0,1,0
CRG-2026-001002,1669.86,12,12,1269.32,1.127,0,0,0,605,0.759,0,1184.85,3571819.79,1672.91,0,1.3156,1.4093,400.55,1.656,4,0,0,0.000468,7.421095,1,3.05,0.00183,1,0,0,1,0
CRG-2026-001003,5051.54,14,6,4220.49,0.703,0,0,0,894,0.321,0,4525.71,3536522.62,5118.98,0,1.1969,1.1162,831.05,2.448,2,0,0,0.001428,8.527647,1,67.44,0.01335,1,0,0,1,0
CRG-2026-001004,4118.14,10,8,3815.26,0.284,0,0,0,1113,0.075,0,4042.07,1209000.48,4146.93,0,1.0794,1.0188,302.87,3.047,6,1,0,0.003406,8.323399,1,28.79,0.00699,0,1,0,0,1
CRG-2026-001005,9953.87,20,6,9500.41,0.17,0,0,0,104,0.362,0,9061.92,2795470.65,10047.8,0,1.0477,1.0984,453.46,0.285,3,0,1,0.003561,9.205817,1,93.93,0.00944,0,1,0,1,0
CRG-2026-001006,2942.33,7,6,2975.37,-0.04,0,0,0,1769,0.245,0,2908.64,2969095.01,2922.68,0,0.9889,1.0116,-33.04,4.843,5,1,1,0.000991,7.987298,1,19.65,0.00668,1,0,0,0,1
CRG-2026-001007,7089.28,17,7,5934.05,0.695,0,0,0,3835,0.143,0,6068.85,4146712.57,7015.22,0,1.1947,1.1681,1155.23,10.5,6,1,0,0.00171,8.86648,1,74.06,0.01045,1,0,0,1,0
CRG-2026-001008,10689.69,17,6,12565.38,-0.533,0,0,0,2353,0.05,0,13356.82,2032167.94,10743.98,0,0.8507,0.8003,-1875.68,6.442,4,0,0,0.00526,9.277129,1,54.29,0.00508,0,1,0,1,0
CRG-2026-001009,19448.29,16,5,17151.31,0.478,0,0,0,238,0.291,0,15869.95,1108224.89,19493.96,0,1.1339,1.2255,2296.97,0.652,6,1,0,0.017549,9.875566,1,45.67,0.00235,0,1,0,1,0
CRG-2026-001010,1283.16,12,5,1463.5,-0.44,0,0,0,2406,0.458,0,1378.39,4444763.98,1272.03,0,0.8768,0.9309,-180.34,6.587,4,0,0,0.000289,7.157856,1,11.13,0.00867,1,0,0,1,0
CRG-2026-001011,3599.63,12,10,3119.52,0.55,0,0,0,2070,0.173,0,3020.22,1004525.0,3583.7,0,1.1539,1.1918,480.12,5.667,1,0,0,0.003583,8.188865,1,15.93,0.00443,0,1,0,1,0
CRG-2026-001012,1462.27,14,11,1487.06,-0.06,0,0,0,2095,0.468,0,1453.74,2042186.53,1465.63,0,0.9833,1.0059,-24.79,5.736,0,0,0,0.000716,7.288429,1,3.36,0.0023,0,1,0,0,1
CRG-2026-001013,677.23,15,3,613.61,0.37,0,0,0,3260,0.421,0,626.07,841665.44,679.64,0,1.1037,1.0817,63.61,8.925,6,1,0,0.000805,6.51948,1,2.41,0.00356,1,0,0,0,1
CRG-2026-001014,2002.08,8,5,1927.93,0.137,0,0,0,514,0.418,0,1886.1,2397045.99,1994.97,0,1.0385,1.0615,74.15,1.407,4,0,0,0.000835,7.602439,1,7.11,0.00355,1,0,0,1,0
CRG-2026-001015,537.07,14,6,600.31,-0.376,0,0,0,1146,0.314,0,631.74,4290851.07,0.0,0,0.8947,0.8501,-63.24,3.138,4,0,0,0.000125,6.28799,0,0.0,0.0,1,0,0,1,0
CRG-2026-001016,10866.32,7,8,12565.38,-0.483,0,0,0,2353,0.05,0,12487.39,2985200.16,10854.46,0,0.8648,0.8702,-1699.05,6.442,1,0,1,0.00364,9.293516,1,11.86,0.00109,0,1,0,1,0
CRG-2026-001017,737.64,10,8,613.61,0.722,0,0,0,3260,0.421,0,662.06,4187731.91,0.0,0,1.2021,1.1142,124.03,8.925,0,0,0,0.000176,6.604808,0,0.0,0.0,0,0,1,1,0
CRG-2026-001018,17877.81,11,6,6671.21,5.999,0,1,0,1985,0.916,0,6298.25,1903084.82,17809.51,0,2.6798,2.8385,11206.6,5.435,4,0,0,0.009394,9.791372,1,68.31,0.00382,0,1,0,1,0
CRG-2026-001019,5980.99,7,6,6440.23,-0.255,0,0,0,4440,0.305,0,6172.05,4032267.53,5898.14,0,0.9287,0.969,-459.24,12.156,3,0,1,0.001483,8.696509,1,82.85,0.01385,1,0,0,1,0
CRG-2026-001020,2729.66,13,8,2595.05,0.185,0,0,0,2703,0.349,0,2689.98,1320904.18,2754.64,0,1.0519,1.0148,134.61,7.4,0,0,0,0.002067,7.912299,1,24.98,0.00915,0,0,1,1,0
CRG-2026-001021,1114.25,12,4,1271.3,-0.441,0,0,0,5010,0.067,0,1271.38,5169609.7,1107.68,0,0.8765,0.8764,-157.05,13.717,5,1,0,0.000216,7.016835,1,6.57,0.0059,0,1,0,1,0
CRG-2026-001022,9097.23,11,6,7398.44,0.82,0,0,0,1300,0.256,0,6904.54,2839146.54,9117.99,0,1.2296,1.3176,1698.79,3.559,4,0,0,0.003204,9.115835,1,20.77,0.00228,1,0,0,1,0
CRG-2026-001023,3862.12,7,6,4333.36,-0.388,0,0,0,1154,0.299,0,4245.98,3805956.11,3898.1,0,0.8913,0.9096,-471.24,3.159,4,0,1,0.001015,8.25923,1,35.98,0.00932,0,1,0,1,0
CRG-2026-001024,30884.02,15,3,14356.25,4.112,1,1,0,472,0.43,0,14346.1,3007828.39,30428.53,0,2.1513,2.1528,16527.77,1.292,6,1,0,0.010268,10.338026,1,455.48,0.01475,0,1,0,1,0
CRG-2026-001025,1050.06,13,8,1090.14,-0.131,0,0,0,3502,0.575,0,1059.75,4729583.47,1055.3,0,0.9632,0.9909,-40.08,9.588,0,0,0,0.000222,6.957551,1,5.24,0.00499,1,0,0,1,0
CRG-2026-001026,746.38,15,9,715.8,0.153,0,0,0,4233,0.427,0,703.19,3108296.56,742.28,0,1.0427,1.0614,30.57,11.589,5,1,0,0.00024,6.616569,1,4.09,0.00549,1,0,0,0,1
CRG-2026-001027,3027.0,5,11,3104.17,-0.089,0,0,0,1207,0.119,0,3028.63,1591178.57,3025.75,0,0.9751,0.9995,-77.17,3.305,2,0,1,0.001902,8.015658,1,1.25,0.00041,1,0,0,0,1
CRG-2026-001028,1253.18,14,9,1186.99,0.199,0,0,0,1338,0.812,0,1166.78,893439.97,1237.99,0,1.0558,1.074,66.19,3.663,3,0,0,0.001403,7.134237,1,15.19,0.01212,1,0,0,1,0
CRG-2026-001029,1920.27,18,8,2144.66,-0.374,0,0,0,4469,0.041,0,2260.81,1033428.16,1925.54,0,0.8954,0.8494,-224.4,12.235,3,0,0,0.001858,7.56074,1,5.27,0.00274,1,0,0,0,1
CRG-2026-001030,4440.69,10,8,4213.93,0.192,0,0,0,951,0.32,0,4539.7,3347507.69,4492.21,0,1.0538,0.9782,226.76,2.604,5,1,0,0.001327,8.39879,1,51.52,0.0116,1,0,0,1,0
CRG-2026-001031,658.32,17,7,806.97,-0.658,0,0,0,4566,0.212,0,766.18,1835930.59,664.19,0,0.8158,0.8592,-148.64,12.501,3,0,0,0.000359,6.491213,1,5.87,0.00892,1,0,0,0,1
CRG-2026-001032,4298.33,7,10,3900.12,0.365,0,0,0,2018,0.24,0,4112.57,2438120.43,4236.34,0,1.1021,1.0452,398.21,5.525,3,0,1,0.001763,8.366215,1,61.99,0.01442,1,0,0,0,1
CRG-2026-001033,1325.73,14,7,1633.07,-0.672,0,0,0,809,0.539,0,1721.13,2579679.48,1321.13,0,0.8118,0.7703,-307.35,2.215,0,0,0,0.000514,7.190471,1,4.6,0.00347,1,0,0,0,1
CRG-2026-001034,1308.17,14,6,1633.07,-0.711,0,0,0,809,0.539,0,1715.9,2099558.25,1306.1,0,0.801,0.7624,-324.9,2.215,0,0,0,0.000623,7.177151,1,2.07,0.00158,1,0,0,0,1
CRG-2026-001035,2277.51,12,10,2514.38,-0.336,0,0,0,2864,0.266,0,2472.37,3436415.7,2285.48,0,0.9058,0.9212,-236.87,7.841,4,0,0,0.000663,7.731278,1,7.96,0.0035,1,0,0,1,0
CRG-2026-001036,7646.36,8,6,5900.29,1.057,0,0,0,1044,0.004,0,5871.58,1055698.76,7667.49,0,1.2959,1.3023,1746.07,2.858,5,1,0,0.007243,8.942116,1,21.13,0.00276,1,0,0,0,1
CRG-2026-001037,14311.44,18,5,16700.8,-0.511,0,0,0,3539,0.026,0,15640.23,1007049.71,14131.89,0,0.8569,0.915,-2389.36,9.689,5,1,0,0.014211,9.568884,1,179.55,0.01255,1,0,0,0,1
CRG-2026-001038,820.85,10,10,963.37,-0.528,0,0,0,5133,0.135,0,896.62,1417404.79,832.17,0,0.8521,0.9155,-142.53,14.053,6,1,0,0.000579,6.711554,1,11.33,0.0138,0,1,0,0,1
CRG-2026-001039,6318.8,15,10,7082.06,-0.385,0,0,0,470,0.237,0,6652.71,2877908.06,6322.73,0,0.8922,0.9498,-763.25,1.287,3,0,0,0.002196,8.751443,1,3.93,0.00062,0,1,0,0,1
CRG-2026-001040,5249.81,16,7,6067.52,-0.481,0,0,0,5074,0.127,0,6178.1,3306081.34,5229.31,0,0.8652,0.8497,-817.71,13.892,5,1,0,0.001588,8.566137,1,20.5,0.0039,0,1,0,1,0
CRG-2026-001041,2481.65,9,8,2647.1,-0.223,0,0,0,4576,0.12,0,2639.26,1256502.47,2460.87,0,0.9375,0.9403,-165.45,12.528,5,1,0,0.001975,7.817083,1,20.78,0.00837,1,0,0,1,0
CRG-2026-001042,3647.62,10,7,3623.36,0.024,0,0,0,3160,0.319,0,3356.01,2870325.17,3618.94,0,1.0067,1.0869,24.25,8.652,0,0,0,0.001271,8.202103,1,28.68,0.00786,1,0,0,1,0
CRG-2026-001043,1442.95,20,4,1577.44,-0.304,0,0,0,4958,0.183,0,1690.67,3357183.98,1439.42,0,0.9147,0.8535,-134.49,13.574,6,1,1,0.00043,7.275137,1,3.53,0.00245,1,0,0,1,0
CRG-2026-001044,14643.75,8,9,12169.6,0.726,0,0,0,3159,0.132,0,11325.73,1338465.5,14570.95,0,1.2033,1.293,2474.16,8.649,6,1,0,0.010941,9.591837,1,72.8,0.00497,1,0,0,0,1
CRG-2026-001045,941.5,8,5,903.17,0.152,0,0,0,3016,0.309,0,965.41,1802644.47,948.04,0,1.0424,0.9752,38.33,8.257,1,0,0,0.000522,6.848535,1,6.54,0.00695,1,0,0,1,0
CRG-2026-001046,3617.95,12,7,3477.72,0.144,0,0,0,806,0.088,0,3376.87,1925575.79,3604.21,0,1.0403,1.0714,140.24,2.207,3,0,0,0.001879,8.19394,1,13.74,0.0038,1,0,0,1,0
CRG-2026-001047,3116.12,12,4,1577.44,3.484,0,1,0,4958,0.283,0,1573.94,4259868.94,3324.8,0,1.9754,1.9798,1538.68,13.574,0,0,0,0.000732,8.044664,1,208.69,0.06697,1,0,0,1,0
CRG-2026-001048,870.14,5,9,837.08,0.141,0,0,0,2929,0.379,0,869.82,3218968.82,878.8,0,1.0395,1.0004,33.06,8.019,5,1,1,0.00027,6.769803,1,8.66,0.00996,1,0,0,0,1
CRG-2026-001049,710.06,7,6,600.31,0.653,0,0,0,1146,0.314,0,629.84,1790332.33,708.74,0,1.1828,1.1274,109.75,3.138,5,1,1,0.000397,6.566756,1,1.31,0.00185,1,0,0,1,0
CRG-2026-001050,4344.72,18,5,3877.27,0.431,0,0,0,1808,0.15,0,3994.66,2115170.02,4392.96,0,1.1206,1.0876,467.45,4.95,6,1,0,0.002054,8.376947,1,48.24,0.0111,1,0,0,0,1
CRG-2026-001051,2254.95,10,5,1272.84,2.756,0,0,0,2247,0.402,0,1195.59,2008643.31,2241.48,0,1.7716,1.8861,982.11,6.152,5,1,0,0.001123,7.721327,1,13.47,0.00598,0,1,0,0,1
CRG-2026-001052,1067.7,16,5,817.9,1.091,0,0,0,379,0.116,0,871.89,2105844.69,1065.71,0,1.3054,1.2246,249.8,1.038,6,1,0,0.000507,6.974202,1,1.99,0.00186,0,1,0,0,1
CRG-2026-001053,8113.17,9,10,10309.85,-0.761,0,0,0,2584,0.192,0,10269.8,2048892.53,8150.23,0,0.7869,0.79,-2196.68,7.075,3,0,0,0.00396,9.001368,1,37.06,0.00457,0,1,0,1,0
CRG-2026-001054,4597.61,9,2,5794.49,-0.738,0,0,0,1971,0.109,0,5972.27,5557292.34,4609.32,0,0.7934,0.7698,-1196.88,5.396,4,0,0,0.000827,8.43351,1,11.71,0.00255,1,0,0,0,1
CRG-2026-001055,3567.54,17,7,3835.58,-0.25,0,0,0,3792,0.644,0,3537.28,4600728.59,3569.02,0,0.9301,1.0086,-268.04,10.382,4,0,0,0.000775,8.179911,1,1.48,0.00041,0,0,1,1,0
CRG-2026-001056,1491.59,14,7,1487.06,0.011,0,0,0,2095,0.468,0,1378.98,3325091.98,1476.01,0,1.003,1.0817,4.53,5.736,1,0,0,0.000449,7.308268,1,15.58,0.01045,0,0,1,1,0
CRG-2026-001057,35547.11,12,12,26256.61,1.264,0,0,0,2905,0.056,0,26313.14,1337069.77,35698.75,0,1.3538,1.3509,9290.49,7.953,0,0,0,0.026586,10.478642,1,151.64,0.00427,1,0,0,0,1
CRG-2026-001058,684.64,16,11,652.78,0.174,0,0,0,2109,0.185,0,698.81,1256350.07,692.84,0,1.0488,0.9797,31.85,5.774,0,0,0,0.000545,6.530347,1,8.21,0.01199,1,0,0,0,1
CRG-2026-001059,480.26,17,3,480.41,-0.001,0,0,0,255,0.194,0,461.35,5034761.22,484.75,0,0.9997,1.041,-0.15,0.698,2,0,0,9.5e-05,6.176413,1,4.49,0.00935,0,1,0,0,1
CRG-2026-001060,981.73,15,4,1272.13,-0.815,0,0,0,2417,0.138,0,1301.96,3338402.71,0.0,0,0.7717,0.754,-290.4,6.617,5,1,0,0.000294,6.890335,0,0.0,0.0,1,0,0,1,0
CRG-2026-001061,842.38,13,7,1112.97,-0.868,0,0,0,4992,0.173,0,1113.74,1684414.27,0.0,0,0.7569,0.7564,-270.59,13.667,5,1,0,0.0005,6.737423,0,0.0,0.0,0,1,0,1,0
CRG-2026-001062,1613.47,16,6,1487.06,0.304,0,0,0,2095,0.468,0,1602.71,4508955.42,1595.9,0,1.085,1.0067,126.4,5.736,6,1,0,0.000358,7.38676,1,17.57,0.01089,1,0,0,1,0
CRG-2026-001063,6137.66,6,5,7465.06,-0.635,0,0,0,532,0.138,0,7029.38,1407107.19,6076.15,0,0.8222,0.8731,-1327.41,1.457,4,0,1,0.004362,8.722361,1,61.5,0.01002,1,0,0,1,0
CRG-2026-001064,3002.57,12,8,2734.79,0.35,0,0,0,2581,0.273,0,2564.0,4681199.48,3026.79,0,1.0979,1.171,267.78,7.066,3,0,0,0.000641,8.007558,1,24.21,0.00806,0,0,1,1,0
CRG-2026-001065,617.49,17,4,541.91,0.498,0,0,0,1144,0.069,0,551.4,4554517.01,621.65,0,1.1395,1.1198,75.57,3.132,5,1,0,0.000136,6.427273,1,4.17,0.00675,1,0,0,1,0
CRG-2026-001066,991.27,18,11,919.61,0.278,0,0,0,1769,0.327,0,986.17,1513281.72,989.47,0,1.0779,1.0052,71.66,4.843,1,0,0,0.000655,6.899995,1,1.8,0.00182,1,0,0,0,1
CRG-2026-001067,2233.62,10,9,2444.8,-0.308,0,0,0,5020,0.113,0,2362.81,4088225.82,2219.42,0,0.9136,0.9453,-211.18,13.744,2,0,0,0.000546,7.711826,1,14.2,0.00636,1,0,0,0,1
CRG-2026-001068,2897.79,7,8,1272.13,4.564,0,0,0,2417,0.138,0,1185.99,3564904.76,2907.61,0,2.2779,2.4433,1625.66,6.617,3,0,1,0.000813,7.97205,1,9.82,0.00339,1,0,0,1,0
CRG-2026-001069,1464.03,8,5,1633.07,-0.37,0,0,0,809,0.539,0,1758.38,2576669.32,1479.46,0,0.8965,0.8326,-169.04,2.215,0,0,0,0.000568,7.289631,1,15.43,0.01054,0,1,0,0,1
CRG-2026-001070,17536.66,7,5,16700.8,0.179,0,0,0,3539,0.026,0,16433.08,1416651.03,17564.61,0,1.05,1.0672,835.86,9.689,0,0,1,0.012379,9.772106,1,27.95,0.00159,1,0,0,0,1
CRG-2026-001071,7766.63,9,10,9107.73,-0.526,0,0,0,805,0.371,0,8861.14,3695172.85,7668.2,0,0.8528,0.8765,-1341.1,2.204,1,0,0,0.002102,8.95772,1,98.43,0.01267,1,0,0,1,0
CRG-2026-001072,2103.24,21,8,2399.05,-0.44,0,0,0,2979,0.306,0,2355.4,3278749.5,2125.02,0,0.8767,0.8929,-295.81,8.156,2,0,1,0.000641,7.651708,1,21.79,0.01036,1,0,0,0,1
CRG-2026-001073,409.2,18,12,541.91,-0.875,0,0,0,1144,0.069,0,537.23,3472468.46,403.84,0,0.7551,0.7617,-132.71,3.132,3,0,0,0.000118,6.016652,1,5.36,0.0131,1,0,0,1,0
CRG-2026-001074,1525.7,13,6,1445.93,0.197,0,0,0,1408,0.096,0,1537.36,4205599.2,1527.89,0,1.0552,0.9924,79.77,3.855,3,0,0,0.000363,7.330866,1,2.19,0.00144,0,1,0,1,0
CRG-2026-001075,1184.85,15,7,1102.9,0.265,0,0,0,663,0.28,0,1185.15,3597780.6,1188.44,0,1.0743,0.9997,81.94,1.815,1,0,0,0.000329,7.078213,1,3.59,0.00303,0,1,0,1,0
CRG-2026-001076,6580.71,16,5,2399.05,6.225,0,0,0,2979,0.306,0,2229.16,3521882.77,5834.48,1,2.7431,2.9521,4181.67,8.156,6,1,0,0.001869,8.79205,1,746.24,0.1134,0,1,0,1,0
CRG-2026-001077,1043.94,15,4,903.17,0.557,0,0,0,3016,0.309,0,960.35,2397852.93,1020.2,0,1.1559,1.087,140.76,8.257,2,0,0,0.000435,6.951711,1,23.74,0.02274,1,0,0,0,1
CRG-2026-001078,9799.54,7,6,10309.85,-0.177,0,0,0,2584,0.192,0,10059.46,3735080.52,9809.57,0,0.9505,0.9742,-510.31,7.075,6,1,1,0.002624,9.190192,1,10.03,0.00102,1,0,0,0,1
CRG-2026-001079,570.28,11,9,506.84,0.447,0,0,0,63,0.211,0,491.01,1829353.77,571.33,0,1.1252,1.1614,63.45,0.172,4,0,0,0.000312,6.347887,1,1.05,0.00183,1,0,0,0,1
CRG-2026-001080,416.59,8,6,506.84,-0.636,0,0,0,63,0.211,0,536.64,4114666.68,416.21,0,0.8219,0.7763,-90.24,0.172,0,0,0,0.000101,6.034505,1,0.39,0.00093,0,1,0,0,1
CRG-2026-001081,2202.85,7,11,2624.38,-0.574,0,0,0,1146,0.327,0,2637.06,4777660.76,2233.04,0,0.8394,0.8353,-421.53,3.138,6,1,1,0.000461,7.69796,1,30.19,0.01371,1,0,0,0,1
CRG-2026-001082,3325.69,12,7,3184.3,0.159,0,0,0,392,0.113,0,3060.8,4961288.86,3306.39,0,1.0444,1.0865,141.39,1.073,2,0,0,0.00067,8.109733,1,19.3,0.0058,1,0,0,0,1
CRG-2026-001083,2093.14,11,6,1848.95,0.472,0,0,0,4414,0.188,0,1951.71,4791625.28,2078.21,0,1.1321,1.0725,244.2,12.085,6,1,0,0.000437,7.646899,1,14.93,0.00713,1,0,0,0,1
CRG-2026-001084,3528.8,11,3,4213.93,-0.581,0,0,0,951,0.32,0,4518.23,2508054.91,3513.57,0,0.8374,0.781,-685.13,2.604,1,0,0,0.001407,8.168995,1,15.22,0.00431,1,0,0,1,0
CRG-2026-001085,1042.09,12,1,1102.9,-0.197,0,0,0,663,0.28,0,1021.99,5240827.37,1038.93,0,0.9449,1.0197,-60.81,1.815,2,0,0,0.000199,6.949946,1,3.17,0.00304,1,0,0,1,0
CRG-2026-001086,9079.32,8,1,3835.58,4.883,0,0,0,3792,0.644,0,3906.39,3769784.13,9103.54,0,2.3671,2.3242,5243.74,10.382,3,0,0,0.002408,9.113865,1,24.22,0.00267,1,0,0,1,0
CRG-2026-001087,1508.03,17,4,1463.5,0.109,0,0,0,2406,0.458,0,1488.26,3655057.98,1502.35,0,1.0304,1.0133,44.53,6.587,5,1,0,0.000413,7.319222,1,5.68,0.00377,1,0,0,1,0
CRG-2026-001088,4420.41,14,4,4333.36,0.072,0,0,0,1154,0.299,0,4487.4,4690043.46,4422.25,0,1.0201,0.9851,87.05,3.159,6,1,0,0.000943,8.394214,1,1.84,0.00042,1,0,0,1,0
CRG-2026-001089,4328.64,11,9,4128.64,0.173,0,0,0,1409,0.381,0,4346.72,5457335.94,4324.37,0,1.0484,0.9958,199.99,3.858,4,0,0,0.000793,8.373239,1,4.26,0.00099,1,0,0,1,0
CRG-2026-001090,6203.7,7,12,6067.52,0.08,0,0,0,5074,0.127,0,6419.63,5104586.48,6230.0,0,1.0224,0.9664,136.19,13.892,6,1,1,0.001215,8.733063,1,26.29,0.00424,1,0,0,0,1
CRG-2026-001091,3324.34,18,4,3173.13,0.17,0,0,0,787,0.188,0,3354.74,4246870.33,3338.4,0,1.0477,0.9909,151.21,2.155,5,1,0,0.000783,8.109328,1,14.06,0.00423,1,0,0,0,1
CRG-2026-001092,16730.83,17,7,21345.86,-0.772,0,0,0,2664,0.709,0,22043.71,1634255.87,16581.59,0,0.7838,0.759,-4615.03,7.294,4,0,0,0.010238,9.725068,1,149.24,0.00892,1,0,0,1,0
CRG-2026-001093,4625.22,8,8,3886.72,0.679,0,0,0,4722,0.193,0,4088.35,1765883.59,4649.47,0,1.19,1.1313,738.5,12.928,4,0,0,0.002619,8.439495,1,24.25,0.00524,1,0,0,0,1
CRG-2026-001094,5811.57,14,10,5880.43,-0.042,0,0,0,1297,0.217,0,5560.28,3973903.93,5756.66,0,0.9883,1.0452,-68.86,3.551,3,0,0,0.001462,8.667778,1,54.91,0.00945,0,1,0,0,1
CRG-2026-001095,6166.46,18,1,1927.93,7.852,1,0,0,514,0.538,0,1981.86,1949745.08,6184.57,0,3.1985,3.1115,4238.54,1.407,4,0,0,0.003163,8.727043,1,18.11,0.00294,0,0,1,1,0
CRG-2026-001096,15545.2,17,4,14356.25,0.296,0,0,0,472,0.21,0,13822.19,4923655.38,15279.6,0,1.0828,1.1247,1188.95,1.292,1,0,0,0.003157,9.651572,1,265.6,0.01709,1,0,0,0,1
CRG-2026-001097,1037.71,11,5,849.9,0.789,0,0,0,1285,0.137,0,803.0,1689380.69,1040.56,0,1.221,1.2923,187.81,3.518,0,0,0,0.000614,6.945731,1,2.85,0.00275,1,0,0,0,1
CRG-2026-001098,3643.84,18,8,3477.72,0.171,0,0,0,806,0.088,0,3710.1,3397727.72,3649.07,0,1.0478,0.9821,166.13,2.207,5,1,0,0.001072,8.201068,1,5.23,0.00143,1,0,0,0,1
CRG-2026-001099,2915.41,14,4,3104.17,-0.217,0,0,0,1207,0.119,0,2968.2,4077858.74,2937.01,0,0.9392,0.9822,-188.77,3.305,0,0,0,0.000715,7.978107,1,21.6,0.00741,0,1,0,1,0
CRG-2026-001100,3880.61,8,5,3769.76,0.105,0,0,0,2471,0.147,0,3555.55,1609597.37,3867.04,0,1.0294,1.0914,110.85,6.765,6,1,0,0.002411,8.264005,1,13.57,0.0035,0,1,0,1,0
CRG-2026-001101,3764.9,13,8,4366.91,-0.492,0,0,0,1773,0.369,0,4711.4,4056212.24,3772.89,0,0.8621,0.7991,-602.0,4.854,6,1,0,0.000928,8.233743,1,7.98,0.00212,1,0,0,1,0
CRG-2026-001102,651.86,17,12,600.31,0.307,0,0,0,1146,0.314,0,599.82,5087017.38,642.82,0,1.0859,1.0868,51.56,3.138,6,1,0,0.000128,6.481367,1,9.05,0.01388,1,0,0,1,0
CRG-2026-001103,1666.0,11,7,1918.8,-0.471,0,0,0,3755,0.063,0,1773.5,3977380.65,1637.44,0,0.8682,0.9394,-252.81,10.281,6,1,0,0.000419,7.418779,1,28.56,0.01714,1,0,0,1,0
CRG-2026-001104,4389.11,16,6,3553.63,0.84,0,0,0,1517,0.111,0,3405.92,1056540.83,4377.32,0,1.2351,1.2887,835.48,4.153,1,0,0,0.004154,8.387109,1,11.79,0.00269,1,0,0,1,0
CRG-2026-001105,7757.1,17,10,5900.29,1.124,0,0,0,1044,0.004,0,5513.82,1295899.23,7733.24,0,1.3147,1.4068,1856.81,2.858,0,0,0,0.005986,8.956493,1,23.86,0.00308,1,0,0,1,0
CRG-2026-001106,2258.88,15,2,1848.95,0.792,0,0,0,4414,0.188,0,1968.11,3027106.9,2258.11,0,1.2217,1.1477,409.93,12.085,3,0,0,0.000746,7.723066,1,0.77,0.00034,0,1,0,0,1
CRG-2026-001107,7486.26,10,9,7461.27,0.012,0,0,0,3301,0.348,0,7893.93,5227448.14,7528.98,0,1.0033,0.9484,24.99,9.038,3,0,0,0.001432,8.920958,1,42.72,0.00571,1,0,0,1,0
CRG-2026-001108,12187.64,14,9,4780.38,5.534,0,0,0,5185,0.269,0,5072.73,3600976.01,12229.61,0,2.5495,2.4026,7407.26,14.196,6,1,0,0.003385,9.408259,1,41.98,0.00344,0,1,0,1,0
CRG-2026-001109,3155.83,18,7,3119.52,0.042,0,0,0,2070,0.173,0,3148.31,3176349.75,0.0,0,1.0116,1.0024,36.32,5.667,0,0,0,0.000994,8.057325,0,0.0,0.0,1,0,0,1,0
CRG-2026-001110,2280.88,17,10,2546.98,-0.373,0,0,0,4020,0.058,0,2710.69,2645209.35,2280.15,0,0.8955,0.8414,-266.11,11.006,6,1,0,0.000862,7.732754,1,0.73,0.00032,0,0,1,0,1
CRG-2026-001111,2868.9,7,10,2444.8,0.62,0,0,0,5020,0.113,0,2266.18,3234326.12,2857.77,0,1.1735,1.266,424.1,13.744,0,0,1,0.000887,7.962032,1,11.12,0.00388,1,0,0,0,1
CRG-2026-001112,1743.57,13,3,1918.8,-0.326,0,0,0,3755,0.063,0,2057.62,806971.28,1731.65,0,0.9087,0.8474,-175.23,10.281,6,1,0,0.002161,7.464265,1,11.92,0.00684,1,0,0,1,0
CRG-2026-001113,721.79,8,4,963.37,-0.896,0,0,0,5133,0.135,0,903.26,5247468.59,721.74,0,0.7492,0.7991,-241.58,14.053,2,0,0,0.000138,6.583125,1,0.05,8e-05,1,0,0,0,1
CRG-2026-001114,2863.81,10,3,2490.17,0.536,0,0,0,1082,0.461,0,2318.27,4234852.43,2880.15,0,1.15,1.2353,373.64,2.962,0,0,0,0.000676,7.960259,1,16.34,0.0057,1,0,0,0,1
CRG-2026-001115,3370.52,11,7,3550.23,-0.181,0,0,0,3124,0.123,0,3445.04,1073658.34,3371.37,0,0.9494,0.9784,-179.7,8.553,6,1,0,0.003139,8.12312,1,0.85,0.00025,1,0,0,0,1
CRG-2026-001116,1723.52,18,3,2512.42,-1.121,0,0,0,3054,0.147,0,2695.04,879407.19,1721.53,0,0.686,0.6395,-788.9,8.361,4,0,0,0.00196,7.452702,1,1.98,0.00115,1,0,0,0,1
CRG-2026-001117,1029.75,20,8,1131.62,-0.322,0,0,0,3708,0.485,0,1105.41,4007112.09,1020.67,0,0.91,0.9315,-101.88,10.152,1,0,1,0.000257,6.93804,1,9.08,0.00881,1,0,0,1,0
CRG-2026-001118,9478.35,17,5,8918.07,0.224,0,0,0,5029,0.167,0,9572.18,3472492.34,9561.44,0,1.0628,0.9902,560.28,13.769,4,0,0,0.00273,9.156871,1,83.09,0.00877,1,0,0,1,0
CRG-2026-001119,1332.95,9,5,1487.06,-0.37,0,0,0,2095,0.468,0,1554.37,4662696.71,0.0,0,0.8964,0.8575,-154.12,5.736,0,0,0,0.000286,7.195898,0,0.0,0.0,1,0,0,1,0
CRG-2026-001120,4157.17,11,7,3886.72,0.249,0,0,0,4722,0.193,0,3901.22,2741769.9,4153.75,0,1.0696,1.0656,270.45,12.928,4,0,0,0.001516,8.332829,1,3.41,0.00082,1,0,0,1,0
CRG-2026-001121,2569.39,16,9,2624.38,-0.075,0,0,0,1146,0.327,0,2482.2,2050250.04,2552.5,0,0.979,1.0351,-54.99,3.138,2,0,0,0.001253,7.851811,1,16.89,0.00657,1,0,0,1,0
CRG-2026-001122,2152.69,11,6,2328.51,-0.27,0,0,0,2178,0.349,0,2325.02,3143863.47,2138.24,0,0.9245,0.9259,-175.82,5.963,6,1,0,0.000685,7.674939,1,14.45,0.00671,1,0,0,0,1
CRG-2026-001123,1685.88,10,4,1487.06,0.477,0,0,0,2095,0.468,0,1398.65,3785954.38,1677.47,0,1.1337,1.2054,198.81,5.736,1,0,0,0.000445,7.430634,1,8.41,0.00499,0,1,0,0,1
CRG-2026-001124,3410.57,16,6,3808.54,-0.373,0,0,0,5162,0.206,0,3933.38,4431226.18,0.0,0,0.8955,0.8671,-397.97,14.133,0,0,0,0.00077,8.134929,0,0.0,0.0,1,0,0,1,0
CRG-2026-001125,7346.05,21,5,8977.19,-0.649,0,0,0,1918,0.194,0,8468.07,4143059.91,7323.58,0,0.8183,0.8675,-1631.14,5.251,1,0,1,0.001773,8.902055,1,22.47,0.00306,1,0,0,0,1
CRG-2026-001126,1216.6,16,5,1410.61,-0.491,0,0,0,2741,0.105,0,1357.52,4049993.32,1223.2,0,0.8625,0.8962,-194.02,7.504,5,1,0,0.0003,7.104634,1,6.6,0.00542,1,0,0,1,0
CRG-2026-001127,4426.53,11,5,2003.19,4.32,0,0,0,823,0.43,0,1934.8,3278131.51,4399.46,0,2.2097,2.2879,2423.34,2.253,4,0,0,0.00135,8.395596,1,27.07,0.00611,1,0,0,0,1
CRG-2026-001128,6382.85,10,5,6328.56,0.031,0,0,0,3190,0.341,0,5859.3,3708648.57,6529.21,0,1.0086,1.0894,54.3,8.734,3,0,0,0.001721,8.761527,1,146.36,0.02293,0,0,1,1,0
CRG-2026-001129,15566.24,15,11,14356.25,0.301,0,0,0,472,0.21,0,14259.17,3238427.65,15453.89,0,1.0843,1.0917,1209.99,1.292,6,1,0,0.004807,9.652924,1,112.35,0.00722,1,0,0,1,0
CRG-2026-001130,20095.57,9,6,21345.86,-0.209,0,0,0,2664,0.709,0,21917.95,3663193.73,20007.67,0,0.9414,0.9169,-1250.28,7.294,6,1,0,0.005486,9.908305,1,87.9,0.00437,0,1,0,1,0
CRG-2026-001131,1675.2,8,13,2109.48,-0.735,0,0,0,614,0.317,0,2216.95,2973470.65,1673.52,0,0.7941,0.7556,-434.28,1.681,6,1,0,0.000563,7.424282,1,1.68,0.001,1,0,0,1,0
CRG-2026-001132,9749.22,7,10,8759.74,0.403,0,0,0,3258,0.265,0,9230.28,4381653.82,9802.43,0,1.113,1.0562,989.48,8.92,3,0,1,0.002225,9.185045,1,53.22,0.00546,1,0,0,1,0
CRG-2026-001133,2936.52,7,8,3173.13,-0.266,0,0,0,787,0.188,0,3271.28,4444770.07,2937.52,0,0.9254,0.8977,-236.61,2.155,0,0,1,0.000661,7.985323,1,0.99,0.00034,1,0,0,1,0
CRG-2026-001134,2171.54,12,11,2203.78,-0.052,0,0,0,3100,0.317,0,2351.37,4282989.34,2165.78,0,0.9854,0.9235,-32.24,8.487,6,1,0,0.000507,7.683653,1,5.76,0.00265,1,0,0,1,0
CRG-2026-001135,2494.48,18,8,2647.1,-0.206,0,0,0,4576,0.12,0,2582.43,2721531.82,2491.52,0,0.9423,0.9659,-152.62,12.528,1,0,0,0.000917,7.822236,1,2.96,0.00119,1,0,0,1,0
CRG-2026-001136,2272.22,15,6,3657.74,-1.353,0,0,0,561,0.353,0,3888.63,1255697.93,0.0,0,0.6212,0.5843,-1385.52,1.536,3,0,0,0.00181,7.728953,0,0.0,0.0,0,1,0,1,0
CRG-2026-001137,3174.73,6,5,4333.36,-0.955,0,0,0,1154,0.299,0,4068.97,4334544.38,3173.59,0,0.7326,0.7802,-1158.63,3.159,4,0,1,0.000732,8.063292,1,1.13,0.00036,1,0,0,1,0
CRG-2026-001138,4014.39,18,4,3769.76,0.232,0,0,0,2471,0.147,0,4028.39,1473949.05,4026.28,0,1.0649,0.9965,244.63,6.765,1,0,0,0.002724,8.297889,1,11.9,0.00296,1,0,0,0,1
CRG-2026-001139,4099.64,5,6,3886.72,0.196,0,0,0,4722,0.193,0,3843.6,3643191.13,4127.78,0,1.0548,1.0666,212.92,12.928,1,0,1,0.001125,8.318898,1,28.14,0.00686,0,1,0,0,1
CRG-2026-001140,1220.47,21,8,1271.3,-0.143,0,0,0,5010,0.067,0,1350.77,4281630.64,1207.47,0,0.96,0.9035,-50.83,13.717,5,1,1,0.000285,7.10781,1,13.0,0.01065,0,0,1,1,0
CRG-2026-001141,2884.25,12,6,2399.05,0.722,0,0,0,2979,0.306,0,2309.37,5171989.1,2837.7,0,1.2022,1.2489,485.2,8.156,5,1,0,0.000558,7.967366,1,46.54,0.01614,1,0,0,0,1
CRG-2026-001142,1225.8,7,9,1249.54,-0.068,0,0,0,1450,0.297,0,1220.48,5047581.31,1218.81,0,0.981,1.0044,-23.73,3.97,2,0,1,0.000243,7.112167,1,6.99,0.0057,1,0,0,1,0
CRG-2026-001143,2463.83,17,5,2490.17,-0.038,0,0,0,1082,0.461,0,2373.86,3608238.29,2464.64,0,0.9894,1.0379,-26.34,2.962,5,1,0,0.000683,7.809877,1,0.81,0.00033,1,0,0,0,1
CRG-2026-001144,5770.36,22,4,2674.49,4.134,1,1,1,4089,0.99,0,2469.15,1280532.03,5852.65,0,2.1576,2.337,3095.87,11.195,3,0,1,0.004506,8.660663,1,82.29,0.01426,1,0,0,1,0
CRG-2026-001145,2549.89,15,4,2399.05,0.225,0,0,0,2979,0.306,0,2219.53,3714648.76,2545.11,0,1.0629,1.1488,150.84,8.156,5,1,0,0.000686,7.844197,1,4.78,0.00187,1,0,0,0,1
CRG-2026-001146,11585.58,16,4,8977.19,1.038,0,0,0,1918,0.194,0,9484.51,3841777.45,11502.45,0,1.2906,1.2215,2608.38,5.251,6,1,0,0.003016,9.357603,1,83.13,0.00717,1,0,0,1,0
CRG-2026-001147,2690.27,16,4,3119.52,-0.491,0,0,0,2070,0.173,0,2882.93,2719789.09,2682.6,0,0.8624,0.9332,-429.24,5.667,1,0,0,0.000989,7.89777,1,7.67,0.00285,0,1,0,0,1
CRG-2026-001148,2915.68,14,7,3499.42,-0.596,0,0,0,4503,0.178,0,3383.9,3437243.22,2931.5,0,0.8332,0.8616,-583.73,12.329,4,0,0,0.000848,7.978202,1,15.82,0.00543,0,0,1,1,0
CRG-2026-001149,8729.1,7,8,8977.19,-0.099,0,0,0,1918,0.194,0,8459.77,3953110.51,8783.93,0,0.9724,1.0318,-248.1,5.251,1,0,1,0.002208,9.074532,1,54.84,0.00628,0,0,1,1,0
CRG-2026-001150,4447.71,13,10,3632.63,0.801,0,0,0,2588,0.307,0,3865.35,2626545.44,4397.54,0,1.2244,1.1507,815.08,7.086,2,0,0,0.001693,8.400368,1,50.16,0.01128,0,1,0,1,0
CRG-2026-001151,5390.49,2,4,2734.79,3.468,0,0,1,2581,0.273,0,2743.17,3401193.12,5405.54,0,1.9711,1.9651,2655.7,7.066,6,1,1,0.001585,8.592577,1,15.05,0.00279,0,1,0,0,1
CRG-2026-001152,874.66,10,10,1272.13,-1.116,0,0,0,2417,0.138,0,1206.87,5507739.25,875.03,0,0.6876,0.7247,-397.47,6.617,2,0,0,0.000159,6.77498,1,0.37,0.00042,1,0,0,1,0
CRG-2026-001153,1609.92,13,2,1593.68,0.036,0,0,0,2785,0.758,0,1468.46,882848.59,1601.51,0,1.0102,1.0963,16.24,7.625,4,0,0,0.001824,7.384563,1,8.41,0.00522,0,0,1,1,0
CRG-2026-001154,571.27,14,7,613.61,-0.246,0,0,0,3260,0.421,0,615.28,1953320.78,573.77,0,0.931,0.9285,-42.34,8.925,3,0,0,0.000292,6.349617,1,2.5,0.00438,0,1,0,0,1
CRG-2026-001155,12319.3,15,8,8977.19,1.33,0,0,0,1918,0.194,0,8996.13,948327.69,12185.07,0,1.3723,1.3694,3342.1,5.251,0,0,0,0.012991,9.419003,1,134.23,0.0109,1,0,0,1,0
CRG-2026-001156,6262.26,17,1,2975.37,3.945,0,0,0,1769,0.245,0,3172.84,3700364.52,0.0,0,2.1047,1.9737,3286.89,4.843,6,1,0,0.001692,8.742457,0,0.0,0.0,1,0,0,0,1
CRG-2026-001157,4307.6,14,8,4366.91,-0.049,0,0,0,1773,0.369,0,4216.35,807877.5,4340.24,0,0.9864,1.0216,-59.31,4.854,2,0,0,0.005332,8.368368,1,32.64,0.00758,0,0,1,1,0
CRG-2026-001158,2500.32,16,6,2512.42,-0.017,0,0,0,3054,0.147,0,2455.27,4244923.05,2494.28,0,0.9952,1.0184,-12.1,8.361,4,0,0,0.000589,7.824575,1,6.05,0.00242,1,0,0,1,0
CRG-2026-001159,15328.24,8,3,12565.38,0.785,0,0,0,2353,0.05,0,12826.22,4980489.81,15289.57,0,1.2199,1.1951,2762.87,6.442,3,0,0,0.003078,9.637518,1,38.68,0.00252,0,1,0,1,0
CRG-2026-001160,2211.17,14,2,2546.98,-0.471,0,0,0,4020,0.058,0,2716.02,2381957.47,2194.98,0,0.8682,0.8141,-335.82,11.006,1,0,0,0.000928,7.701729,1,16.19,0.00732,1,0,0,0,1
CRG-2026-001161,1108.32,7,8,1186.99,-0.237,0,0,0,1338,0.812,0,1168.09,3645081.42,1116.04,0,0.9337,0.9488,-78.67,3.663,2,0,1,0.000304,7.011502,1,7.72,0.00697,0,0,1,1,0
CRG-2026-001162,1520.16,14,5,1445.93,0.183,0,0,0,1408,0.096,0,1404.29,851667.52,1548.76,0,1.0513,1.0825,74.23,3.855,6,1,0,0.001785,7.327228,1,28.6,0.01881,0,1,0,1,0
CRG-2026-001163,3771.12,15,3,1487.06,5.486,0,1,0,2095,0.568,0,1564.34,2573626.74,3244.36,1,2.5359,2.4107,2284.05,5.736,5,1,0,0.001465,8.235391,1,526.75,0.13968,1,0,0,0,1
CRG-2026-001164,20188.65,7,8,21345.86,-0.194,0,0,0,2664,0.709,0,19985.66,3712113.63,20293.82,0,0.9458,1.0102,-1157.21,7.294,0,0,1,0.005439,9.912925,1,105.18,0.00521,1,0,0,0,1
CRG-2026-001165,660.1,17,5,694.72,-0.178,0,0,0,3349,0.114,0,682.35,4025093.0,651.47,0,0.9502,0.9674,-34.62,9.169,5,1,0,0.000164,6.4939,1,8.63,0.01307,0,1,0,1,0
CRG-2026-001166,3249.47,12,7,3184.3,0.073,0,0,0,392,0.113,0,3426.94,3898840.49,3252.79,0,1.0205,0.9482,65.18,1.073,2,0,0,0.000833,8.086556,1,3.32,0.00102,1,0,0,0,1
CRG-2026-001167,2810.27,16,4,2647.1,0.22,0,0,0,4576,0.12,0,2853.1,4264754.99,2793.25,0,1.0616,0.985,163.17,12.528,4,0,0,0.000659,7.941393,1,17.02,0.00606,1,0,0,1,0
CRG-2026-001168,2475.25,16,6,2546.98,-0.101,0,0,0,4020,0.058,0,2450.78,955884.39,2498.08,0,0.9718,1.01,-71.74,11.006,5,1,0,0.002589,7.8145,1,22.84,0.00923,0,1,0,0,1
CRG-2026-001169,1640.96,11,2,1543.34,0.226,0,0,0,1179,0.03,0,1571.56,2542815.22,1643.72,0,1.0633,1.0442,97.62,3.228,2,0,0,0.000645,7.403647,1,2.76,0.00168,0,1,0,0,1
CRG-2026-001170,5047.67,18,10,5880.43,-0.506,0,0,0,1297,0.217,0,5677.16,4530925.12,5108.18,0,0.8584,0.8891,-832.75,3.551,2,0,0,0.001114,8.526881,1,60.51,0.01199,0,0,1,0,1
CRG-2026-001171,12669.61,13,14,8918.07,1.502,0,0,0,5029,0.167,0,9398.84,4253994.88,0.0,0,1.4207,1.348,3751.54,13.769,6,1,0,0.002978,9.447041,0,0.0,0.0,1,0,0,0,1
CRG-2026-001172,3577.99,10,6,3405.33,0.181,0,0,0,3812,0.931,1,3456.52,2709022.74,3593.0,0,1.0507,1.0351,172.66,10.437,3,0,0,0.001321,8.182837,1,15.01,0.00419,1,0,0,0,1
CRG-2026-001173,12465.79,12,4,12001.17,0.138,0,0,0,3359,0.129,0,12369.46,1218187.47,12478.88,0,1.0387,1.0078,464.61,9.196,4,0,0,0.010233,9.430823,1,13.1,0.00105,1,0,0,1,0
CRG-2026-001174,6288.74,13,13,6061.38,0.134,0,0,0,622,0.193,0,5941.6,2516062.95,6238.68,0,1.0375,1.0584,227.37,1.703,6,1,0,0.002499,8.746675,1,50.06,0.00796,1,0,0,0,1
CRG-2026-001175,2305.92,5,5,963.37,4.977,0,1,0,5133,0.235,0,998.15,1553028.08,2271.88,0,2.3936,2.3102,1342.55,14.053,4,0,1,0.001485,7.743669,1,34.05,0.01476,1,0,0,1,0
CRG-2026-001176,3288.52,11,5,2952.13,0.407,0,0,0,1763,0.115,0,2825.34,4432742.67,3255.61,0,1.1139,1.1639,336.39,4.827,0,0,0,0.000742,8.098496,1,32.9,0.01001,1,0,0,0,1
CRG-2026-001177,2079.45,10,11,2673.45,-0.794,0,0,0,4504,0.151,0,2861.84,1045104.41,2095.56,0,0.7778,0.7266,-594.01,12.331,4,0,0,0.00199,7.640337,1,16.12,0.00775,0,1,0,0,1
CRG-2026-001178,810.27,14,5,789.71,0.093,0,0,0,91,0.069,0,794.19,3353469.87,806.86,0,1.026,1.0202,20.56,0.249,0,0,0,0.000242,6.698596,1,3.4,0.0042,1,0,0,1,0
CRG-2026-001179,5115.31,11,7,5493.7,-0.246,0,0,0,3247,0.213,0,5183.4,5559135.52,5060.2,0,0.9311,0.9869,-378.38,8.89,2,0,0,0.00092,8.54019,1,55.11,0.01077,1,0,0,0,1
CRG-2026-001180,7492.8,10,7,6067.52,0.839,0,0,0,5074,0.127,0,5811.81,1877846.09,7462.06,0,1.2349,1.2892,1425.28,13.892,5,1,0,0.00399,8.921831,1,30.74,0.0041,1,0,0,0,1
CRG-2026-001181,2756.89,14,12,3173.34,-0.469,0,0,0,434,0.243,0,3307.41,1361509.11,2745.61,0,0.8688,0.8335,-416.45,1.188,1,0,0,0.002025,7.922222,1,11.28,0.00409,0,0,1,1,0
CRG-2026-001182,5536.02,15,4,6440.23,-0.501,0,0,0,4440,0.305,0,6902.07,2060829.68,5506.78,0,0.8596,0.8021,-904.21,12.156,1,0,0,0.002686,8.619212,1,29.24,0.00528,1,0,0,1,0
CRG-2026-001183,2371.01,15,4,1001.23,4.886,0,0,0,953,0.882,0,1046.94,3873892.48,2361.5,0,2.3681,2.2647,1369.77,2.609,0,0,0,0.000612,7.771492,1,9.51,0.00401,0,1,0,1,0
CRG-2026-001184,2956.83,12,10,2666.64,0.389,0,0,0,3674,0.2,0,2789.28,1980201.11,2911.99,0,1.1088,1.0601,290.19,10.059,2,0,0,0.001493,7.992209,1,44.83,0.01516,1,0,0,0,1
CRG-2026-001185,3033.46,13,5,1186.3,5.561,0,0,0,3203,0.608,0,1255.89,1484658.63,3041.57,0,2.5571,2.4154,1847.16,8.769,0,0,0,0.002043,8.017788,1,8.11,0.00267,0,1,0,0,1
CRG-2026-001186,3880.45,10,8,3437.32,0.46,0,0,0,3523,0.252,0,3230.1,2223403.9,3870.03,0,1.1289,1.2013,443.14,9.645,0,0,0,0.001745,8.263965,1,10.42,0.00269,1,0,0,1,0
CRG-2026-001187,4968.11,12,6,4213.93,0.639,0,0,0,951,0.32,0,4310.18,3101158.69,4921.84,0,1.179,1.1526,754.18,2.604,2,0,0,0.001602,8.510997,1,46.28,0.00931,0,0,1,1,0
CRG-2026-001188,2379.78,11,14,2109.48,0.458,0,0,0,614,0.317,0,2047.23,815033.12,2367.4,0,1.1281,1.1624,270.3,1.681,6,1,0,0.00292,7.775183,1,12.38,0.0052,0,1,0,1,0
CRG-2026-001189,2924.22,13,8,2666.64,0.345,0,0,0,3674,0.2,0,2655.5,4522452.12,2961.94,0,1.0966,1.1012,257.58,10.059,5,1,0,0.000647,7.981125,1,37.72,0.0129,0,0,1,1,0
CRG-2026-001190,3375.84,12,3,3877.27,-0.462,0,0,0,1808,0.15,0,3951.87,2321743.93,3407.56,0,0.8707,0.8542,-501.43,4.95,4,0,0,0.001454,8.124696,1,31.72,0.0094,1,0,0,1,0
CRG-2026-001191,7321.72,13,7,7461.27,-0.067,0,0,0,3301,0.348,0,7156.56,5400114.1,0.0,0,0.9813,1.0231,-139.54,9.038,4,0,0,0.001356,8.898738,0,0.0,0.0,1,0,0,1,0
CRG-2026-001192,2142.42,17,5,2295.95,-0.239,0,0,0,3799,0.046,0,2241.69,5533517.01,2156.34,0,0.9331,0.9557,-153.52,10.401,3,0,0,0.000387,7.670159,1,13.91,0.00649,1,0,0,1,0
CRG-2026-001193,3986.42,12,10,3835.58,0.14,0,0,0,3792,0.644,0,3787.03,1921707.44,3982.44,0,1.0393,1.0527,150.84,10.382,6,1,0,0.002074,8.290899,1,3.98,0.001,1,0,0,1,0
CRG-2026-001194,7016.23,11,7,6671.21,0.185,0,0,0,1985,0.816,0,6945.84,4659056.75,6990.07,0,1.0517,1.0101,345.02,5.435,4,0,0,0.001506,8.856124,1,26.16,0.00373,1,0,0,1,0
CRG-2026-001195,3325.49,16,8,4220.49,-0.757,0,0,0,894,0.321,0,4163.33,894068.76,3355.03,0,0.7879,0.7988,-895.0,2.448,2,0,0,0.00372,8.109673,1,29.54,0.00888,1,0,0,1,0
CRG-2026-001196,1601.49,13,3,1888.38,-0.543,0,0,0,4749,0.464,0,1937.89,2594783.37,1593.94,0,0.8481,0.8264,-286.9,13.002,0,0,0,0.000617,7.379312,1,7.54,0.00471,1,0,0,1,0
CRG-2026-001197,784.54,10,2,849.9,-0.275,0,0,0,1285,0.137,0,870.45,3203028.16,780.47,0,0.9231,0.9013,-65.35,3.518,6,1,0,0.000245,6.666377,1,4.08,0.0052,1,0,0,1,0
CRG-2026-001198,1019.88,13,10,919.61,0.389,0,0,0,1769,0.327,0,928.79,2742204.46,1023.65,0,1.109,1.0981,100.26,4.843,0,0,0,0.000372,6.928417,1,3.77,0.0037,0,1,0,1,0
CRG-2026-001199,3824.0,18,6,3868.31,-0.041,0,0,0,3030,0.249,0,3867.08,4005773.26,3845.02,0,0.9885,0.9889,-44.3,8.296,2,0,0,0.000955,8.249314,1,21.02,0.0055,0,0,1,0,1
CRG-2026-001200,2295.34,15,3,3268.75,-1.064,0,0,0,877,0.957,1,3375.67,3819581.15,2276.61,0,0.7022,0.68,-973.41,2.401,4,0,0,0.000601,7.739073,1,18.73,0.00816,0,0,1,1,0
CRG-2026-001201,34706.38,14,5,26256.61,1.149,0,0,0,2905,0.056,0,27160.92,4875284.4,35313.61,0,1.3218,1.2778,8449.77,7.953,0,0,0,0.007119,10.454708,1,607.23,0.0175,0,1,0,1,0
CRG-2026-001202,3931.41,9,13,3657.74,0.267,0,0,0,561,0.353,0,3915.93,5477020.14,0.0,0,1.0748,1.004,273.67,1.536,0,0,0,0.000718,8.277008,0,0.0,0.0,1,0,0,0,1
CRG-2026-001203,3786.78,18,13,3553.63,0.234,0,0,0,1517,0.111,0,3374.14,3133208.32,3751.9,0,1.0656,1.1223,233.15,4.153,2,0,0,0.001209,8.239535,1,34.88,0.00921,1,0,0,1,0
CRG-2026-001204,3256.33,22,2,1272.84,5.565,0,1,1,2247,0.502,0,1188.55,780988.49,3267.33,0,2.5583,2.7398,1983.49,6.152,2,0,1,0.004169,8.088663,1,11.0,0.00338,1,0,0,1,0
CRG-2026-001205,4316.11,17,4,5880.43,-0.95,0,0,0,1297,0.217,0,6253.02,2791223.11,4292.76,0,0.734,0.6902,-1564.31,3.551,1,0,0,0.001546,8.370342,1,23.36,0.00541,0,1,0,1,0
CRG-2026-001206,2061.62,16,8,3499.42,-1.467,0,0,0,4503,0.178,0,3654.96,5278994.09,2066.78,0,0.5891,0.5641,-1437.79,12.329,4,0,0,0.000391,7.631734,1,5.16,0.0025,1,0,0,1,0
CRG-2026-001207,3224.86,14,9,3173.13,0.058,0,0,0,787,0.188,0,2947.22,3165595.73,3236.62,0,1.0163,1.0942,51.73,2.155,6,1,0,0.001019,8.078955,1,11.76,0.00365,1,0,0,0,1
CRG-2026-001208,4684.28,9,6,3769.76,0.866,0,0,0,2471,0.147,0,3962.36,4153004.46,4704.2,0,1.2426,1.1822,914.52,6.765,0,0,0,0.001128,8.452181,1,19.92,0.00425,0,1,0,0,1
CRG-2026-001209,2774.19,17,4,2673.45,0.135,0,0,0,4504,0.151,0,2682.32,1223078.68,2815.96,0,1.0377,1.0342,100.74,12.331,2,0,0,0.002268,7.928476,1,41.77,0.01506,0,1,0,0,1
CRG-2026-001210,997.32,12,8,1577.44,-1.313,0,0,0,4958,0.183,0,1453.06,2456008.25,995.8,0,0.6322,0.6864,-580.11,13.574,5,1,0,0.000406,6.906078,1,1.53,0.00153,1,0,0,1,0
CRG-2026-001211,4185.5,15,5,4220.49,-0.03,0,0,0,894,0.321,0,3952.26,2230571.34,0.0,0,0.9917,1.059,-35.0,2.448,1,0,0,0.001876,8.33962,0,0.0,0.0,1,0,0,0,1
CRG-2026-001212,4076.45,11,7,3657.74,0.409,0,0,0,561,0.353,0,3589.71,792737.0,4058.32,0,1.1145,1.1356,418.7,1.536,0,0,0,0.005142,8.313226,1,18.12,0.00445,1,0,0,1,0
CRG-2026-001213,2564.26,14,9,2546.98,0.024,0,0,0,4020,0.058,0,2508.9,4477836.49,2557.99,0,1.0068,1.0221,17.28,11.006,3,0,0,0.000573,7.849815,1,6.27,0.00245,0,1,0,1,0
CRG-2026-001214,5196.87,15,3,5493.7,-0.193,0,0,0,3247,0.213,0,5567.31,3374659.02,5235.54,0,0.946,0.9335,-296.83,8.89,6,1,0,0.00154,8.556003,1,38.68,0.00744,1,0,0,1,0
CRG-2026-001215,6006.61,11,9,6328.56,-0.182,0,0,0,3190,0.341,0,6105.66,4805983.54,0.0,0,0.9491,0.9838,-321.94,8.734,0,0,0,0.00125,8.700783,0,0.0,0.0,1,0,0,0,1
CRG-2026-001216,220.99,14,8,235.33,-0.179,0,0,0,602,0.333,0,236.45,792024.34,223.32,0,0.9391,0.9346,-14.34,1.648,6,1,0,0.000279,5.402636,1,2.33,0.01056,1,0,0,1,0
CRG-2026-001217,2211.63,14,7,1918.8,0.545,0,0,0,3755,0.063,0,1852.61,2223559.45,2236.74,0,1.1526,1.1938,292.83,10.281,4,0,0,0.000995,7.701938,1,25.11,0.01135,0,1,0,1,0
CRG-2026-001218,1925.43,8,7,2147.76,-0.37,0,0,0,809,0.191,0,2089.6,1353196.59,1903.98,0,0.8965,0.9214,-222.33,2.215,3,0,0,0.001423,7.563426,1,21.46,0.01114,1,0,0,1,0
CRG-2026-001219,2774.59,14,9,1958.57,1.488,0,0,0,1459,0.376,0,2034.28,967460.96,2802.95,0,1.4166,1.3639,816.02,3.995,6,1,0,0.002868,7.928618,1,28.36,0.01022,0,0,1,1,0
CRG-2026-001220,5369.86,20,6,5794.49,-0.262,0,0,0,1971,0.109,0,5571.35,4004928.07,5447.43,0,0.9267,0.9638,-424.63,5.396,4,0,1,0.001341,8.588744,1,77.57,0.01445,0,1,0,0,1
CRG-2026-001221,1373.61,10,7,1102.9,0.877,0,0,0,663,0.28,0,1046.76,4872539.29,1377.68,0,1.2454,1.3123,270.7,1.815,4,0,0,0.000282,7.225925,1,4.07,0.00296,0,1,0,1,0
CRG-2026-001222,4410.08,17,7,4366.91,0.035,0,0,0,1773,0.369,0,4129.74,1491107.36,4374.24,0,1.0099,1.0679,43.18,4.854,0,0,0,0.002958,8.391876,1,35.84,0.00813,0,1,0,0,1
CRG-2026-001223,6378.4,8,5,6440.23,-0.034,0,0,0,4440,0.305,0,6802.53,3416352.16,0.0,0,0.9904,0.9377,-61.83,12.156,2,0,0,0.001867,8.760829,0,0.0,0.0,0,1,0,1,0
CRG-2026-001224,719.39,16,8,789.71,-0.318,0,0,0,91,0.069,0,766.04,5288050.7,722.71,0,0.911,0.9391,-70.32,0.249,1,0,0,0.000136,6.57979,1,3.32,0.00462,1,0,0,0,1
CRG-2026-001225,4152.97,15,9,3886.72,0.245,0,0,0,4722,0.193,0,3722.06,3080746.42,4146.58,0,1.0685,1.1158,266.25,12.928,6,1,0,0.001348,8.331819,1,6.39,0.00154,0,1,0,1,0
CRG-2026-001226,4292.39,11,7,4598.25,-0.238,0,0,0,5162,0.003,0,4636.49,5295985.02,4361.78,0,0.9335,0.9258,-305.86,14.133,4,0,0,0.00081,8.364832,1,69.39,0.01617,0,1,0,0,1
CRG-2026-001227,2241.4,8,10,2512.42,-0.385,0,0,0,3054,0.147,0,2478.06,3170925.23,2251.55,0,0.8921,0.9045,-271.02,8.361,0,0,0,0.000707,7.715302,1,10.15,0.00453,1,0,0,0,1
CRG-2026-001228,6113.12,11,7,5900.29,0.129,0,0,0,1044,0.004,0,6180.36,4409946.86,6086.29,0,1.0361,0.9891,212.83,2.858,3,0,0,0.001386,8.718356,1,26.83,0.00439,1,0,0,0,1
CRG-2026-001229,2734.26,9,3,2673.45,0.081,0,0,0,4504,0.151,0,2490.68,2717391.37,2716.22,0,1.0227,1.0978,60.8,12.331,5,1,0,0.001006,7.91398,1,18.04,0.0066,0,1,0,0,1
CRG-2026-001230,1126.9,8,9,1131.62,-0.015,0,0,0,3708,0.485,0,1065.56,4252509.47,0.0,0,0.9958,1.0576,-4.72,10.152,6,1,0,0.000265,7.028115,0,0.0,0.0,1,0,0,1,0
CRG-2026-001231,2645.3,15,7,3173.13,-0.594,0,0,0,787,0.188,0,3392.07,3167939.0,0.0,0,0.8337,0.7798,-527.83,2.155,2,0,0,0.000835,7.880918,0,0.0,0.0,1,0,0,1,0
CRG-2026-001232,1512.52,7,14,1269.32,0.684,0,0,0,605,0.759,0,1255.01,2198744.66,1516.45,0,1.1916,1.2052,243.21,1.656,5,1,1,0.000688,7.322196,1,3.93,0.0026,0,1,0,0,1
CRG-2026-001233,2379.97,11,4,3132.89,-0.858,0,0,0,4858,0.193,0,2958.43,1901559.11,2390.95,0,0.7597,0.8045,-752.92,13.3,3,0,0,0.001252,7.775261,1,10.99,0.00462,1,0,0,1,0
CRG-2026-001234,2500.4,8,6,2765.16,-0.342,0,0,0,4667,0.31,0,2862.57,4156495.71,2493.04,0,0.9042,0.8735,-264.76,12.778,0,0,0,0.000602,7.824604,1,7.36,0.00294,1,0,0,0,1
CRG-2026-001235,3445.43,16,5,3900.12,-0.416,0,0,0,2018,0.24,0,4170.36,2973270.54,3428.5,0,0.8834,0.8262,-454.69,5.525,4,0,0,0.001159,8.145094,1,16.93,0.00491,1,0,0,1,0
CRG-2026-001236,3547.74,7,4,3499.42,0.049,0,0,0,4503,0.178,0,3280.53,5514459.38,3582.53,0,1.0138,1.0815,48.32,12.329,0,0,1,0.000643,8.174347,1,34.79,0.00981,0,1,0,1,0
CRG-2026-001237,7676.33,7,4,8702.98,-0.421,0,0,0,3666,0.094,0,8468.63,3999839.29,7715.67,0,0.882,0.9064,-1026.66,10.037,5,1,1,0.001919,8.946026,1,39.35,0.00513,1,0,0,1,0
CRG-2026-001238,2196.13,9,4,2203.78,-0.012,0,0,0,3100,0.317,0,2225.96,3299776.93,2205.56,0,0.9965,0.9866,-7.65,8.487,0,0,0,0.000666,7.694909,1,9.43,0.00429,1,0,0,1,0
CRG-2026-001239,536.59,8,12,817.9,-1.228,0,0,0,379,0.116,0,771.27,4492084.89,541.09,0,0.6561,0.6957,-281.31,1.038,6,1,0,0.000119,6.287099,1,4.5,0.00839,1,0,0,0,1
CRG-2026-001240,4907.95,16,7,4598.25,0.241,0,0,0,5162,0.003,0,4724.71,5318816.36,4931.34,0,1.0674,1.0388,309.7,14.133,2,0,0,0.000923,8.498816,1,23.39,0.00477,1,0,0,1,0
CRG-2026-001241,2351.76,18,5,2029.95,0.566,0,0,0,4692,0.143,0,2174.46,1262379.35,2327.84,0,1.1585,1.0815,321.81,12.846,1,0,0,0.001863,7.763345,1,23.93,0.01017,1,0,0,1,0
CRG-2026-001242,7145.14,7,8,9107.73,-0.77,0,0,0,805,0.371,0,9821.88,4550099.38,7104.43,0,0.7845,0.7275,-1962.58,2.204,2,0,1,0.00157,8.874328,1,40.72,0.0057,0,0,1,1,0
CRG-2026-001243,50678.63,8,7,21345.86,4.908,0,1,0,2664,0.809,0,19725.96,4526516.88,50380.79,0,2.3742,2.5691,29332.78,7.294,2,0,0,0.011196,10.833279,1,297.84,0.00588,1,0,0,1,0
CRG-2026-001244,1787.08,5,1,2029.95,-0.427,0,0,0,4692,0.143,0,2163.75,3432203.0,1783.88,0,0.8804,0.8259,-242.87,12.846,4,0,1,0.000521,7.488897,1,3.2,0.00179,0,1,0,1,0
CRG-2026-001245,3803.8,14,10,4333.36,-0.436,0,0,0,1154,0.299,0,4120.22,878239.76,3834.17,0,0.8778,0.9232,-529.56,3.159,6,1,0,0.004331,8.244017,1,30.37,0.00798,1,0,0,0,1
CRG-2026-001246,4502.46,9,5,2328.51,3.334,1,0,0,2178,0.469,0,2496.7,4341759.27,4519.4,0,1.9336,1.8034,2173.94,5.963,0,0,0,0.001037,8.4126,1,16.94,0.00376,0,1,0,1,0
CRG-2026-001247,4287.01,13,3,4039.45,0.219,0,0,0,63,0.112,0,4241.68,5093391.03,0.0,0,1.0613,1.0107,247.56,0.172,1,0,0,0.000842,8.363579,0,0.0,0.0,1,0,0,1,0
CRG-2026-001248,6054.45,12,8,5515.95,0.349,0,0,0,2726,0.274,0,5120.28,3071569.39,6034.98,0,1.0976,1.1824,538.5,7.463,3,0,0,0.001971,8.708714,1,19.47,0.00322,1,0,0,0,1
CRG-2026-001249,424.53,7,11,506.84,-0.58,0,0,0,63,0.211,0,492.64,2423178.51,426.82,0,0.8376,0.8618,-82.3,0.172,4,0,1,0.000175,6.053342,1,2.28,0.00538,1,0,0,1,0
CRG-2026-001250,623.98,18,6,613.61,0.06,0,0,0,3260,0.421,0,595.33,1260169.12,623.45,0,1.0169,1.0481,10.37,8.925,0,0,0,0.000495,6.437716,1,0.52,0.00084,0,1,0,0,1
CRG-2026-001251,1492.03,16,11,1580.9,-0.201,0,0,0,260,0.081,0,1534.87,4165267.64,1494.74,0,0.9438,0.9721,-88.87,0.712,6,1,0,0.000358,7.308566,1,2.71,0.00182,1,0,0,0,1
CRG-2026-001252,638.74,10,7,661.76,-0.124,0,0,0,3279,0.271,0,651.08,3579246.55,643.06,0,0.9652,0.981,-23.02,8.977,2,0,0,0.000178,6.461061,1,4.33,0.00677,0,1,0,0,1
CRG-2026-001253,1639.39,15,8,1374.61,0.688,0,0,0,4110,0.216,0,1295.05,2124627.73,1639.97,0,1.1926,1.2659,264.78,11.253,1,0,0,0.000772,7.402689,1,0.58,0.00035,1,0,0,1,0
CRG-2026-001254,536.23,8,4,506.84,0.207,0,0,0,63,0.211,0,492.11,2530579.23,533.13,0,1.058,1.0896,29.4,0.172,1,0,0,0.000212,6.286428,1,3.1,0.00578,1,0,0,1,0
CRG-2026-001255,2021.51,9,6,2144.66,-0.205,0,0,0,4469,0.041,0,2052.42,1325960.0,0.0,0,0.9426,0.9849,-123.16,12.235,3,0,0,0.001525,7.612093,0,0.0,0.0,0,1,0,1,0
CRG-2026-001256,6126.31,23,3,2109.48,6.801,0,0,1,614,0.317,0,2050.46,1962163.61,5838.14,1,2.9042,2.9878,4016.83,1.681,4,0,1,0.003122,8.720511,1,288.17,0.04704,1,0,0,0,1
CRG-2026-001257,2296.02,18,6,2595.05,-0.412,0,0,0,2703,0.349,0,2760.88,5445459.87,2301.58,0,0.8848,0.8316,-299.03,7.4,6,1,0,0.000422,7.739369,1,5.55,0.00242,0,0,1,1,0
CRG-2026-001258,1028.31,17,9,1102.9,-0.242,0,0,0,663,0.28,0,1112.5,3716926.16,1039.25,0,0.9324,0.9243,-74.6,1.815,1,0,0,0.000277,6.93664,1,10.94,0.01064,0,0,1,0,1
CRG-2026-001259,2938.23,7,9,3769.76,-0.788,0,0,0,2471,0.147,0,3838.91,778149.63,0.0,0,0.7794,0.7654,-831.53,6.765,0,0,1,0.003776,7.985902,0,0.0,0.0,1,0,0,0,1
CRG-2026-001260,2100.43,4,3,1192.14,2.721,1,0,1,558,0.339,0,1142.78,5299501.13,2081.94,0,1.7619,1.838,908.29,1.528,6,1,1,0.000396,7.650374,1,18.5,0.00881,0,0,1,1,0
CRG-2026-001261,4011.35,13,7,3553.63,0.46,0,0,0,1517,0.111,0,3328.0,1645548.93,4013.67,0,1.1288,1.2053,457.72,4.153,3,0,0,0.002438,8.297133,1,2.32,0.00058,1,0,0,1,0
CRG-2026-001262,2541.45,10,6,2295.95,0.382,0,0,0,3799,0.046,0,2134.58,3482667.62,0.0,0,1.1069,1.1906,245.5,10.401,1,0,0,0.00073,7.840882,0,0.0,0.0,1,0,0,1,0
CRG-2026-001263,48936.92,13,4,21345.86,4.616,0,1,0,2664,0.809,0,20495.03,3837680.5,49410.09,0,2.2926,2.3877,27591.06,7.294,4,0,0,0.012752,10.798308,1,473.17,0.00967,1,0,0,0,1
CRG-2026-001264,2339.08,17,7,1888.38,0.852,0,0,0,4749,0.464,0,1774.46,2390009.19,0.0,0,1.2387,1.3182,450.69,13.002,5,1,0,0.000979,7.757938,0,0.0,0.0,0,0,1,0,1
CRG-2026-001265,7852.68,14,4,6671.21,0.632,0,0,0,1985,0.816,0,7187.02,3529156.92,7909.18,0,1.1771,1.0926,1181.47,5.435,2,0,0,0.002225,8.968737,1,56.51,0.0072,1,0,0,1,0
CRG-2026-001266,4044.53,9,3,3769.76,0.26,0,0,0,2471,0.147,0,4050.79,4635387.65,4100.45,0,1.0729,0.9985,274.77,6.765,4,0,0,0.000873,8.305367,1,55.92,0.01383,0,1,0,0,1
CRG-2026-001267,3790.71,14,10,4128.64,-0.292,0,0,0,1409,0.381,0,4398.56,5318852.63,3782.09,0,0.9181,0.8618,-337.93,3.858,3,0,0,0.000713,8.240573,1,8.63,0.00228,1,0,0,1,0
CRG-2026-001268,8904.61,11,2,3808.54,4.779,0,1,0,5162,0.306,0,3868.58,805969.76,7690.7,0,2.3381,2.3018,5096.07,14.133,2,0,0,0.011048,9.094437,1,1213.91,0.13632,1,0,0,1,0
CRG-2026-001269,3188.45,17,5,2909.1,0.343,0,0,0,203,0.22,0,2785.23,1029192.83,3211.53,0,1.096,1.1448,279.35,0.556,2,0,0,0.003098,8.067604,1,23.08,0.00724,0,1,0,1,0
CRG-2026-001270,771.27,17,4,600.31,1.017,0,0,0,1146,0.314,0,637.19,3417379.25,772.84,0,1.2848,1.2104,170.96,3.138,2,0,0,0.000226,6.649332,1,1.57,0.00203,1,0,0,0,1
CRG-2026-001271,2804.86,12,8,3405.33,-0.63,0,0,0,3812,0.931,1,3331.76,3060405.15,2757.82,0,0.8237,0.8419,-600.47,10.437,6,1,0,0.000916,7.939465,1,47.04,0.01677,1,0,0,0,1
CRG-2026-001272,3998.26,7,8,5493.7,-0.972,0,0,0,3247,0.213,0,5468.39,3533639.95,4028.17,0,0.7278,0.7312,-1495.44,8.89,0,0,1,0.001131,8.293863,1,29.91,0.00748,0,1,0,0,1
CRG-2026-001273,1726.33,14,9,1848.95,-0.237,0,0,0,4414,0.188,0,1874.97,1859561.5,1714.82,0,0.9337,0.9207,-122.62,12.085,2,0,0,0.000928,7.454332,1,11.51,0.00666,1,0,0,0,1
CRG-2026-001274,1808.3,7,9,1593.68,0.481,0,0,0,2785,0.758,0,1529.05,1137038.44,1792.42,0,1.1347,1.1826,214.61,7.625,2,0,1,0.00159,7.500695,1,15.88,0.00878,1,0,0,0,1
CRG-2026-001275,3729.6,17,4,4039.45,-0.274,0,0,0,63,0.112,0,4018.22,2255925.18,3778.12,0,0.9233,0.9282,-309.86,0.172,3,0,0,0.001653,8.224323,1,48.53,0.01301,0,0,1,0,1
CRG-2026-001276,1734.43,18,9,2003.19,-0.479,0,0,0,823,0.43,0,2084.32,4239068.45,1735.06,0,0.8658,0.8321,-268.76,2.253,2,0,0,0.000409,7.45901,1,0.63,0.00036,0,1,0,1,0
CRG-2026-001277,3426.85,17,7,2734.79,0.904,0,0,0,2581,0.273,0,2650.49,1654027.28,3397.09,0,1.2531,1.2929,692.06,7.066,6,1,0,0.002072,8.139689,1,29.76,0.00868,1,0,0,1,0
CRG-2026-001278,1808.49,11,11,1918.8,-0.205,0,0,0,3755,0.063,0,2041.9,4468807.61,1824.73,0,0.9425,0.8857,-110.32,10.281,4,0,0,0.000405,7.500799,1,16.24,0.00898,1,0,0,0,1
CRG-2026-001279,4373.66,10,9,3835.58,0.501,0,0,0,3792,0.644,0,4108.26,2591797.08,4353.41,0,1.1403,1.0646,538.08,10.382,6,1,0,0.001688,8.383585,1,20.25,0.00463,1,0,0,1,0
CRG-2026-001280,7780.15,8,5,7465.06,0.151,0,0,0,532,0.138,0,7605.81,5427211.6,7680.29,0,1.0422,1.0229,315.08,1.457,1,0,0,0.001434,8.959459,1,99.85,0.01283,0,1,0,0,1
CRG-2026-001281,1119.72,7,11,997.97,0.436,0,0,0,3880,0.214,0,1032.6,4041716.69,1119.34,0,1.122,1.0844,121.76,10.623,6,1,1,0.000277,7.021727,1,0.38,0.00034,0,1,0,1,0
CRG-2026-001282,6280.56,17,5,2765.16,4.54,0,0,0,4667,0.31,0,2778.61,5135528.73,6814.1,0,2.2713,2.2603,3515.4,12.778,0,0,0,0.001223,8.745374,1,533.54,0.08495,0,1,0,0,1
CRG-2026-001283,13193.09,9,10,11497.98,0.527,0,0,0,2149,0.041,0,10755.06,3707758.56,13245.03,0,1.1474,1.2267,1695.11,5.884,5,1,0,0.003558,9.487524,1,51.95,0.00394,0,1,0,1,0
CRG-2026-001284,3616.95,16,6,2975.37,0.77,0,0,0,1769,0.245,0,3152.99,1207789.86,3633.06,0,1.2156,1.1472,641.58,4.843,1,0,0,0.002995,8.193664,1,16.11,0.00445,0,1,0,1,0
CRG-2026-001285,626.08,8,10,661.76,-0.193,0,0,0,3279,0.271,0,692.89,3543125.49,623.08,0,0.9461,0.9036,-35.68,8.977,6,1,0,0.000177,6.441077,1,3.0,0.00479,1,0,0,0,1
CRG-2026-001286,3779.02,5,2,3886.72,-0.099,0,0,0,4722,0.193,0,4194.76,4968442.66,3771.39,0,0.9723,0.9009,-107.7,12.928,5,1,1,0.000761,8.237485,1,7.63,0.00202,1,0,0,0,1
CRG-2026-001287,10068.05,9,5,3268.75,7.429,0,0,0,877,0.957,1,3122.93,1727638.43,10805.68,1,3.0801,3.2239,6799.3,2.401,0,0,0,0.005828,9.217222,1,737.63,0.07326,0,1,0,0,1
CRG-2026-001288,2562.82,5,2,2514.38,0.069,0,0,0,2864,0.266,0,2479.02,3503369.73,2562.83,0,1.0193,1.0338,48.45,7.841,5,1,1,0.000732,7.849255,1,0.01,0.0,1,0,0,0,1
CRG-2026-001289,996.65,16,9,880.32,0.472,0,0,0,2400,0.469,0,848.85,4511159.14,988.15,0,1.1321,1.1741,116.33,6.571,6,1,0,0.000221,6.905405,1,8.5,0.00853,0,1,0,1,0
CRG-2026-001290,1947.59,15,5,1848.95,0.191,0,0,0,4414,0.188,0,1771.09,4054733.51,1949.77,0,1.0534,1.0997,98.64,12.085,3,0,0,0.00048,7.574862,1,2.18,0.00112,0,1,0,0,1
CRG-2026-001291,4725.29,16,7,3405.33,1.384,0,0,0,3812,0.931,1,3613.87,1953160.44,4734.93,0,1.3876,1.3075,1319.96,10.437,3,0,0,0.002419,8.460896,1,9.64,0.00204,0,1,0,0,1
CRG-2026-001292,758.59,7,2,849.9,-0.384,0,0,0,1285,0.137,0,791.21,4202116.83,765.18,0,0.8926,0.9588,-91.31,3.518,6,1,1,0.000181,6.632777,1,6.6,0.0087,1,0,0,0,1
CRG-2026-001293,1892.9,10,4,1750.35,0.291,0,0,0,1868,0.377,0,1628.07,3318755.91,1907.34,0,1.0814,1.1627,142.55,5.114,1,0,0,0.00057,7.546392,1,14.44,0.00763,0,1,0,1,0
CRG-2026-001294,4245.14,11,7,3623.36,0.613,0,0,0,3160,0.319,0,3632.7,3273917.01,4229.91,0,1.1716,1.1686,621.78,8.652,3,0,0,0.001297,8.353767,1,15.23,0.00359,1,0,0,0,1
CRG-2026-001295,1326.94,10,4,1269.32,0.162,0,0,0,605,0.759,0,1283.1,3677645.53,1306.07,0,1.0454,1.0342,57.63,1.656,2,0,0,0.000361,7.191385,1,20.87,0.01573,1,0,0,1,0
CRG-2026-001296,7997.92,15,7,7461.27,0.257,0,0,0,3301,0.348,0,7166.85,5481238.16,8026.6,0,1.0719,1.116,536.65,9.038,3,0,0,0.001459,8.987062,1,28.68,0.00359,0,1,0,1,0
CRG-2026-001297,677.26,8,4,806.97,-0.574,0,0,0,4566,0.212,0,869.16,1347185.32,687.96,0,0.8393,0.7792,-129.71,12.501,4,0,0,0.000503,6.519525,1,10.7,0.0158,0,0,1,0,1
CRG-2026-001298,2535.42,14,8,3553.63,-1.023,0,0,0,1517,0.111,0,3487.67,5275147.06,2531.4,0,0.7135,0.727,-1018.21,4.153,5,1,0,0.000481,7.838511,1,4.03,0.00159,1,0,0,0,1
CRG-2026-001299,1942.58,20,5,1944.61,-0.004,0,0,0,4423,0.142,0,2034.3,4230228.56,1919.38,0,0.999,0.9549,-2.03,12.11,2,0,1,0.000459,7.572289,1,23.2,0.01195,1,0,0,1,0
CRG-2026-001300,627.44,7,5,1001.23,-1.333,0,0,0,953,0.882,0,1007.54,5154380.43,622.42,0,0.6267,0.6227,-373.8,2.609,2,0,1,0.000122,6.443236,1,5.02,0.008,1,0,0,1,0
