invoice_id,invoice_amount,submission_hour,supplier_invoice_count_30d,supplier_avg_amount_90d,invoice_amount_zscore,duplicate_invoice_flag,split_invoice_flag,late_night_submission_flag,supplier_age_days,supplier_risk_score,blacklisted_flag,avg_invoice_amount,annual_budget,ocr_total_extracted,image_tamper_flag,amount_to_supplier_90d_avg_ratio,amount_to_supplier_avg_ratio,amount_diff_supplier_90d_avg,supplier_age_years,invoice_day_of_week,weekend_invoice_flag,outside_business_hours_flag,invoice_to_department_budget_ratio,log_invoice_amount,image_metadata_available_flag,invoice_ocr_amount_diff,invoice_ocr_relative_diff,payment_terms_NET30,payment_terms_NET60,payment_terms_NET90,invoice_type_GOODS,invoice_type_SERVICES
HVL-2026-000001,2408.92,9,9,2691.24,-0.375,0,0,0,2409,0.19,0,2528.47,1466974.23,2410.45,0,0.8951,0.9527,-282.32,6.595,3,0,0,0.001642,7.787347,1,1.54,0.00064,1,0,0,0,1
HVL-2026-000002,4099.87,7,7,4996.01,-0.641,0,0,0,4936,0.215,0,5376.65,2148827.1,4121.3,0,0.8206,0.7625,-896.14,13.514,6,1,1,0.001908,8.318954,1,21.43,0.00523,1,0,0,1,0
HVL-2026-000003,5951.04,16,8,5826.79,0.076,0,0,0,1485,0.396,0,5592.98,740647.77,5933.06,0,1.0213,1.064,124.25,4.066,2,0,0,0.008035,8.691489,1,17.98,0.00302,0,1,0,1,0
HVL-2026-000004,449.25,9,7,414.6,0.299,0,0,0,4130,0.302,0,404.72,2995366.67,451.53,0,1.0836,1.11,34.66,11.307,2,0,0,0.00015,6.10981,1,2.28,0.00507,0,0,1,1,0
HVL-2026-000005,3349.0,17,6,3525.31,-0.179,0,0,0,924,0.169,0,3518.24,1216261.23,3317.75,0,0.95,0.9519,-176.31,2.53,0,0,0,0.002754,8.116715,1,31.25,0.00933,1,0,0,0,1
HVL-2026-000006,738.35,13,4,762.99,-0.115,0,0,0,2656,0.152,0,818.98,1616184.5,736.94,0,0.9677,0.9015,-24.64,7.272,1,0,0,0.000457,6.605771,1,1.41,0.00191,1,0,0,1,0
HVL-2026-000007,11371.59,7,10,12532.32,-0.331,0,0,0,1486,0.109,0,12492.85,765495.4,11427.43,0,0.9074,0.9102,-1160.73,4.068,0,0,1,0.014855,9.338962,1,55.84,0.00491,1,0,0,0,1
HVL-2026-000008,1267.38,11,4,955.86,1.164,0,0,0,3659,0.063,0,920.46,2683920.68,1285.92,0,1.3259,1.3769,311.52,10.018,5,1,0,0.000472,7.145498,1,18.54,0.01463,0,1,0,0,1
HVL-2026-000009,2549.56,9,13,2708.33,-0.209,0,0,0,5021,0.361,0,2542.97,3157126.37,2548.46,0,0.9414,1.0026,-158.78,13.747,4,0,0,0.000808,7.844066,1,1.1,0.00043,1,0,0,1,0
HVL-2026-000010,3710.41,17,11,4538.35,-0.652,0,0,0,1354,0.324,0,4324.1,1565018.53,0.0,0,0.8176,0.8581,-827.94,3.707,1,0,0,0.002371,8.219167,0,0.0,0.0,1,0,0,1,0
HVL-2026-000011,5012.48,12,6,4996.01,0.012,0,0,0,4936,0.215,0,4972.05,3043706.63,0.0,0,1.0033,1.0081,16.46,13.514,5,1,0,0.001647,8.519885,0,0.0,0.0,0,1,0,0,1
HVL-2026-000012,12947.98,18,5,15790.13,-0.643,0,0,0,5072,0.169,0,15773.07,868560.88,13054.92,0,0.82,0.8209,-2842.15,13.886,3,0,0,0.014907,9.468772,1,106.94,0.00826,1,0,0,0,1
HVL-2026-000013,1553.64,7,6,1782.04,-0.458,0,0,0,337,0.156,0,1650.88,1840291.44,1526.12,0,0.8718,0.9411,-228.4,0.923,2,0,1,0.000844,7.348997,1,27.52,0.01771,0,1,0,1,0
HVL-2026-000014,15992.74,10,7,18264.33,-0.444,0,0,0,5094,0.254,0,17331.09,1952090.03,16012.71,0,0.8756,0.9228,-2271.58,13.947,1,0,0,0.008193,9.679953,1,19.97,0.00125,1,0,0,0,1
HVL-2026-000015,7425.16,17,5,6000.82,0.848,0,0,0,4246,0.102,0,5922.84,2719662.03,7286.85,0,1.2374,1.2536,1424.35,11.625,4,0,0,0.00273,8.912765,1,138.32,0.01863,1,0,0,1,0
HVL-2026-000016,391.73,16,6,418.57,-0.229,0,0,0,3196,0.295,0,409.19,725147.85,392.89,0,0.9359,0.9573,-26.85,8.75,3,0,0,0.00054,5.973119,1,1.16,0.00295,1,0,0,1,0
HVL-2026-000017,1772.59,13,7,2153.82,-0.632,0,0,0,4230,0.107,0,2117.48,1566109.84,1773.79,0,0.823,0.8371,-381.23,11.581,5,1,0,0.001132,7.48076,1,1.21,0.00068,1,0,0,1,0
HVL-2026-000018,4201.22,13,9,4003.32,0.177,0,0,0,2551,0.416,0,3726.35,1504593.94,4255.07,0,1.0494,1.1274,197.9,6.984,3,0,0,0.002792,8.343369,1,53.85,0.01282,0,0,1,1,0
HVL-2026-000019,5151.61,16,4,4996.01,0.111,0,0,0,4936,0.215,0,5279.69,1236569.28,5229.56,0,1.0311,0.9757,155.6,13.514,4,0,0,0.004166,8.547258,1,77.95,0.01513,1,0,0,0,1
HVL-2026-000020,714.79,8,11,724.46,-0.048,0,0,0,427,0.323,0,689.56,1096965.22,712.39,0,0.9867,1.0366,-9.67,1.169,6,1,0,0.000652,6.573386,1,2.4,0.00336,0,1,0,1,0
HVL-2026-000021,6261.2,13,5,5664.74,0.376,0,0,0,1382,0.168,0,6116.67,2674230.28,6276.91,0,1.1053,1.0236,596.45,3.784,2,0,0,0.002341,8.742286,1,15.72,0.00251,1,0,0,1,0
HVL-2026-000022,3664.2,13,7,3199.53,0.519,0,0,0,3899,0.359,0,3347.82,844716.94,3704.75,0,1.1452,1.0945,464.67,10.675,6,1,0,0.004338,8.206638,1,40.55,0.01107,1,0,0,1,0
HVL-2026-000023,1641.22,11,9,1682.61,-0.088,0,0,0,1110,0.029,0,1646.18,1215268.0,1654.33,0,0.9754,0.997,-41.38,3.039,3,0,0,0.001351,7.403806,1,13.11,0.00799,1,0,0,1,0
HVL-2026-000024,469.77,7,3,410.6,0.515,0,0,0,4557,0.59,0,442.34,2617293.98,465.42,0,1.1441,1.062,59.17,12.476,4,0,1,0.000179,6.154372,1,4.35,0.00926,1,0,0,1,0
HVL-2026-000025,1449.43,12,11,1450.06,-0.002,0,0,0,1826,0.313,0,1457.07,1865139.41,1443.55,0,0.9996,0.9948,-0.64,4.999,0,0,0,0.000777,7.279612,1,5.88,0.00405,1,0,0,0,1
HVL-2026-000026,1030.04,17,6,1016.33,0.048,0,0,0,388,0.045,0,1026.36,2270240.19,1020.42,0,1.0135,1.0036,13.71,1.062,5,1,0,0.000454,6.938327,1,9.63,0.00934,0,0,1,1,0
HVL-2026-000027,1556.77,17,4,1409.4,0.373,0,0,0,2097,0.119,0,1383.61,1410593.07,1560.75,0,1.1046,1.1251,147.36,5.741,1,0,0,0.001104,7.351009,1,3.98,0.00256,1,0,0,1,0
HVL-2026-000028,1565.12,16,7,1782.04,-0.435,0,0,0,337,0.156,0,1819.52,2659549.08,1561.1,0,0.8783,0.8602,-216.92,0.923,4,0,0,0.000588,7.356356,1,4.02,0.00257,1,0,0,0,1
HVL-2026-000029,1717.58,15,1,1409.4,0.781,0,0,0,2097,0.119,0,1454.87,2564438.95,1713.37,0,1.2187,1.1806,308.17,5.741,3,0,0,0.00067,7.449251,1,4.21,0.00245,1,0,0,0,1
HVL-2026-000030,1435.46,7,4,744.45,3.315,0,0,0,778,0.185,0,799.3,2983431.82,1447.58,0,1.9282,1.7959,691.0,2.13,3,0,1,0.000481,7.269935,1,12.13,0.00845,0,0,1,1,0
HVL-2026-000031,2315.96,8,8,2452.54,-0.199,0,0,0,80,0.058,0,2306.93,1854884.41,2290.7,0,0.9443,1.0039,-136.59,0.219,5,1,0,0.001249,7.748009,1,25.26,0.01091,1,0,0,0,1
HVL-2026-000032,2391.87,9,8,2026.7,0.643,0,0,0,2641,0.218,0,2074.89,574323.88,2369.56,0,1.1802,1.1528,365.16,7.231,2,0,0,0.004165,7.780248,1,22.31,0.00933,0,0,1,0,1
HVL-2026-000033,2569.49,0,4,949.23,6.096,1,0,1,4586,0.389,0,974.48,1517179.77,2247.72,1,2.7069,2.6368,1620.26,12.556,5,1,1,0.001694,7.85185,1,321.76,0.12523,1,0,0,1,0
HVL-2026-000034,3870.11,16,6,3763.06,0.102,0,0,0,2804,0.143,0,3965.84,1976263.95,3874.64,0,1.0284,0.9759,107.05,7.677,3,0,0,0.001958,8.261297,1,4.52,0.00117,1,0,0,0,1
HVL-2026-000035,9280.93,10,10,10034.06,-0.268,0,0,0,2157,0.087,0,10577.15,1186290.53,9295.0,0,0.9249,0.8775,-753.13,5.906,3,0,0,0.007823,9.135825,1,14.07,0.00152,1,0,0,1,0
HVL-2026-000036,4459.41,9,14,4537.95,-0.062,0,0,0,2321,0.201,0,4714.55,1731725.27,4460.29,0,0.9827,0.9459,-78.54,6.355,5,1,0,0.002575,8.402995,1,0.88,0.0002,1,0,0,0,1
HVL-2026-000037,2199.6,13,8,2708.33,-0.671,0,0,0,5021,0.361,0,2697.66,703286.73,2218.65,0,0.8122,0.8154,-508.73,13.747,6,1,0,0.003128,7.696486,1,19.05,0.00866,1,0,0,0,1
HVL-2026-000038,1548.19,15,8,1677.08,-0.274,0,0,0,381,0.421,0,1587.12,2232060.87,1551.6,0,0.9231,0.9755,-128.9,1.043,1,0,0,0.000694,7.345487,1,3.41,0.0022,1,0,0,1,0
HVL-2026-000039,2932.46,8,6,2821.97,0.14,0,0,0,3722,0.892,0,2915.43,712925.95,2945.91,0,1.0392,1.0058,110.49,10.19,2,0,0,0.004113,7.983938,1,13.45,0.00459,1,0,0,1,0
HVL-2026-000040,1937.52,12,6,1898.39,0.074,0,0,0,3011,0.121,0,1760.38,2067276.53,1913.72,0,1.0206,1.1006,39.13,8.244,3,0,0,0.000937,7.569681,1,23.81,0.01229,1,0,0,0,1
HVL-2026-000041,5685.17,15,9,5161.64,0.362,0,0,0,660,0.063,0,5496.45,3192002.62,5790.3,0,1.1014,1.0343,523.53,1.807,3,0,0,0.001781,8.645792,1,105.14,0.01849,1,0,0,0,1
HVL-2026-000042,17982.89,15,9,19025.37,-0.196,0,0,0,3417,0.734,0,19378.08,2043725.1,17835.72,0,0.9452,0.928,-1042.48,9.355,2,0,0,0.008799,9.797232,1,147.16,0.00818,0,0,1,0,1
HVL-2026-000043,11160.33,12,2,5830.54,3.265,1,0,0,2143,0.525,0,5982.66,1300638.04,11170.32,0,1.9141,1.8654,5329.79,5.867,6,1,0,0.008581,9.32021,1,9.99,0.0009,1,0,0,1,0
HVL-2026-000044,2069.97,8,2,1968.57,0.184,0,0,0,3302,0.227,0,2060.2,578313.59,2057.68,0,1.0515,1.0047,101.4,9.04,2,0,0,0.003579,7.635774,1,12.29,0.00594,1,0,0,0,1
HVL-2026-000045,1933.19,13,8,2153.06,-0.365,0,0,0,861,0.052,0,2090.49,2569058.47,1958.78,0,0.8979,0.9248,-219.87,2.357,3,0,0,0.000752,7.567443,1,25.6,0.01324,1,0,0,0,1
HVL-2026-000046,11581.96,4,3,4667.45,5.291,0,0,1,3427,0.201,0,4392.72,2246387.74,12417.64,1,2.4814,2.6366,6914.5,9.383,6,1,1,0.005156,9.35729,1,835.68,0.07215,0,1,0,1,0
HVL-2026-000047,911.6,9,8,949.23,-0.142,0,0,0,4586,0.269,0,951.17,1773664.39,919.56,0,0.9604,0.9584,-37.62,12.556,2,0,0,0.000514,6.816302,1,7.96,0.00873,0,0,1,0,1
HVL-2026-000048,2253.7,10,5,2245.57,0.013,0,0,0,4781,0.392,0,2092.53,635382.2,2250.14,0,1.0036,1.077,8.13,13.09,6,1,0,0.003547,7.720772,1,3.56,0.00158,1,0,0,0,1
HVL-2026-000049,1036.22,14,2,1072.31,-0.12,0,0,0,2443,0.238,0,1074.08,1765875.52,1038.92,0,0.9663,0.9648,-36.09,6.689,2,0,0,0.000587,6.944301,1,2.69,0.0026,0,0,1,0,1
HVL-2026-000050,446.31,15,10,415.04,0.269,0,0,0,1005,0.126,0,393.34,3221763.05,451.39,0,1.0754,1.1347,31.28,2.752,0,0,0,0.000139,6.103261,1,5.08,0.01138,1,0,0,1,0
HVL-2026-000051,358.19,15,13,371.49,-0.128,0,0,0,837,0.425,0,395.31,560623.06,353.73,0,0.9642,0.9061,-13.29,2.292,6,1,0,0.000639,5.883857,1,4.46,0.01245,1,0,0,0,1
HVL-2026-000052,4029.92,12,3,4315.98,-0.237,0,0,0,4029,0.249,0,4106.77,800468.46,4031.07,0,0.9337,0.9813,-286.06,11.031,2,0,0,0.005034,8.301751,1,1.15,0.00028,1,0,0,0,1
HVL-2026-000053,3506.87,12,9,3502.22,0.005,0,0,0,2078,0.156,0,3520.62,1360661.58,3535.73,0,1.0013,0.9961,4.65,5.689,0,0,0,0.002577,8.162764,1,28.86,0.00823,1,0,0,0,1
HVL-2026-000054,17723.95,18,7,15229.09,0.585,0,0,0,3484,0.59,0,15087.85,1529785.28,0.0,0,1.1638,1.1747,2494.85,9.539,0,0,0,0.011586,9.782728,0,0.0,0.0,1,0,0,0,1
HVL-2026-000055,12370.89,18,7,18264.33,-1.152,0,0,0,5094,0.254,0,18215.73,2416292.44,12456.45,0,0.6773,0.6791,-5893.44,13.947,1,0,0,0.00512,9.423182,1,85.56,0.00692,0,0,1,1,0
HVL-2026-000056,3068.98,17,8,2776.14,0.377,0,0,0,1079,0.195,0,2686.07,886722.71,3054.71,0,1.1055,1.1426,292.84,2.954,4,0,0,0.003461,8.029427,1,14.27,0.00465,0,1,0,0,1
HVL-2026-000057,426.86,7,5,414.6,0.106,0,0,0,4130,0.302,0,430.74,1221811.75,431.15,0,1.0296,0.991,12.27,11.307,6,1,1,0.000349,6.058806,1,4.28,0.01004,1,0,0,0,1
HVL-2026-000058,1240.04,12,7,1409.4,-0.429,0,0,0,2097,0.119,0,1439.16,604490.15,1245.08,0,0.8798,0.8616,-169.37,5.741,0,0,0,0.002051,7.123702,1,5.04,0.00406,1,0,0,0,1
HVL-2026-000059,987.53,17,6,949.23,0.144,0,0,0,4586,0.269,0,913.29,2188806.3,994.22,0,1.0403,1.0813,38.3,12.556,5,1,0,0.000451,6.896215,1,6.7,0.00678,0,0,1,0,1
HVL-2026-000060,4130.45,14,7,4388.99,-0.21,0,0,0,3415,0.152,0,4428.3,491772.34,0.0,0,0.9411,0.9327,-258.54,9.35,4,0,0,0.008399,8.326383,0,0.0,0.0,0,0,1,0,1
HVL-2026-000061,1540.01,10,5,1564.68,-0.056,0,0,0,3933,0.121,0,1545.19,3077829.57,1550.93,0,0.9842,0.9966,-24.68,10.768,0,0,0,0.0005,7.340191,1,10.93,0.00709,1,0,0,1,0
HVL-2026-000062,5734.59,14,6,4537.95,0.942,0,0,0,2321,0.201,0,4822.24,2474657.15,5789.21,0,1.2637,1.1892,1196.64,6.355,5,1,0,0.002317,8.654446,1,54.62,0.00952,1,0,0,1,0
HVL-2026-000063,1918.95,16,8,1564.68,0.809,0,0,0,3933,0.121,0,1534.6,1677963.96,0.0,0,1.2264,1.2505,354.26,10.768,1,0,0,0.001144,7.560052,0,0.0,0.0,0,1,0,1,0
HVL-2026-000064,11181.52,8,8,12532.32,-0.385,0,0,0,1486,0.109,0,11967.04,2044244.26,0.0,0,0.8922,0.9344,-1350.8,4.068,2,0,0,0.00547,9.322107,0,0.0,0.0,1,0,0,1,0
HVL-2026-000065,5934.92,15,8,5851.09,0.051,0,0,0,1110,0.422,0,6064.93,982209.28,5892.01,0,1.0143,0.9786,83.83,3.039,2,0,0,0.006042,8.688777,1,42.9,0.00723,1,0,0,0,1
HVL-2026-000066,5858.85,20,4,6916.3,-0.546,0,0,0,256,0.303,0,7360.0,1398345.82,5829.11,0,0.8471,0.796,-1057.45,0.701,5,1,1,0.00419,8.67588,1,29.74,0.00508,0,1,0,0,1
HVL-2026-000067,1713.7,8,10,1866.31,-0.292,0,0,0,264,0.199,0,1836.76,1814747.49,1708.82,0,0.9182,0.933,-152.61,0.723,5,1,0,0.000944,7.446994,1,4.88,0.00285,0,0,1,0,1
HVL-2026-000068,9099.16,17,6,10087.39,-0.35,0,0,0,1318,0.465,0,10866.47,1171884.52,8964.98,0,0.902,0.8374,-988.23,3.608,6,1,0,0.007765,9.116047,1,134.18,0.01475,0,1,0,1,0
HVL-2026-000069,2869.94,18,8,3525.31,-0.664,0,0,0,924,0.169,0,3624.33,1938823.27,2905.93,0,0.8141,0.7919,-655.37,2.53,0,0,0,0.00148,7.962396,1,35.98,0.01254,1,0,0,0,1
HVL-2026-000070,2631.13,8,10,2691.24,-0.08,0,0,0,2409,0.19,0,2726.67,1987522.92,2626.41,0,0.9777,0.965,-60.11,6.595,2,0,0,0.001324,7.875547,1,4.71,0.00179,1,0,0,0,1
HVL-2026-000071,4246.75,10,3,1968.57,4.133,0,1,0,3302,0.327,0,2112.2,3020476.37,4272.05,0,2.1573,2.0106,2278.18,9.04,3,0,0,0.001406,8.354144,1,25.3,0.00596,1,0,0,0,1
HVL-2026-000072,1393.52,18,5,701.46,3.524,0,0,0,5169,0.99,1,706.46,2489380.01,1394.35,0,1.9866,1.9725,692.06,14.152,6,1,0,0.00056,7.240304,1,0.83,0.0006,1,0,0,0,1
HVL-2026-000073,660.57,8,10,724.46,-0.315,0,0,0,427,0.323,0,753.31,2896292.88,659.63,0,0.9118,0.8769,-63.89,1.169,0,0,0,0.000228,6.49462,1,0.94,0.00143,1,0,0,1,0
HVL-2026-000074,1729.95,6,9,1764.27,-0.069,0,0,0,788,0.4,0,1658.34,2101646.5,1723.5,0,0.9805,1.0432,-34.33,2.157,6,1,1,0.000823,7.456423,1,6.44,0.00372,1,0,0,0,1
HVL-2026-000075,1495.04,9,3,1652.58,-0.34,0,0,0,2447,0.4,0,1719.15,2266475.7,1513.16,0,0.9047,0.8696,-157.54,6.7,3,0,0,0.00066,7.310579,1,18.12,0.01212,0,1,0,0,1
HVL-2026-000076,1290.2,16,8,1952.74,-1.212,0,0,0,3435,0.21,0,2035.63,952028.72,1292.44,0,0.6607,0.6338,-662.54,9.405,0,0,0,0.001355,7.163329,1,2.24,0.00173,0,1,0,0,1
HVL-2026-000077,1556.99,13,10,2011.94,-0.808,0,0,0,3717,0.225,0,1918.03,2731370.39,1562.38,0,0.7739,0.8118,-454.95,10.177,1,0,0,0.00057,7.351153,1,5.39,0.00346,0,1,0,1,0
HVL-2026-000078,415.55,17,2,410.6,0.043,0,0,0,4557,0.59,0,403.53,2761139.41,414.08,0,1.012,1.0298,4.95,12.476,6,1,0,0.00015,6.032001,1,1.46,0.00352,1,0,0,0,1
HVL-2026-000079,7289.14,20,4,6696.41,0.316,0,0,0,259,0.108,0,6973.51,1540727.84,7305.93,0,1.0885,1.0453,592.73,0.709,4,0,1,0.004731,8.894278,1,16.79,0.0023,1,0,0,0,1
HVL-2026-000080,5254.36,14,4,6000.82,-0.444,0,0,0,4246,0.102,0,5866.89,770499.08,5227.74,0,0.8756,0.8956,-746.45,11.625,4,0,0,0.006819,8.567004,1,26.63,0.00507,0,1,0,0,1
HVL-2026-000081,420.65,12,10,377.33,0.41,0,0,0,4066,0.401,0,378.8,2200190.15,418.91,0,1.1148,1.1105,43.31,11.132,4,0,0,0.000191,6.044169,1,1.74,0.00414,0,1,0,1,0
HVL-2026-000082,1993.01,14,11,2153.82,-0.267,0,0,0,4230,0.107,0,2003.05,1087571.85,1982.68,0,0.9253,0.995,-160.81,11.581,1,0,0,0.001833,7.597902,1,10.33,0.00518,1,0,0,1,0
HVL-2026-000083,5983.3,12,8,4878.86,0.808,0,0,0,2772,0.199,0,4582.29,2279785.7,5951.02,0,1.2264,1.3057,1104.44,7.589,0,0,0,0.002625,8.696895,1,32.28,0.00539,0,1,0,1,0
HVL-2026-000084,11940.28,8,7,10772.71,0.387,0,0,0,570,0.903,0,11285.83,3187070.79,11809.58,0,1.1084,1.058,1167.58,1.561,5,1,0,0.003746,9.387757,1,130.71,0.01095,1,0,0,1,0
HVL-2026-000085,4167.51,8,15,5161.64,-0.688,0,0,0,660,0.063,0,5398.39,1392831.01,4251.67,0,0.8074,0.772,-994.13,1.807,1,0,0,0.002992,8.335314,1,84.16,0.0202,1,0,0,0,1
HVL-2026-000086,3295.08,8,3,2691.24,0.801,0,0,0,2409,0.19,0,2689.22,537298.56,3316.65,0,1.2244,1.2253,603.85,6.595,2,0,0,0.006133,8.10049,1,21.57,0.00654,1,0,0,0,1
HVL-2026-000087,1491.08,15,5,1448.1,0.106,0,0,0,2211,0.492,0,1334.2,1949628.57,0.0,0,1.0297,1.1176,42.98,6.053,5,1,0,0.000765,7.307926,0,0.0,0.0,1,0,0,0,1
HVL-2026-000088,10102.67,15,9,10087.39,0.005,0,0,0,1318,0.465,0,9494.96,1842642.88,10263.27,0,1.0015,1.064,15.28,3.608,2,0,0,0.005483,9.220654,1,160.61,0.0159,1,0,0,0,1
HVL-2026-000089,11662.67,16,8,13005.93,-0.369,0,0,0,2474,0.411,0,11968.0,1346327.99,11714.41,0,0.8967,0.9745,-1343.27,6.773,3,0,0,0.008663,9.364234,1,51.75,0.00444,1,0,0,0,1
HVL-2026-000090,14135.7,20,7,16516.14,-0.515,0,0,0,4393,0.209,0,17166.06,2885696.55,14147.05,0,0.8559,0.8235,-2380.44,12.027,6,1,1,0.004899,9.55653,1,11.35,0.0008,1,0,0,0,1
HVL-2026-000091,4812.81,11,6,5022.04,-0.149,0,0,0,3392,0.229,0,4623.19,1102632.99,4794.85,0,0.9583,1.041,-209.23,9.287,3,0,0,0.004365,8.479243,1,17.96,0.00373,0,1,0,1,0
HVL-2026-000092,4754.19,7,2,6000.82,-0.742,0,0,0,4246,0.102,0,5895.73,572772.68,4712.91,0,0.7923,0.8064,-1246.62,11.625,0,0,1,0.0083,8.466993,1,41.28,0.00868,1,0,0,1,0
HVL-2026-000093,5765.46,13,3,6200.62,-0.251,0,0,0,1574,0.257,0,6024.68,2866005.38,5863.86,0,0.9298,0.957,-435.16,4.309,4,0,0,0.002012,8.659813,1,98.41,0.01707,1,0,0,1,0
HVL-2026-000094,7955.31,17,6,3233.38,5.216,0,0,0,2253,0.308,0,3329.33,2470083.95,8877.91,0,2.4604,2.3895,4721.94,6.168,3,0,0,0.003221,8.981721,1,922.59,0.11597,1,0,0,1,0
HVL-2026-000095,8737.37,14,2,7921.58,0.368,0,0,0,2692,0.307,0,8468.74,2834035.05,8724.2,0,1.103,1.0317,815.78,7.37,2,0,0,0.003083,9.075479,1,13.17,0.00151,0,1,0,0,1
HVL-2026-000096,3592.63,15,2,1450.06,5.277,0,0,0,1826,0.313,0,1560.54,3203854.21,3603.09,0,2.4776,2.3022,2142.56,4.999,0,0,0,0.001121,8.186917,1,10.46,0.00291,0,0,1,0,1
HVL-2026-000097,5641.51,7,8,6000.82,-0.214,0,0,0,4246,0.102,0,5912.7,1407038.69,5681.04,0,0.9401,0.9541,-359.3,11.625,6,1,1,0.004009,8.638085,1,39.53,0.00701,0,0,1,0,1
HVL-2026-000098,1880.18,14,3,1682.69,0.419,0,0,0,1144,0.249,0,1595.28,1884575.56,1857.24,0,1.1174,1.1786,197.49,3.132,5,1,0,0.000998,7.539656,1,22.94,0.0122,1,0,0,0,1
HVL-2026-000099,7981.12,9,6,6000.82,1.179,0,0,0,4246,0.102,0,5931.44,2355613.21,7921.91,0,1.33,1.3456,1980.31,11.625,5,1,0,0.003388,8.98496,1,59.21,0.00742,0,0,1,1,0
HVL-2026-000100,331.83,21,5,414.6,-0.713,0,0,0,4130,0.302,0,433.8,1304420.04,328.17,0,0.8004,0.765,-82.76,11.307,5,1,1,0.000254,5.807638,1,3.66,0.01102,0,0,1,1,0
HVL-2026-000101,17062.49,15,4,15229.09,0.43,0,0,0,3484,0.59,0,14094.5,2672204.22,17046.79,0,1.1204,1.2106,1833.4,9.539,2,0,0,0.006385,9.744696,1,15.7,0.00092,0,1,0,1,0
HVL-2026-000102,5999.34,13,2,5830.54,0.103,0,0,0,2143,0.405,0,5511.77,1930541.65,6030.79,0,1.029,1.0885,168.8,5.867,3,0,0,0.003108,8.699572,1,31.45,0.00524,1,0,0,0,1
HVL-2026-000103,823.84,18,8,603.67,1.303,0,0,0,4472,0.378,0,622.0,985218.05,827.56,0,1.3647,1.3245,220.18,12.244,1,0,0,0.000836,6.715195,1,3.71,0.00451,0,1,0,1,0
HVL-2026-000104,10452.74,10,8,10772.71,-0.106,0,0,0,570,0.903,0,10180.7,673961.58,10393.66,0,0.9703,1.0267,-319.96,1.561,0,0,0,0.015509,9.254715,1,59.08,0.00565,1,0,0,0,1
HVL-2026-000105,6509.57,20,6,5851.09,0.402,0,0,0,1110,0.422,0,5633.31,507791.93,6399.24,0,1.1125,1.1555,658.48,3.039,0,0,1,0.012819,8.781183,1,110.34,0.01695,0,0,1,1,0
HVL-2026-000106,1355.78,10,3,1409.4,-0.136,0,0,0,2097,0.119,0,1389.86,2307604.69,1360.96,0,0.962,0.9755,-53.63,5.741,0,0,0,0.000588,7.212867,1,5.18,0.00382,1,0,0,1,0
HVL-2026-000107,995.17,7,9,875.07,0.49,0,0,0,3426,0.394,0,893.24,2729385.13,988.27,0,1.1372,1.1141,120.1,9.38,3,0,1,0.000365,6.903914,1,6.9,0.00693,0,1,0,1,0
HVL-2026-000108,2412.15,14,7,2747.54,-0.436,0,0,0,5088,0.26,0,2557.42,943378.03,0.0,0,0.8779,0.9432,-335.38,13.93,0,0,0,0.002557,7.788689,0,0.0,0.0,0,1,0,0,1
HVL-2026-000109,2262.37,10,4,2029.54,0.41,0,0,0,210,0.147,0,1965.53,2631976.84,2252.1,0,1.1147,1.151,232.82,0.575,5,1,0,0.00086,7.724608,1,10.27,0.00454,0,1,0,1,0
HVL-2026-000110,872.65,11,7,846.86,0.109,0,0,0,3328,0.225,0,842.35,2639724.27,877.08,0,1.0305,1.036,25.8,9.112,6,1,0,0.000331,6.772683,1,4.42,0.00507,0,0,1,0,1
HVL-2026-000111,1240.41,10,3,1275.73,-0.099,0,0,0,4539,0.681,0,1283.93,2924922.79,1233.5,0,0.9723,0.9661,-35.32,12.427,2,0,0,0.000424,7.124002,1,6.91,0.00557,1,0,0,0,1
HVL-2026-000112,2345.74,17,3,2452.54,-0.156,0,0,0,80,0.058,0,2365.6,802504.09,2369.39,0,0.9565,0.9916,-106.8,0.219,2,0,0,0.002923,7.760783,1,23.64,0.01008,0,0,1,0,1
HVL-2026-000113,2094.16,16,9,2452.55,-0.522,0,0,0,3935,0.283,0,2627.89,1691360.56,2129.14,0,0.8539,0.7969,-358.39,10.773,3,0,0,0.001238,7.647385,1,34.98,0.0167,0,0,1,0,1
HVL-2026-000114,951.72,10,4,928.61,0.089,0,0,0,1008,0.115,0,965.55,558473.61,0.0,0,1.0249,0.9857,23.11,2.76,1,0,0,0.001704,6.859318,0,0.0,0.0,0,1,0,1,0
HVL-2026-000115,1939.06,17,7,1846.71,0.179,0,0,0,3971,0.448,0,1802.78,2379221.84,1951.03,0,1.05,1.0756,92.35,10.872,3,0,0,0.000815,7.570475,1,11.96,0.00617,1,0,0,0,1
HVL-2026-000116,1784.78,9,8,2012.87,-0.405,0,0,0,4057,0.148,0,2018.56,1665160.54,0.0,0,0.8867,0.8842,-228.08,11.107,0,0,0,0.001072,7.487613,0,0.0,0.0,1,0,0,0,1
HVL-2026-000117,310.82,10,6,248.57,0.778,0,0,0,1763,0.414,0,241.75,2462455.52,308.98,0,1.2504,1.2857,62.25,4.827,1,0,0,0.000126,5.742428,1,1.84,0.00593,1,0,0,0,1
HVL-2026-000118,7969.85,15,12,7352.07,0.3,0,0,0,3853,0.109,0,6977.9,1268747.8,8048.05,0,1.084,1.1422,617.78,10.549,0,0,0,0.006282,8.983547,1,78.2,0.00981,1,0,0,0,1
HVL-2026-000119,2603.81,12,4,2373.45,0.347,0,0,0,667,0.097,0,2200.02,1518073.77,2626.55,0,1.0971,1.1835,230.36,1.826,0,0,0,0.001715,7.865117,1,22.73,0.00873,1,0,0,0,1
HVL-2026-000120,4045.52,9,7,4388.99,-0.279,0,0,0,3415,0.152,0,4189.19,898624.27,0.0,0,0.9217,0.9657,-343.47,9.35,5,1,0,0.004502,8.305612,0,0.0,0.0,1,0,0,1,0
HVL-2026-000121,2194.77,18,9,2130.45,0.108,0,0,0,3136,0.346,0,2235.36,2418466.74,2218.3,0,1.0302,0.9818,64.32,8.586,0,0,0,0.000908,7.69429,1,23.53,0.01072,0,1,0,1,0
HVL-2026-000122,2896.8,8,5,3490.75,-0.608,0,0,0,3323,0.22,0,3435.63,1139239.91,2885.59,0,0.8299,0.8432,-593.95,9.098,1,0,0,0.002543,7.971708,1,11.22,0.00387,0,1,0,1,0
HVL-2026-000123,18815.98,18,5,20263.16,-0.255,0,0,0,4941,0.36,0,19404.33,1669040.17,18837.74,0,0.9286,0.9697,-1447.18,13.528,0,0,0,0.011274,9.842515,1,21.76,0.00116,1,0,0,1,0
HVL-2026-000124,2100.46,7,5,2193.13,-0.151,0,0,0,195,0.27,0,2230.86,2078293.39,2080.8,0,0.9577,0.9415,-92.67,0.534,4,0,1,0.001011,7.650389,1,19.66,0.00936,0,1,0,0,1
HVL-2026-000125,8641.3,15,13,7707.61,0.433,0,0,0,3928,0.28,0,7323.68,3182630.65,8666.12,0,1.1211,1.1799,933.69,10.754,5,1,0,0.002715,9.064424,1,24.82,0.00287,1,0,0,1,0
HVL-2026-000126,2373.68,9,4,2193.13,0.294,0,0,0,195,0.27,0,2268.34,818841.46,2409.24,0,1.0823,1.0464,180.55,0.534,4,0,0,0.002899,7.772618,1,35.56,0.01498,0,1,0,1,0
HVL-2026-000127,4134.4,11,9,3736.87,0.38,0,0,0,1518,0.35,0,3740.71,3178775.03,4125.99,0,1.1064,1.1052,397.53,4.156,5,1,0,0.001301,8.32734,1,8.41,0.00203,0,1,0,0,1
HVL-2026-000128,1206.16,16,12,1364.19,-0.414,0,0,0,2051,0.098,0,1466.04,2587492.78,1197.72,0,0.8842,0.8227,-158.03,5.615,0,0,0,0.000466,7.096024,1,8.44,0.007,0,1,0,1,0
HVL-2026-000129,15776.62,11,8,12532.32,0.925,0,0,0,1486,0.109,0,11730.83,2097302.32,15788.48,0,1.2589,1.3449,3244.3,4.068,5,1,0,0.007522,9.666348,1,11.86,0.00075,0,1,0,1,0
HVL-2026-000130,3055.99,12,8,3763.06,-0.671,0,0,0,2804,0.143,0,4032.74,1342311.01,3075.62,0,0.8121,0.7578,-707.07,7.677,4,0,0,0.002277,8.025187,1,19.63,0.00642,1,0,0,0,1
HVL-2026-000131,6362.88,10,7,6000.82,0.215,0,0,0,4246,0.102,0,5957.84,1411430.09,6341.98,0,1.0603,1.068,362.07,11.625,2,0,0,0.004508,8.758394,1,20.91,0.00329,1,0,0,1,0
HVL-2026-000132,1598.53,13,7,1564.68,0.077,0,0,0,3933,0.121,0,1682.48,1721534.31,1593.39,0,1.0216,0.9501,33.84,10.768,2,0,0,0.000929,7.377462,1,5.14,0.00321,1,0,0,0,1
HVL-2026-000133,3810.39,7,7,3840.83,-0.028,0,0,0,5195,0.117,0,3946.81,1943339.93,3782.99,0,0.9921,0.9654,-30.44,14.223,3,0,1,0.001961,8.24575,1,27.4,0.00719,1,0,0,1,0
HVL-2026-000134,1662.44,2,2,701.46,4.893,0,0,1,5169,0.99,1,684.11,2435945.09,1660.97,0,2.37,2.4301,960.98,14.152,2,0,1,0.000682,7.416643,1,1.47,0.00089,1,0,0,1,0
HVL-2026-000135,4463.53,8,1,1677.08,5.934,0,0,0,381,0.421,0,1701.5,3166327.49,3797.07,1,2.6615,2.6233,2786.45,1.043,5,1,0,0.00141,8.403919,1,666.46,0.14931,0,0,1,1,0
HVL-2026-000136,871.96,8,8,1153.0,-0.871,0,0,0,4313,0.246,0,1188.19,631251.87,868.03,0,0.7563,0.7339,-281.04,11.808,4,0,0,0.001381,6.771894,1,3.94,0.00452,1,0,0,0,1
HVL-2026-000137,1059.74,7,7,1153.0,-0.289,0,0,0,4313,0.246,0,1095.39,1747237.74,1057.94,0,0.9191,0.9675,-93.26,11.808,4,0,1,0.000607,6.966722,1,1.8,0.00169,1,0,0,1,0
HVL-2026-000138,9229.01,7,7,8857.75,0.15,0,0,0,4422,0.938,0,8273.09,646894.2,9289.6,0,1.0419,1.1155,371.25,12.107,6,1,1,0.014267,9.130215,1,60.6,0.00657,1,0,0,1,0
HVL-2026-000139,2418.95,7,8,2012.87,0.721,0,0,0,4057,0.148,0,1949.32,834647.97,2460.8,0,1.2017,1.2409,406.09,11.107,4,0,1,0.002898,7.791503,1,41.85,0.0173,1,0,0,0,1
HVL-2026-000140,1365.3,12,10,1237.16,0.37,0,0,0,2581,0.185,0,1281.85,1466858.03,1364.26,0,1.1036,1.0651,128.14,7.066,2,0,0,0.000931,7.219862,1,1.04,0.00076,1,0,0,1,0
HVL-2026-000141,2160.23,8,5,1866.31,0.562,0,0,0,264,0.199,0,1855.62,1770690.34,2182.64,0,1.1575,1.1642,293.92,0.723,3,0,0,0.00122,7.678435,1,22.41,0.01037,1,0,0,1,0
HVL-2026-000142,495.94,15,7,418.57,0.66,0,0,0,3196,0.295,0,417.87,1130757.09,489.57,0,1.1848,1.1868,77.37,8.75,3,0,0,0.000439,6.208475,1,6.37,0.01285,1,0,0,1,0
HVL-2026-000143,602.58,18,12,705.22,-0.52,0,0,0,535,0.042,0,751.89,2899872.53,597.99,0,0.8545,0.8014,-102.64,1.465,6,1,0,0.000208,6.40288,1,4.59,0.00762,1,0,0,1,0
HVL-2026-000144,803.34,18,6,744.45,0.283,0,0,0,778,0.185,0,727.6,717362.57,799.26,0,1.0791,1.1041,58.89,2.13,5,1,0,0.00112,6.690021,1,4.08,0.00508,1,0,0,0,1
HVL-2026-000145,1345.95,2,1,762.99,2.729,0,1,1,2656,0.252,0,750.15,2776335.74,1345.79,0,1.764,1.7942,582.96,7.272,1,0,1,0.000485,7.205597,1,0.16,0.00012,1,0,0,1,0
HVL-2026-000146,6423.51,18,8,7921.58,-0.675,0,0,0,2692,0.307,0,8519.88,904415.26,6407.6,0,0.8109,0.7539,-1498.07,7.37,6,1,0,0.007102,8.767876,1,15.91,0.00248,1,0,0,0,1
HVL-2026-000147,967.31,11,6,955.86,0.043,0,0,0,3659,0.063,0,908.04,1221446.12,961.43,0,1.012,1.0653,11.45,10.018,1,0,0,0.000792,6.875551,1,5.88,0.00607,1,0,0,0,1
HVL-2026-000148,1934.65,17,7,1677.08,0.548,0,0,0,381,0.421,0,1585.41,1462242.01,1930.8,0,1.1536,1.2203,257.56,1.043,1,0,0,0.001323,7.568197,1,3.84,0.00199,1,0,0,0,1
HVL-2026-000149,1458.36,8,6,1814.36,-0.701,0,0,0,3869,0.073,0,1796.6,1732629.89,1462.19,0,0.8038,0.8117,-356.0,10.593,4,0,0,0.000842,7.285753,1,3.83,0.00262,1,0,0,1,0
HVL-2026-000150,1081.5,15,5,1128.38,-0.148,0,0,0,4047,0.22,0,1096.46,2036573.08,1069.8,0,0.9585,0.9864,-46.88,11.08,1,0,0,0.000531,6.987032,1,11.71,0.01082,1,0,0,1,0
HVL-2026-000151,8254.88,18,7,8086.32,0.074,0,0,0,4552,0.072,0,8542.28,1175551.29,0.0,0,1.0208,0.9664,168.56,12.463,3,0,0,0.007022,9.018681,0,0.0,0.0,0,0,1,1,0
HVL-2026-000152,4561.23,18,13,4716.05,-0.117,0,0,0,715,0.238,0,4802.88,779354.71,4522.37,0,0.9672,0.9497,-154.82,1.958,6,1,0,0.005853,8.425567,1,38.86,0.00852,0,1,0,1,0
HVL-2026-000153,45337.87,17,9,15229.09,7.061,1,0,0,3484,0.71,0,15702.76,1880274.54,50210.41,0,2.9771,2.8873,30108.77,9.539,0,0,0,0.024112,10.72192,1,4872.55,0.10747,1,0,0,0,1
HVL-2026-000154,7464.6,12,11,7401.97,0.03,0,0,0,2420,0.108,0,7333.53,1803860.08,7404.02,0,1.0085,1.0179,62.64,6.626,4,0,0,0.004138,8.918061,1,60.58,0.00812,0,0,1,0,1
HVL-2026-000155,820.92,13,12,949.23,-0.483,0,0,0,4586,0.269,0,990.66,1644646.99,811.51,0,0.8648,0.8287,-128.3,12.556,4,0,0,0.000499,6.711648,1,9.41,0.01146,0,1,0,0,1
HVL-2026-000156,7594.65,13,4,6923.81,0.346,0,0,0,1566,0.354,0,6758.68,720300.36,7633.42,0,1.0969,1.1237,670.85,4.287,6,1,0,0.010544,8.935331,1,38.76,0.0051,0,1,0,1,0
HVL-2026-000157,18747.93,18,9,15778.88,0.672,0,0,0,3197,0.53,0,16460.81,979866.35,18746.72,0,1.1882,1.1389,2969.05,8.753,6,1,0,0.019133,9.838892,1,1.21,6e-05,0,1,0,0,1
HVL-2026-000158,1997.35,8,2,701.46,6.598,0,0,0,5169,0.99,1,739.56,2033132.06,0.0,0,2.8474,2.7007,1295.89,14.152,1,0,0,0.000982,7.600077,0,0.0,0.0,1,0,0,1,0
HVL-2026-000159,1472.0,14,8,1764.27,-0.592,0,0,0,788,0.4,0,1661.75,1574136.02,1485.74,0,0.8343,0.8858,-292.27,2.157,4,0,0,0.000935,7.295057,1,13.74,0.00933,0,1,0,1,0
HVL-2026-000160,332.3,21,9,371.49,-0.377,0,0,0,837,0.425,0,377.24,3062488.08,330.51,0,0.8945,0.8809,-39.18,2.292,2,0,1,0.000109,5.809056,1,1.8,0.00541,1,0,0,0,1
HVL-2026-000161,1880.82,18,5,1682.61,0.421,0,0,0,1110,0.029,0,1815.08,2662869.19,1869.97,0,1.1178,1.0362,198.22,3.039,6,1,0,0.000706,7.539997,1,10.86,0.00577,0,1,0,1,0
HVL-2026-000162,4242.93,12,6,3858.96,0.355,0,0,0,4092,0.443,0,3717.98,509944.95,4256.1,0,1.0995,1.1412,383.97,11.203,2,0,0,0.00832,8.353245,1,13.17,0.0031,1,0,0,1,0
HVL-2026-000163,1911.78,15,8,1677.08,0.5,0,0,0,381,0.421,0,1621.65,1292726.03,1891.28,0,1.1399,1.1789,234.7,1.043,2,0,0,0.001479,7.556313,1,20.5,0.01072,1,0,0,1,0
HVL-2026-000164,7621.76,8,13,8188.69,-0.247,0,0,0,3323,0.307,0,8590.13,2299777.91,7549.0,0,0.9308,0.8873,-566.93,9.098,2,0,0,0.003314,8.938894,1,72.76,0.00955,1,0,0,1,0
HVL-2026-000165,2042.44,20,11,2153.06,-0.183,0,0,0,861,0.052,0,2138.48,1892441.79,2041.06,0,0.9486,0.9551,-110.61,2.357,5,1,1,0.001079,7.622391,1,1.38,0.00068,1,0,0,0,1
HVL-2026-000166,1058.94,7,6,1128.38,-0.22,0,0,0,4047,0.22,0,1156.6,1541576.42,1052.35,0,0.9385,0.9156,-69.45,11.08,3,0,1,0.000687,6.965965,1,6.59,0.00622,1,0,0,1,0
HVL-2026-000167,3656.5,9,6,3840.83,-0.171,0,0,0,5195,0.117,0,3894.24,1585264.51,3611.15,0,0.952,0.939,-184.33,14.223,1,0,0,0.002307,8.204535,1,45.35,0.0124,1,0,0,0,1
HVL-2026-000168,22129.57,8,5,19025.37,0.583,0,0,0,3417,0.734,0,20500.48,2618878.45,0.0,0,1.1632,1.0795,3104.2,9.355,2,0,0,0.00845,10.004715,0,0.0,0.0,1,0,0,0,1
HVL-2026-000169,2567.82,9,4,2011.94,0.987,0,0,0,3717,0.225,0,2061.18,1306838.56,2553.02,0,1.2763,1.2458,555.88,10.177,5,1,0,0.001965,7.851202,1,14.8,0.00576,1,0,0,1,0
HVL-2026-000170,3746.26,17,7,3736.87,0.009,0,0,0,1518,0.35,0,3862.29,2072991.74,3754.78,0,1.0025,0.97,9.39,4.156,3,0,0,0.001807,8.228781,1,8.52,0.00227,1,0,0,0,1
HVL-2026-000171,6002.75,13,5,5830.54,0.105,0,0,0,2143,0.405,0,5366.07,1801430.74,6055.04,0,1.0295,1.1186,172.2,5.867,6,1,0,0.003332,8.700139,1,52.29,0.00871,1,0,0,1,0
HVL-2026-000172,2809.3,11,3,1318.05,4.041,0,0,0,684,0.17,0,1231.5,762033.39,0.0,0,2.1314,2.2812,1491.25,1.873,1,0,0,0.003687,7.941045,0,0.0,0.0,0,1,0,1,0
HVL-2026-000173,18141.5,8,3,15778.88,0.535,0,0,0,3197,0.53,0,16285.75,2532127.77,18210.07,0,1.1497,1.1139,2362.62,8.753,1,0,0,0.007165,9.806013,1,68.57,0.00378,1,0,0,0,1
HVL-2026-000174,1770.46,13,6,1677.08,0.199,0,0,0,381,0.421,0,1629.17,1715861.71,1769.75,0,1.0557,1.0867,93.37,1.043,6,1,0,0.001032,7.479557,1,0.7,0.0004,1,0,0,0,1
HVL-2026-000175,1081.97,17,9,1128.38,-0.147,0,0,0,4047,0.22,0,1218.41,1193560.13,1091.71,0,0.9589,0.888,-46.41,11.08,3,0,0,0.000907,6.987465,1,9.74,0.009,1,0,0,0,1
HVL-2026-000176,4554.25,13,2,6744.84,-1.16,0,0,0,2616,0.634,0,6734.95,3213068.28,4546.83,0,0.6752,0.6762,-2190.59,7.162,4,0,0,0.001417,8.424035,1,7.42,0.00163,1,0,0,0,1
HVL-2026-000177,3028.28,23,7,1275.73,4.906,0,0,1,4539,0.681,0,1341.88,2746770.3,3037.77,0,2.3738,2.2567,1752.55,12.427,1,0,1,0.001102,8.016079,1,9.49,0.00314,1,0,0,1,0
HVL-2026-000178,2119.03,7,6,1846.71,0.527,0,0,0,3971,0.448,0,1795.39,2951890.74,2128.2,0,1.1475,1.1803,272.32,10.872,2,0,1,0.000718,7.659184,1,9.17,0.00433,1,0,0,1,0
HVL-2026-000179,6839.59,12,6,7352.07,-0.249,0,0,0,3853,0.109,0,7484.22,1479305.3,6833.74,0,0.9303,0.9139,-512.49,10.549,1,0,0,0.004624,8.830629,1,5.85,0.00085,0,0,1,1,0
HVL-2026-000180,1319.94,17,6,2011.94,-1.228,0,0,0,3717,0.225,0,2018.57,2545268.61,1322.1,0,0.6561,0.6539,-692.0,10.177,2,0,0,0.000519,7.186096,1,2.16,0.00164,1,0,0,1,0
HVL-2026-000181,2850.59,14,8,2325.13,0.807,0,0,0,2263,0.071,0,2488.06,1614385.89,2845.46,0,1.226,1.1457,525.46,6.196,6,1,0,0.001766,7.955632,1,5.13,0.0018,0,1,0,0,1
HVL-2026-000182,1104.05,8,7,955.86,0.554,0,0,0,3659,0.063,0,882.79,1996299.35,1110.58,0,1.155,1.2506,148.19,10.018,1,0,0,0.000553,7.007649,1,6.52,0.00591,1,0,0,1,0
HVL-2026-000183,3727.02,8,5,3736.87,-0.009,0,0,0,1518,0.35,0,3507.65,640951.17,3766.01,0,0.9974,1.0625,-9.86,4.156,3,0,0,0.005815,8.223632,1,38.99,0.01046,1,0,0,1,0
HVL-2026-000184,2188.1,17,8,2011.94,0.313,0,0,0,3717,0.225,0,1962.04,2128657.88,2195.57,0,1.0876,1.1152,176.17,10.177,3,0,0,0.001028,7.691248,1,7.47,0.00341,0,1,0,1,0
HVL-2026-000185,417.75,11,5,371.49,0.445,0,0,0,837,0.425,0,352.82,2087314.45,419.63,0,1.1246,1.1841,46.27,2.292,5,1,0,0.0002,6.037285,1,1.87,0.00448,0,1,0,1,0
HVL-2026-000186,1329.14,14,11,1560.89,-0.53,0,0,0,1483,0.161,0,1653.33,2009380.56,1344.06,0,0.8515,0.8039,-231.75,4.06,6,1,0,0.000661,7.193041,1,14.92,0.01122,0,1,0,0,1
HVL-2026-000187,2628.36,13,5,2219.28,0.658,0,0,0,3095,0.399,0,2238.25,579203.42,2603.11,0,1.1843,1.1743,409.08,8.474,2,0,0,0.004538,7.874495,1,25.24,0.0096,1,0,0,1,0
HVL-2026-000188,2925.2,18,6,3199.53,-0.306,0,0,0,3899,0.359,0,3060.96,1205912.05,2881.46,0,0.9143,0.9556,-274.33,10.675,1,0,0,0.002426,7.981461,1,43.74,0.01495,1,0,0,1,0
HVL-2026-000189,2517.28,14,4,2166.75,0.578,0,0,0,1981,0.429,0,2094.9,1043667.63,2540.71,0,1.1618,1.2016,350.53,5.424,6,1,0,0.002412,7.831332,1,23.42,0.00931,1,0,0,1,0
HVL-2026-000190,397.68,10,3,371.49,0.252,0,0,0,837,0.425,0,357.22,2752175.11,395.98,0,1.0705,1.1133,26.19,2.292,1,0,0,0.000144,5.988158,1,1.7,0.00428,0,1,0,1,0
HVL-2026-000191,13887.61,18,7,12532.32,0.386,0,0,0,1486,0.109,0,12824.33,1562635.56,13679.57,0,1.1081,1.0829,1355.29,4.068,0,0,0,0.008887,9.538825,1,208.04,0.01498,1,0,0,0,1
HVL-2026-000192,3098.13,14,7,3763.06,-0.631,0,0,0,2804,0.143,0,3592.73,2953790.05,3087.76,0,0.8233,0.8623,-664.93,7.677,0,0,0,0.001049,8.038877,1,10.37,0.00335,0,1,0,1,0
HVL-2026-000193,2164.02,15,9,2130.45,0.056,0,0,0,3136,0.346,0,2258.68,2921313.66,2185.94,0,1.0158,0.9581,33.57,8.586,1,0,0,0.000741,7.680187,1,21.91,0.01013,1,0,0,0,1
HVL-2026-000194,912.84,18,2,860.0,0.219,0,0,0,596,0.975,0,798.06,1483767.04,913.78,0,1.0614,1.1438,52.84,1.632,0,0,0,0.000615,6.817651,1,0.94,0.00103,0,1,0,1,0
HVL-2026-000195,317.14,18,5,415.04,-0.842,0,0,0,1005,0.126,0,395.43,1831460.4,315.99,0,0.7641,0.802,-97.89,2.752,4,0,0,0.000173,5.762505,1,1.15,0.00364,1,0,0,1,0
HVL-2026-000196,1960.66,14,4,2121.94,-0.271,0,0,0,3054,0.446,0,2286.53,1104960.93,1954.86,0,0.924,0.8575,-161.28,8.361,6,1,0,0.001774,7.581545,1,5.8,0.00296,0,1,0,1,0
HVL-2026-000197,16186.62,8,5,15229.09,0.225,0,0,0,3484,0.59,0,14887.12,1407615.68,16474.99,0,1.0629,1.0873,957.53,9.539,5,1,0,0.011499,9.692002,1,288.36,0.01781,1,0,0,1,0
HVL-2026-000198,1263.78,5,6,1306.89,-0.118,0,0,0,3592,0.28,0,1393.22,1439961.26,1259.72,0,0.967,0.9071,-43.11,9.834,2,0,1,0.000878,7.142653,1,4.06,0.00321,1,0,0,1,0
HVL-2026-000199,3664.29,12,6,3858.96,-0.18,0,0,0,4092,0.443,0,3711.26,2668710.8,3685.75,0,0.9496,0.9873,-194.67,11.203,6,1,0,0.001373,8.206663,1,21.46,0.00586,0,1,0,1,0
HVL-2026-000200,492.02,11,4,418.57,0.627,0,0,0,3196,0.295,0,435.22,3168900.84,488.39,0,1.1755,1.1305,73.44,8.75,2,0,0,0.000155,6.200548,1,3.63,0.00738,1,0,0,1,0
HVL-2026-000201,826.71,15,8,875.07,-0.197,0,0,0,3426,0.394,0,863.97,2227176.45,820.83,0,0.9447,0.9569,-48.36,9.38,0,0,0,0.000371,6.71866,1,5.88,0.00711,0,1,0,1,0
HVL-2026-000202,407.19,6,7,414.6,-0.064,0,0,0,4130,0.302,0,383.56,1125415.52,409.62,0,0.9821,1.0616,-7.41,11.307,4,0,1,0.000362,6.011735,1,2.42,0.00595,0,0,1,1,0
HVL-2026-000203,3200.11,7,10,2747.54,0.588,0,0,0,5088,0.26,0,2940.48,3059836.75,3202.09,0,1.1647,1.0883,452.58,13.93,6,1,1,0.001046,8.071254,1,1.97,0.00062,1,0,0,1,0
HVL-2026-000204,2316.66,15,8,2584.91,-0.371,0,0,0,1424,0.51,0,2495.01,1109058.69,2340.0,0,0.8962,0.9285,-268.25,3.899,6,1,0,0.002089,7.748314,1,23.34,0.01007,0,1,0,1,0
HVL-2026-000205,2060.26,16,9,2245.57,-0.295,0,0,0,4781,0.392,0,2312.02,628942.76,2061.21,0,0.9175,0.8911,-185.31,13.09,5,1,0,0.003276,7.631074,1,0.95,0.00046,1,0,0,0,1
HVL-2026-000206,5420.8,9,10,4716.05,0.534,0,0,0,715,0.238,0,5012.0,1633598.99,5475.38,0,1.1494,1.0816,704.75,1.958,0,0,0,0.003318,8.598183,1,54.58,0.01007,1,0,0,1,0
HVL-2026-000207,962.28,8,2,868.45,0.386,0,0,0,223,0.168,0,928.02,1819818.65,968.27,0,1.108,1.0369,93.83,0.611,3,0,0,0.000529,6.87034,1,5.99,0.00622,1,0,0,0,1
HVL-2026-000208,2748.23,14,4,1409.4,3.393,0,1,0,2097,0.219,0,1413.09,1650988.32,2742.41,0,1.9499,1.9448,1338.83,5.741,5,1,0,0.001665,7.919076,1,5.82,0.00212,1,0,0,1,0
HVL-2026-000209,628.66,5,6,744.45,-0.556,0,0,0,778,0.185,0,766.82,2357696.9,629.66,0,0.8445,0.8198,-115.8,2.13,1,0,1,0.000267,6.445174,1,1.01,0.0016,1,0,0,1,0
HVL-2026-000210,4071.0,7,4,3736.87,0.319,0,0,0,1518,0.35,0,3676.26,640221.23,0.0,0,1.0894,1.1074,334.12,4.156,2,0,1,0.006359,8.311889,0,0.0,0.0,0,1,0,1,0
HVL-2026-000211,6571.64,5,1,3525.31,3.086,0,1,0,924,0.269,0,3412.79,498408.85,6537.56,0,1.8641,1.9256,3046.32,2.53,3,0,1,0.013185,8.790671,1,34.08,0.00519,0,1,0,1,0
HVL-2026-000212,4717.02,12,11,4716.05,0.001,0,0,0,715,0.238,0,4619.81,3132933.17,4762.47,0,1.0002,1.021,0.97,1.958,4,0,0,0.001506,8.459144,1,45.45,0.00964,0,1,0,0,1
HVL-2026-000213,445.75,9,9,371.49,0.714,0,0,0,837,0.425,0,371.18,1555296.27,445.76,0,1.1999,1.2009,74.27,2.292,5,1,0,0.000287,6.102002,1,0.0,1e-05,1,0,0,0,1
HVL-2026-000214,2146.98,12,5,2153.82,-0.011,0,0,0,4230,0.107,0,1993.01,804692.73,2129.05,0,0.9968,1.0773,-6.84,11.581,2,0,0,0.002668,7.672283,1,17.93,0.00835,1,0,0,1,0
HVL-2026-000215,725.89,0,5,376.6,3.313,0,0,1,1341,0.139,0,355.53,3145532.67,730.42,0,1.9275,2.0417,349.3,3.671,5,1,1,0.000231,6.58878,1,4.53,0.00624,0,1,0,0,1
HVL-2026-000216,7923.74,14,4,8086.32,-0.072,0,0,0,4552,0.072,0,8424.98,2166479.16,7927.47,0,0.9799,0.9405,-162.58,12.463,5,1,0,0.003657,8.977745,1,3.73,0.00047,1,0,0,1,0
HVL-2026-000217,8790.45,10,5,7352.07,0.699,0,0,0,3853,0.109,0,7052.67,2544510.1,8807.28,0,1.1956,1.2464,1438.37,10.549,2,0,0,0.003455,9.081535,1,16.83,0.00192,0,1,0,0,1
HVL-2026-000218,1894.99,13,6,2029.54,-0.237,0,0,0,210,0.147,0,1940.5,1248049.82,1892.44,0,0.9337,0.9765,-134.55,0.575,4,0,0,0.001518,7.547497,1,2.55,0.00135,1,0,0,0,1
HVL-2026-000219,1096.61,18,9,1275.73,-0.501,0,0,0,4539,0.681,0,1297.18,2481952.07,1095.5,0,0.8596,0.8454,-179.12,12.427,1,0,0,0.000442,7.000888,1,1.11,0.00101,1,0,0,1,0
HVL-2026-000220,2401.91,13,4,2373.45,0.043,0,0,0,667,0.097,0,2515.47,2029574.7,2388.33,0,1.012,0.9549,28.46,1.826,0,0,0,0.001183,7.784438,1,13.58,0.00566,0,1,0,0,1
HVL-2026-000221,1533.12,13,4,1682.61,-0.317,0,0,0,1110,0.029,0,1726.89,1689378.09,1541.16,0,0.9112,0.8878,-149.49,3.039,0,0,0,0.000908,7.335713,1,8.04,0.00524,1,0,0,1,0
HVL-2026-000222,458.06,9,6,487.73,-0.217,0,0,0,1191,0.171,0,459.92,454579.91,460.7,0,0.9392,0.9959,-29.68,3.261,4,0,0,0.001008,6.129176,1,2.65,0.00578,0,1,0,0,1
HVL-2026-000223,1168.23,9,9,1275.73,-0.301,0,0,0,4539,0.681,0,1202.82,1645293.0,1172.37,0,0.9157,0.9712,-107.5,12.427,3,0,0,0.00071,7.0641,1,4.14,0.00355,0,1,0,0,1
HVL-2026-000224,444.87,17,9,418.57,0.224,0,0,0,3196,0.295,0,421.18,2587931.4,450.49,0,1.0628,1.0563,26.3,8.75,5,1,0,0.000172,6.100031,1,5.62,0.01264,1,0,0,0,1
HVL-2026-000225,866.61,15,4,973.94,-0.394,0,0,0,3424,0.161,0,995.9,1447995.74,870.77,0,0.8898,0.8702,-107.32,9.374,4,0,0,0.000598,6.765747,1,4.16,0.0048,1,0,0,1,0
HVL-2026-000226,9801.82,11,4,10772.71,-0.322,0,0,0,570,0.903,0,10245.11,797836.03,9874.27,0,0.9099,0.9567,-970.88,1.561,4,0,0,0.012286,9.190426,1,72.44,0.00739,1,0,0,0,1
HVL-2026-000227,248.09,18,4,248.57,-0.006,0,0,0,1763,0.414,0,252.22,1650922.49,246.84,0,0.9981,0.9836,-0.48,4.827,0,0,0,0.00015,5.517814,1,1.25,0.00502,1,0,0,0,1
HVL-2026-000228,4654.64,17,9,4440.2,0.172,0,0,0,3864,0.376,0,4530.17,605665.89,0.0,0,1.0483,1.0275,214.45,10.579,0,0,0,0.007685,8.445836,0,0.0,0.0,0,0,1,1,0
HVL-2026-000229,838.05,14,5,860.0,-0.091,0,0,0,596,0.975,0,792.84,1515697.05,826.54,0,0.9745,1.057,-21.95,1.632,6,1,0,0.000553,6.73227,1,11.51,0.01373,1,0,0,0,1
HVL-2026-000230,754.62,10,2,868.45,-0.468,0,0,0,223,0.168,0,821.96,1962928.14,748.22,0,0.8689,0.9181,-113.82,0.611,0,0,0,0.000384,6.627545,1,6.41,0.00849,1,0,0,1,0
HVL-2026-000231,16120.05,9,6,15229.09,0.209,0,0,0,3484,0.59,0,14351.89,3051775.37,16095.66,0,1.0585,1.1232,890.95,9.539,1,0,0,0.005282,9.687881,1,24.39,0.00151,0,1,0,1,0
HVL-2026-000232,500.88,11,12,414.6,0.743,0,0,0,4130,0.302,0,422.72,3161097.45,0.0,0,1.2081,1.1849,86.29,11.307,0,0,0,0.000158,6.218369,0,0.0,0.0,1,0,0,1,0
HVL-2026-000233,1033.92,14,11,1560.89,-1.206,0,0,0,1483,0.161,0,1615.43,536127.96,0.0,0,0.6624,0.64,-526.97,4.06,6,1,0,0.001928,6.942075,0,0.0,0.0,0,0,1,1,0
HVL-2026-000234,2396.49,14,3,2821.97,-0.538,0,0,0,3722,0.892,0,2982.51,1494887.49,2407.83,0,0.8492,0.8035,-425.48,10.19,0,0,0,0.001603,7.782179,1,11.34,0.00473,1,0,0,1,0
HVL-2026-000235,911.19,13,4,762.99,0.694,0,0,0,2656,0.152,0,735.01,1175648.47,913.37,0,1.1942,1.2397,148.2,7.272,4,0,0,0.000775,6.81585,1,2.18,0.00239,0,1,0,0,1
HVL-2026-000236,3801.71,18,5,5664.74,-1.175,0,0,0,1382,0.168,0,6051.47,520540.97,3804.61,0,0.6711,0.6282,-1863.03,3.784,1,0,0,0.007303,8.24347,1,2.9,0.00076,0,1,0,1,0
HVL-2026-000237,1671.95,16,5,1897.87,-0.425,0,0,0,205,0.125,0,1802.43,2326115.98,1678.88,0,0.881,0.9276,-225.93,0.561,5,1,0,0.000719,7.422343,1,6.93,0.00415,1,0,0,1,0
HVL-2026-000238,13614.02,10,7,15778.88,-0.49,0,0,0,3197,0.53,0,15839.85,1031887.99,13642.92,0,0.8628,0.8595,-2164.86,8.753,0,0,0,0.013193,9.518929,1,28.9,0.00212,1,0,0,1,0
HVL-2026-000239,4048.35,14,7,3736.87,0.298,0,0,0,1518,0.35,0,3856.54,2656035.99,0.0,0,1.0834,1.0497,311.47,4.156,3,0,0,0.001524,8.306311,0,0.0,0.0,1,0,0,1,0
HVL-2026-000240,5718.15,17,3,6858.66,-0.594,0,0,0,2571,0.063,0,6739.81,1507853.29,5715.89,0,0.8337,0.8484,-1140.51,7.039,1,0,0,0.003792,8.651575,1,2.26,0.00039,0,0,1,1,0
HVL-2026-000241,2127.18,9,9,2708.33,-0.766,0,0,0,5021,0.361,0,2919.55,1351188.57,2123.26,0,0.7854,0.7286,-581.15,13.747,2,0,0,0.001574,7.663025,1,3.93,0.00185,1,0,0,0,1
HVL-2026-000242,8095.37,9,6,7921.58,0.078,0,0,0,2692,0.307,0,8309.77,2379220.53,7976.93,0,1.0219,0.9742,173.78,7.37,2,0,0,0.003403,8.999171,1,118.43,0.01463,0,1,0,1,0
HVL-2026-000243,18597.04,9,5,19610.46,-0.185,0,0,0,4971,0.081,0,19226.68,3207559.86,18731.42,0,0.9483,0.9673,-1013.42,13.61,3,0,0,0.005798,9.830811,1,134.38,0.00723,1,0,0,1,0
HVL-2026-000244,5248.08,18,10,5022.04,0.161,0,0,0,3392,0.229,0,4756.11,857524.2,0.0,0,1.045,1.1034,226.05,9.287,4,0,0,0.00612,8.565809,0,0.0,0.0,1,0,0,1,0
HVL-2026-000245,2131.25,7,9,2960.97,-1.001,0,0,0,4175,0.317,0,2997.88,2381689.1,2133.41,0,0.7198,0.7109,-829.72,11.431,3,0,1,0.000895,7.664933,1,2.16,0.00101,0,1,0,1,0
HVL-2026-000246,6623.56,15,9,6231.6,0.225,0,0,0,266,0.127,0,6450.25,2163334.44,6613.13,0,1.0629,1.0269,391.96,0.728,1,0,0,0.003062,8.798539,1,10.43,0.00157,1,0,0,0,1
HVL-2026-000247,1652.93,7,9,2245.57,-0.943,0,0,0,4781,0.392,0,2300.16,1102007.01,1650.75,0,0.7361,0.7186,-592.63,13.09,6,1,1,0.0015,7.410912,1,2.19,0.00132,1,0,0,0,1
HVL-2026-000248,5944.86,10,5,4482.4,1.165,0,0,0,3341,0.37,0,4526.41,3158798.3,5896.46,0,1.3263,1.3134,1462.46,9.147,1,0,0,0.001882,8.69045,1,48.4,0.00814,0,1,0,1,0
HVL-2026-000249,1597.24,7,8,1846.71,-0.482,0,0,0,3971,0.448,0,1779.04,936744.59,1580.33,0,0.8649,0.8978,-249.47,10.872,6,1,1,0.001705,7.376661,1,16.91,0.01059,1,0,0,1,0
HVL-2026-000250,2000.02,18,7,2026.7,-0.047,0,0,0,2641,0.218,0,2013.8,2017798.53,2003.04,0,0.9868,0.9932,-26.68,7.231,3,0,0,0.000991,7.601414,1,3.02,0.00151,0,1,0,0,1
HVL-2026-000251,1029.75,8,8,1032.94,-0.011,0,0,0,661,0.227,0,956.21,1381706.43,1039.58,0,0.9969,1.0769,-3.19,1.81,2,0,0,0.000745,6.938041,1,9.83,0.00955,0,1,0,0,1
HVL-2026-000252,2309.9,9,9,2245.57,0.102,0,0,0,4781,0.392,0,2132.01,1101653.39,2317.49,0,1.0286,1.0834,64.33,13.09,0,0,0,0.002097,7.745393,1,7.59,0.00329,1,0,0,0,1
HVL-2026-000253,947.83,13,4,1022.01,-0.259,0,0,0,433,0.196,0,1082.47,3069130.67,950.11,0,0.9274,0.8756,-74.18,1.185,5,1,0,0.000309,6.855233,1,2.28,0.00241,1,0,0,1,0
HVL-2026-000254,2223.52,15,5,3216.47,-1.103,0,0,0,4933,0.47,0,3390.96,1176527.3,2205.6,0,0.6913,0.6557,-992.95,13.506,6,1,0,0.00189,7.707297,1,17.93,0.00806,1,0,0,1,0
HVL-2026-000255,2669.67,8,4,3763.06,-1.038,0,0,0,2804,0.143,0,3860.74,1215381.68,2686.66,0,0.7094,0.6915,-1093.39,7.677,5,1,0,0.002197,7.890083,1,16.99,0.00636,1,0,0,0,1
HVL-2026-000256,4298.06,17,4,4667.45,-0.283,0,0,0,3427,0.201,0,4826.33,1476943.92,4301.4,0,0.9209,0.8905,-369.39,9.383,2,0,0,0.00291,8.366152,1,3.34,0.00078,1,0,0,0,1
HVL-2026-000257,1731.72,13,5,2012.87,-0.499,0,0,0,4057,0.148,0,2063.93,2141133.4,1742.01,0,0.8603,0.839,-281.15,11.107,5,1,0,0.000809,7.457448,1,10.29,0.00594,1,0,0,0,1
HVL-2026-000258,4492.18,12,4,4003.32,0.436,0,0,0,2551,0.416,0,4238.19,697205.77,4501.7,0,1.1221,1.0599,488.85,6.984,0,0,0,0.006443,8.410316,1,9.52,0.00212,0,0,1,0,1
HVL-2026-000259,810.09,8,7,846.86,-0.155,0,0,0,3328,0.225,0,809.39,2878271.15,816.81,0,0.9566,1.0009,-36.77,9.112,0,0,0,0.000281,6.69838,1,6.72,0.00829,1,0,0,0,1
HVL-2026-000260,13401.2,11,4,16516.14,-0.674,0,0,0,4393,0.209,0,17094.8,2725054.46,13338.55,0,0.8114,0.7839,-3114.94,12.027,4,0,0,0.004918,9.503174,1,62.65,0.00467,0,1,0,1,0
HVL-2026-000261,2157.71,17,7,2254.12,-0.153,0,0,0,4469,0.456,0,2215.38,1013796.38,2167.46,0,0.9572,0.974,-96.41,12.235,0,0,0,0.002128,7.677266,1,9.75,0.00452,1,0,0,1,0
HVL-2026-000262,4718.74,17,4,4440.2,0.224,0,0,0,3864,0.376,0,4525.23,2129798.59,4705.8,0,1.0627,1.0428,278.54,10.579,4,0,0,0.002216,8.459509,1,12.94,0.00274,0,1,0,0,1
HVL-2026-000263,3865.65,13,12,3216.47,0.721,0,0,0,4933,0.47,0,3180.82,2358202.8,3835.98,0,1.2018,1.2153,649.18,13.506,1,0,0,0.001639,8.260143,1,29.67,0.00767,1,0,0,0,1
HVL-2026-000264,5786.88,12,8,2254.12,5.597,0,0,0,4469,0.456,0,2124.12,905341.44,5748.72,0,2.5672,2.7244,3532.77,12.235,2,0,0,0.006392,8.663522,1,38.16,0.00659,1,0,0,0,1
HVL-2026-000265,16507.74,7,10,15778.88,0.165,0,0,0,3197,0.53,0,16718.58,1209552.61,16487.47,0,1.0462,0.9874,728.86,8.753,5,1,1,0.013648,9.711645,1,20.27,0.00123,1,0,0,0,1
HVL-2026-000266,18021.75,18,6,16516.14,0.326,0,0,0,4393,0.209,0,16683.64,1219798.8,18054.96,0,1.0912,1.0802,1505.62,12.027,2,0,0,0.014774,9.79939,1,33.2,0.00184,1,0,0,1,0
HVL-2026-000267,471.54,16,9,603.67,-0.782,0,0,0,4472,0.378,0,608.39,2592736.45,474.53,0,0.7811,0.7751,-132.12,12.244,0,0,0,0.000182,6.158129,1,2.98,0.00632,1,0,0,0,1
HVL-2026-000268,1940.64,9,4,1846.71,0.182,0,0,0,3971,0.448,0,1815.4,2232341.74,1916.79,0,1.0509,1.069,93.93,10.872,1,0,0,0.000869,7.571289,1,23.85,0.01229,0,1,0,0,1
HVL-2026-000269,2475.72,14,5,2452.55,0.034,0,0,0,3935,0.283,0,2265.58,679362.29,2483.34,0,1.0094,1.0928,23.17,10.773,2,0,0,0.003644,7.81469,1,7.62,0.00308,1,0,0,0,1
HVL-2026-000270,947.4,18,5,1032.94,-0.296,0,0,0,661,0.227,0,1110.18,1450350.13,952.52,0,0.9172,0.8534,-85.55,1.81,6,1,0,0.000653,6.854771,1,5.12,0.0054,0,1,0,1,0
HVL-2026-000271,901.41,7,1,846.86,0.23,0,0,0,3328,0.225,0,893.08,3091360.99,910.85,0,1.0644,1.0093,54.55,9.112,1,0,1,0.000292,6.805066,1,9.44,0.01047,0,1,0,0,1
HVL-2026-000272,21643.57,13,11,19025.37,0.491,0,0,0,3417,0.734,0,18480.62,1696678.16,21715.84,0,1.1376,1.1711,2618.2,9.355,5,1,0,0.012756,9.98251,1,72.28,0.00334,1,0,0,0,1
HVL-2026-000273,2343.21,7,6,2153.82,0.314,0,0,0,4230,0.107,0,2190.52,1654336.1,2361.94,0,1.0879,1.0697,189.4,11.581,1,0,1,0.001416,7.759705,1,18.73,0.00799,0,0,1,0,1
HVL-2026-000274,478.98,8,5,487.73,-0.064,0,0,0,1191,0.171,0,501.94,968462.79,477.51,0,0.9821,0.9543,-8.75,3.261,2,0,0,0.000495,6.173742,1,1.47,0.00306,1,0,0,1,0
HVL-2026-000275,742.97,11,4,868.45,-0.516,0,0,0,223,0.168,0,880.07,908150.66,733.7,0,0.8555,0.8442,-125.48,0.611,2,0,0,0.000818,6.612004,1,9.28,0.01249,1,0,0,1,0
HVL-2026-000276,3370.15,15,6,3502.22,-0.135,0,0,0,2078,0.156,0,3387.16,1195589.0,3367.43,0,0.9623,0.995,-132.07,5.689,4,0,0,0.002819,8.123008,1,2.72,0.00081,1,0,0,0,1
HVL-2026-000277,10079.65,13,7,9151.08,0.362,0,0,0,3124,0.287,0,9335.09,1173046.58,10120.16,0,1.1015,1.0798,928.57,8.553,5,1,0,0.008593,9.218373,1,40.52,0.00402,1,0,0,0,1
HVL-2026-000278,2462.61,21,6,2130.45,0.557,0,0,0,3136,0.346,0,2267.47,2013097.86,2464.7,0,1.1559,1.0861,332.16,8.586,6,1,1,0.001223,7.809383,1,2.09,0.00085,1,0,0,1,0
HVL-2026-000279,1757.98,12,7,2166.75,-0.674,0,0,0,1981,0.429,0,2171.44,1628911.52,1745.93,0,0.8113,0.8096,-408.77,5.424,6,1,0,0.001079,7.472489,1,12.05,0.00686,1,0,0,0,1
HVL-2026-000280,341.31,16,7,377.33,-0.341,0,0,0,4066,0.401,0,369.89,1528808.68,338.06,0,0.9045,0.9227,-36.02,11.132,2,0,0,0.000223,5.83572,1,3.25,0.00953,1,0,0,1,0
HVL-2026-000281,4518.69,12,5,5161.64,-0.445,0,0,0,660,0.063,0,5005.38,2094792.34,4545.07,0,0.8754,0.9028,-642.94,1.807,0,0,0,0.002157,8.416199,1,26.38,0.00584,1,0,0,0,1
HVL-2026-000282,960.0,16,5,875.07,0.347,0,0,0,3426,0.394,0,850.59,519587.11,955.28,0,1.0971,1.1286,84.94,9.38,6,1,0,0.001848,6.867978,1,4.73,0.00492,1,0,0,1,0
HVL-2026-000283,7689.75,14,5,7401.97,0.139,0,0,0,2420,0.108,0,6962.54,3215641.85,0.0,0,1.0389,1.1044,287.79,6.626,1,0,0,0.002391,8.947774,0,0.0,0.0,1,0,0,0,1
HVL-2026-000284,3731.98,15,4,4996.01,-0.904,0,0,0,4936,0.215,0,5266.43,3203828.58,3739.23,0,0.747,0.7086,-1264.03,13.514,6,1,0,0.001165,8.224963,1,7.25,0.00194,1,0,0,1,0
HVL-2026-000285,3072.69,7,5,3216.47,-0.16,0,0,0,4933,0.47,0,3446.69,1124485.61,3072.58,0,0.9553,0.8915,-143.77,13.506,6,1,1,0.002733,8.030635,1,0.11,4e-05,1,0,0,1,0
HVL-2026-000286,2254.02,8,16,1968.57,0.518,0,0,0,3302,0.227,0,2083.25,3223701.18,2245.37,0,1.145,1.082,285.44,9.04,2,0,0,0.000699,7.720913,1,8.65,0.00384,1,0,0,1,0
HVL-2026-000287,2705.67,14,5,2691.24,0.019,0,0,0,2409,0.19,0,2510.84,2576690.68,2714.84,0,1.0054,1.0776,14.43,6.595,0,0,0,0.00105,7.903473,1,9.17,0.00339,1,0,0,1,0
HVL-2026-000288,2600.01,9,9,2373.45,0.341,0,0,0,667,0.097,0,2239.33,928516.17,2597.9,0,1.0955,1.1611,226.55,1.826,4,0,0,0.0028,7.863653,1,2.11,0.00081,0,1,0,0,1
HVL-2026-000289,1558.86,12,10,1450.06,0.268,0,0,0,1826,0.313,0,1470.37,2622454.32,0.0,0,1.075,1.0602,108.8,4.999,3,0,0,0.000594,7.352352,0,0.0,0.0,0,1,0,1,0
HVL-2026-000290,16351.14,8,10,19025.37,-0.502,0,0,0,3417,0.734,0,19456.34,2657398.69,16310.91,0,0.8594,0.8404,-2674.23,9.355,1,0,0,0.006153,9.702114,1,40.23,0.00246,1,0,0,1,0
HVL-2026-000291,1354.75,14,4,1275.73,0.221,0,0,0,4539,0.681,0,1260.85,3107685.99,1352.88,0,1.0619,1.0745,79.02,12.427,4,0,0,0.000436,7.212109,1,1.86,0.00138,0,0,1,0,1
HVL-2026-000292,2468.13,9,5,2153.82,0.521,0,0,0,4230,0.107,0,2204.0,863668.96,2465.4,0,1.1459,1.1198,314.32,11.581,3,0,0,0.002858,7.811623,1,2.74,0.00111,0,1,0,0,1
HVL-2026-000293,6466.53,15,2,6916.3,-0.232,0,0,0,256,0.303,0,7067.48,1676500.82,6454.59,0,0.935,0.915,-449.77,0.701,4,0,0,0.003857,8.774549,1,11.94,0.00185,1,0,0,0,1
HVL-2026-000294,2064.17,13,12,1866.31,0.379,0,0,0,264,0.199,0,1890.24,2081992.77,2038.31,0,1.106,1.092,197.86,0.723,4,0,0,0.000991,7.632969,1,25.86,0.01253,1,0,0,1,0
HVL-2026-000295,3626.75,8,5,3542.44,0.085,0,0,0,2861,0.372,0,3321.65,2524217.92,3611.7,0,1.0238,1.0919,84.31,7.833,2,0,0,0.001437,8.196369,1,15.05,0.00415,0,0,1,1,0
HVL-2026-000296,5108.36,4,4,2193.13,4.747,1,0,1,195,0.39,0,2057.43,2592185.36,5167.11,0,2.3293,2.4829,2915.23,0.534,3,0,1,0.001971,8.538829,1,58.75,0.0115,1,0,0,0,1
HVL-2026-000297,2288.7,11,8,1782.04,1.015,0,0,0,337,0.156,0,1890.86,1530947.36,2263.69,0,1.2843,1.2104,506.67,0.923,5,1,0,0.001495,7.736178,1,25.01,0.01093,0,1,0,1,0
HVL-2026-000298,5056.7,23,5,2747.54,3.002,0,0,1,5088,0.26,0,2617.61,2915591.55,4970.89,0,1.8404,1.9318,2309.16,13.93,6,1,1,0.001734,8.528667,1,85.81,0.01697,1,0,0,0,1
HVL-2026-000299,1395.25,17,4,1275.73,0.335,0,0,0,4539,0.681,0,1217.5,2015895.73,1398.65,0,1.0937,1.146,119.53,12.427,1,0,0,0.000692,7.241547,1,3.4,0.00244,0,1,0,1,0
HVL-2026-000300,1481.85,18,8,1306.89,0.478,0,0,0,3592,0.28,0,1294.96,1170556.23,1469.94,0,1.1339,1.1443,174.96,9.834,3,0,0,0.001266,7.301722,1,11.91,0.00804,1,0,0,0,1
HVL-2026-000301,1758.45,11,10,1866.31,-0.206,0,0,0,264,0.199,0,1835.33,2670606.53,1745.71,0,0.9422,0.9581,-107.86,0.723,0,0,0,0.000658,7.472759,1,12.74,0.00725,0,0,1,1,0
HVL-2026-000302,3749.12,7,9,4716.05,-0.732,0,0,0,715,0.238,0,4641.34,1736272.13,3747.1,0,0.795,0.8078,-966.94,1.958,1,0,1,0.002159,8.229542,1,2.01,0.00054,1,0,0,1,0
HVL-2026-000303,3517.85,16,4,3858.96,-0.316,0,0,0,4092,0.443,0,3565.71,3184435.61,3511.41,0,0.9116,0.9866,-341.11,11.203,1,0,0,0.001105,8.165889,1,6.44,0.00183,0,1,0,1,0
HVL-2026-000304,8613.33,12,9,7508.21,0.526,0,0,0,956,0.266,0,7469.3,2361422.77,8638.94,0,1.1472,1.1532,1105.12,2.617,4,0,0,0.003648,9.061182,1,25.61,0.00297,0,1,0,1,0
HVL-2026-000305,5001.92,18,6,4716.05,0.216,0,0,0,715,0.238,0,4875.38,2504303.06,4993.48,0,1.0606,1.026,285.86,1.958,5,1,0,0.001997,8.517777,1,8.44,0.00169,0,1,0,1,0
HVL-2026-000306,19034.45,16,5,19025.37,0.002,0,0,0,3417,0.734,0,19147.4,2296145.32,18803.04,0,1.0005,0.9941,9.09,9.355,6,1,0,0.00829,9.854059,1,231.41,0.01216,1,0,0,1,0
HVL-2026-000307,4276.57,12,8,4878.86,-0.441,0,0,0,2772,0.199,0,5158.71,2085485.18,4311.54,0,0.8765,0.829,-602.3,7.589,0,0,0,0.002051,8.36114,1,34.98,0.00818,1,0,0,0,1
HVL-2026-000308,1871.2,7,3,1952.74,-0.149,0,0,0,3435,0.21,0,2010.37,2462277.7,1865.46,0,0.9582,0.9308,-81.54,9.405,5,1,1,0.00076,7.534868,1,5.73,0.00306,1,0,0,0,1
HVL-2026-000309,12300.2,11,6,10884.61,0.464,0,0,0,3000,0.032,0,10842.45,3089336.2,12309.89,0,1.1301,1.1344,1415.59,8.214,5,1,0,0.003982,9.417452,1,9.69,0.00079,1,0,0,1,0
HVL-2026-000310,1419.97,11,10,1153.0,0.827,0,0,0,4313,0.246,0,1063.94,898144.47,1409.01,0,1.2315,1.3346,266.97,11.808,0,0,0,0.001581,7.259096,1,10.96,0.00772,1,0,0,1,0
HVL-2026-000311,7317.11,20,10,7508.21,-0.091,0,0,0,956,0.266,0,7265.89,1981163.65,7257.69,0,0.9745,1.007,-191.1,2.617,6,1,1,0.003693,8.898107,1,59.41,0.00812,0,1,0,0,1
HVL-2026-000312,1298.73,14,5,1437.11,-0.344,0,0,0,2144,0.314,0,1404.04,993816.15,1285.23,0,0.9037,0.925,-138.38,5.87,6,1,0,0.001307,7.169912,1,13.5,0.01039,0,1,0,0,1
HVL-2026-000313,2605.82,7,11,2747.54,-0.184,0,0,0,5088,0.26,0,2529.95,1901514.91,2604.51,0,0.9484,1.03,-141.72,13.93,2,0,1,0.00137,7.865885,1,1.31,0.0005,1,0,0,1,0
HVL-2026-000314,3840.26,0,8,1448.1,5.9,1,0,1,2211,0.612,0,1427.65,2467369.2,3489.85,0,2.6519,2.6899,2392.16,6.053,6,1,1,0.001556,8.253555,1,350.4,0.09124,0,0,1,0,1
HVL-2026-000315,3193.86,18,4,3502.22,-0.314,0,0,0,2078,0.156,0,3497.95,2969226.57,3214.68,0,0.912,0.9131,-308.36,5.689,4,0,0,0.001076,8.069298,1,20.82,0.00652,0,1,0,0,1
HVL-2026-000316,978.15,7,2,410.6,4.937,0,1,0,4557,0.69,0,407.7,2660487.04,962.63,0,2.3822,2.3992,567.55,12.476,2,0,1,0.000368,6.886683,1,15.52,0.01586,1,0,0,0,1
HVL-2026-000317,5011.32,5,11,5161.64,-0.104,0,0,0,660,0.063,0,4819.32,834422.89,4943.68,0,0.9709,1.0398,-150.32,1.807,6,1,1,0.006006,8.519654,1,67.64,0.0135,0,1,0,1,0
HVL-2026-000318,443.57,11,8,418.57,0.213,0,0,0,3196,0.295,0,420.47,3066998.16,443.74,0,1.0597,1.0549,24.99,8.75,6,1,0,0.000145,6.0971,1,0.17,0.00039,0,0,1,1,0
HVL-2026-000319,4959.88,20,7,5161.64,-0.14,0,0,0,660,0.063,0,5181.2,1387860.8,4975.15,0,0.9609,0.9573,-201.75,1.807,2,0,1,0.003574,8.509339,1,15.27,0.00308,0,1,0,0,1
HVL-2026-000320,901.09,8,6,1153.0,-0.78,0,0,0,4313,0.246,0,1095.09,1923526.67,903.53,0,0.7815,0.8228,-251.92,11.808,2,0,0,0.000468,6.80471,1,2.44,0.00271,0,1,0,0,1
HVL-2026-000321,3715.69,14,12,3840.83,-0.116,0,0,0,5195,0.117,0,4125.84,1855464.63,3685.41,0,0.9674,0.9006,-125.14,14.223,2,0,0,0.002003,8.220588,1,30.28,0.00815,1,0,0,1,0
HVL-2026-000322,944.48,8,8,377.33,5.368,1,1,0,4066,0.621,0,380.91,1481761.13,945.46,0,2.503,2.4795,567.15,11.132,4,0,0,0.000637,6.851697,1,0.98,0.00104,1,0,0,1,0
HVL-2026-000323,1209.65,12,11,1603.64,-0.877,0,0,0,1766,0.055,0,1602.63,2458763.66,1216.73,0,0.7543,0.7548,-393.99,4.835,2,0,0,0.000492,7.098915,1,7.08,0.00585,1,0,0,1,0
HVL-2026-000324,1634.59,15,9,3324.92,-1.816,0,0,0,3246,0.201,0,3560.6,2888224.42,1607.54,0,0.4916,0.4591,-1690.33,8.887,3,0,0,0.000566,7.39976,1,27.05,0.01655,0,1,0,1,0
HVL-2026-000325,5656.7,8,1,3233.38,2.677,0,0,0,2253,0.308,0,3165.47,588296.5,6370.56,0,1.7495,1.787,2423.33,6.168,0,0,0,0.009615,8.640773,1,713.86,0.1262,1,0,0,1,0
HVL-2026-000326,4446.8,13,4,2166.75,3.758,1,0,0,1981,0.549,0,2016.94,1137130.53,4442.45,0,2.0523,2.2047,2280.05,5.424,6,1,0,0.003911,8.400164,1,4.34,0.00098,1,0,0,1,0
HVL-2026-000327,7750.43,13,4,7401.97,0.168,0,0,0,2420,0.108,0,6862.5,2849115.11,7723.09,0,1.0471,1.1294,348.47,6.626,1,0,0,0.00272,8.955633,1,27.34,0.00353,0,1,0,0,1
HVL-2026-000328,1698.47,16,9,1968.57,-0.49,0,0,0,3302,0.227,0,1845.08,2001184.31,1703.31,0,0.8628,0.9205,-270.1,9.04,0,0,0,0.000849,7.438074,1,4.84,0.00285,1,0,0,0,1
HVL-2026-000329,10777.19,9,8,4537.95,4.91,0,1,0,2321,0.301,0,4303.18,1508811.1,10734.67,0,2.3749,2.5045,6239.24,6.355,4,0,0,0.007143,9.28528,1,42.52,0.00395,0,1,0,1,0
HVL-2026-000330,230.35,8,8,371.49,-1.357,0,0,0,837,0.425,0,379.69,2974665.86,0.0,0,0.6201,0.6067,-141.14,2.292,1,0,0,7.7e-05,5.443915,0,0.0,0.0,0,1,0,1,0
HVL-2026-000331,3087.61,9,14,2960.97,0.153,0,0,0,4175,0.317,0,2947.18,2245719.15,3106.03,0,1.0428,1.0476,126.63,11.431,0,0,0,0.001375,8.035476,1,18.42,0.00597,1,0,0,0,1
HVL-2026-000332,7086.76,14,4,8086.32,-0.441,0,0,0,4552,0.072,0,8540.54,1578956.09,7061.41,0,0.8764,0.8298,-999.56,12.463,1,0,0,0.004488,8.866124,1,25.35,0.00358,0,1,0,1,0
HVL-2026-000333,1773.56,16,10,2026.7,-0.446,0,0,0,2641,0.218,0,1889.62,742556.66,1785.49,0,0.8751,0.9386,-253.14,7.231,6,1,0,0.002388,7.481309,1,11.93,0.00672,1,0,0,0,1
HVL-2026-000334,2539.47,8,9,2153.06,0.641,0,0,0,861,0.052,0,2222.49,1447691.56,2529.4,0,1.1795,1.1426,386.41,2.357,5,1,0,0.001754,7.840103,1,10.07,0.00396,1,0,0,0,1
HVL-2026-000335,23919.64,11,9,20263.16,0.644,0,0,0,4941,0.36,0,21125.38,1626472.76,24339.84,0,1.1804,1.1323,3656.48,13.528,4,0,0,0.014706,10.082497,1,420.2,0.01757,1,0,0,1,0
HVL-2026-000336,2387.76,16,7,2584.91,-0.272,0,0,0,1424,0.51,0,2598.39,3051564.02,2360.39,0,0.9237,0.9189,-197.15,3.899,4,0,0,0.000782,7.778531,1,27.37,0.01146,1,0,0,0,1
HVL-2026-000337,787.42,14,5,955.86,-0.629,0,0,0,3659,0.063,0,1022.17,888771.39,792.91,0,0.8238,0.7703,-168.44,10.018,1,0,0,0.000886,6.670032,1,5.49,0.00697,0,0,1,1,0
HVL-2026-000338,1010.46,17,6,928.61,0.315,0,0,0,1008,0.115,0,909.5,1300000.73,0.0,0,1.0881,1.111,81.85,2.76,1,0,0,0.000777,6.919149,0,0.0,0.0,0,1,0,1,0
HVL-2026-000339,8586.78,16,3,15229.09,-1.558,0,0,0,3484,0.59,0,14388.11,2372307.58,8774.73,0,0.5638,0.5968,-6642.32,9.539,4,0,0,0.00362,9.058095,1,187.96,0.02189,0,1,0,1,0
HVL-2026-000340,1225.52,6,12,1603.64,-0.842,0,0,0,1766,0.055,0,1526.22,2896142.08,1238.44,0,0.7642,0.803,-378.12,4.835,0,0,1,0.000423,7.111936,1,12.92,0.01054,1,0,0,1,0
HVL-2026-000341,10577.34,9,8,10884.61,-0.101,0,0,0,3000,0.032,0,11254.9,1926928.4,10511.41,0,0.9718,0.9398,-307.27,8.214,2,0,0,0.005489,9.266564,1,65.93,0.00623,1,0,0,0,1
HVL-2026-000342,7008.16,16,6,6000.82,0.6,0,0,0,4246,0.102,0,5751.06,2209172.34,6931.86,0,1.1679,1.2186,1007.35,11.625,1,0,0,0.003172,8.854974,1,76.3,0.01089,0,1,0,1,0
HVL-2026-000343,7961.48,17,9,6858.66,0.574,0,0,0,2571,0.063,0,6793.5,2513023.07,7885.49,0,1.1608,1.1719,1102.82,7.039,2,0,0,0.003168,8.982496,1,75.99,0.00954,1,0,0,1,0
HVL-2026-000344,2253.03,10,5,2452.55,-0.291,0,0,0,3935,0.283,0,2640.01,2733507.43,2258.49,0,0.9186,0.8534,-199.52,10.773,0,0,0,0.000824,7.720477,1,5.45,0.00242,1,0,0,0,1
HVL-2026-000345,403.6,14,6,371.49,0.309,0,0,0,837,0.425,0,353.1,1709827.78,403.76,0,1.0864,1.143,32.11,2.292,2,0,0,0.000236,6.002892,1,0.16,0.0004,1,0,0,1,0
HVL-2026-000346,2036.6,3,4,973.94,3.897,0,1,1,3424,0.261,0,1004.25,1172454.83,2045.09,0,2.0911,2.028,1062.66,9.374,0,0,1,0.001737,7.619528,1,8.49,0.00417,1,0,0,1,0
HVL-2026-000347,2054.02,18,6,2012.87,0.073,0,0,0,4057,0.148,0,1971.01,1327364.38,2035.49,0,1.0204,1.0421,41.15,11.107,1,0,0,0.001547,7.628039,1,18.52,0.00902,0,1,0,0,1
HVL-2026-000348,2039.37,10,7,2452.54,-0.602,0,0,0,80,0.058,0,2414.4,1812654.38,2065.4,0,0.8315,0.8447,-413.18,0.219,0,0,0,0.001125,7.620884,1,26.04,0.01277,0,1,0,1,0
HVL-2026-000349,4304.41,23,4,1677.08,5.595,0,0,1,381,0.421,0,1597.34,2139619.77,4310.62,0,2.5666,2.6947,2627.32,1.043,6,1,1,0.002012,8.367627,1,6.21,0.00144,1,0,0,0,1
HVL-2026-000350,1934.54,15,8,2193.13,-0.421,0,0,0,195,0.27,0,2057.48,2253849.07,1928.06,0,0.8821,0.9402,-258.59,0.534,6,1,0,0.000858,7.568139,1,6.48,0.00335,1,0,0,1,0
HVL-2026-000351,995.68,6,6,1016.33,-0.073,0,0,0,388,0.045,0,977.88,1851555.34,991.51,0,0.9797,1.0182,-20.65,1.062,5,1,1,0.000538,6.90443,1,4.17,0.00419,1,0,0,0,1
HVL-2026-000352,4588.59,18,11,4315.98,0.226,0,0,0,4029,0.249,0,4372.96,2102100.34,4576.38,0,1.0632,1.0493,272.61,11.031,1,0,0,0.002183,8.431547,1,12.21,0.00266,0,1,0,1,0
HVL-2026-000353,1510.39,18,8,1560.89,-0.116,0,0,0,1483,0.161,0,1624.57,1072096.1,1508.85,0,0.9676,0.9297,-50.5,4.06,1,0,0,0.001409,7.320787,1,1.54,0.00102,0,1,0,0,1
HVL-2026-000354,1293.03,8,7,1450.06,-0.387,0,0,0,1826,0.313,0,1354.51,1297829.68,1288.88,0,0.8917,0.9546,-157.03,4.999,2,0,0,0.000996,7.165516,1,4.15,0.00321,1,0,0,0,1
HVL-2026-000355,368.36,15,3,414.6,-0.398,0,0,0,4130,0.302,0,418.01,2490671.25,366.09,0,0.8885,0.8812,-46.23,11.307,5,1,0,0.000148,5.911777,1,2.28,0.00618,0,0,1,0,1
HVL-2026-000356,1845.73,9,9,2130.45,-0.477,0,0,0,3136,0.346,0,2296.28,1005072.68,1853.71,0,0.8664,0.8038,-284.72,8.586,4,0,0,0.001836,7.521171,1,7.98,0.00433,1,0,0,1,0
HVL-2026-000357,4181.48,13,4,3525.31,0.665,0,0,0,924,0.169,0,3316.87,1424826.97,4237.66,0,1.1861,1.2607,656.17,2.53,5,1,0,0.002935,8.338661,1,56.18,0.01343,1,0,0,1,0
HVL-2026-000358,1844.12,13,9,1814.36,0.059,0,0,0,3869,0.073,0,1950.33,2810072.93,1842.55,0,1.0164,0.9455,29.76,10.593,5,1,0,0.000656,7.520301,1,1.58,0.00085,0,0,1,0,1
HVL-2026-000359,7845.71,17,5,8086.32,-0.106,0,0,0,4552,0.072,0,7618.97,1194475.8,7827.53,0,0.9702,1.0298,-240.61,12.463,6,1,0,0.006568,8.96785,1,18.19,0.00232,1,0,0,0,1
HVL-2026-000360,821.95,17,6,860.0,-0.158,0,0,0,596,0.975,0,898.27,3046977.33,825.48,0,0.9558,0.915,-38.05,1.632,4,0,0,0.00027,6.712895,1,3.53,0.00429,0,1,0,1,0
HVL-2026-000361,1016.42,23,1,410.6,5.269,0,0,1,4557,0.59,0,422.03,1857227.89,1138.33,0,2.4754,2.4084,605.82,12.476,1,0,1,0.000547,6.925027,1,121.91,0.11994,0,1,0,0,1
HVL-2026-000362,317.55,21,3,371.49,-0.519,0,0,0,837,0.425,0,385.14,2034908.0,315.92,0,0.8548,0.8245,-53.94,2.292,3,0,1,0.000156,5.763774,1,1.63,0.00512,1,0,0,1,0
HVL-2026-000363,3648.66,9,5,4003.32,-0.316,0,0,0,2551,0.416,0,4050.63,1355396.91,3679.55,0,0.9114,0.9008,-354.66,6.984,3,0,0,0.002692,8.20239,1,30.89,0.00847,1,0,0,0,1
HVL-2026-000364,1978.78,14,9,2153.06,-0.289,0,0,0,861,0.052,0,2036.06,586174.73,1978.82,0,0.9191,0.9719,-174.28,2.357,6,1,0,0.003376,7.590741,1,0.04,2e-05,1,0,0,1,0
HVL-2026-000365,1863.37,12,5,1898.39,-0.066,0,0,0,3011,0.121,0,1778.83,1293844.63,1871.18,0,0.9816,1.0475,-35.02,8.244,6,1,0,0.00144,7.530679,1,7.8,0.00419,0,0,1,0,1
HVL-2026-000366,21791.28,21,6,20263.16,0.269,0,0,0,4941,0.36,0,19366.55,789147.15,21770.8,0,1.0754,1.1252,1528.11,13.528,1,0,1,0.027614,9.989311,1,20.48,0.00094,0,1,0,1,0
HVL-2026-000367,1186.71,11,6,1237.85,-0.148,0,0,0,4725,0.169,0,1190.24,1011148.06,1197.61,0,0.9587,0.997,-51.14,12.936,2,0,0,0.001174,7.07978,1,10.9,0.00919,1,0,0,1,0
HVL-2026-000368,3074.45,13,9,2584.91,0.676,0,0,0,1424,0.51,0,2522.87,1278441.43,3115.8,0,1.1894,1.2186,489.54,3.899,4,0,0,0.002405,8.031206,1,41.35,0.01345,0,1,0,1,0
HVL-2026-000369,1205.62,15,5,973.94,0.85,0,0,0,3424,0.161,0,926.46,2954386.88,1214.48,0,1.2379,1.3013,231.68,9.374,3,0,0,0.000408,7.095576,1,8.86,0.00735,1,0,0,1,0
HVL-2026-000370,2422.64,8,8,2747.54,-0.422,0,0,0,5088,0.26,0,2643.55,3098398.6,2458.13,0,0.8818,0.9164,-324.9,13.93,6,1,0,0.000782,7.793026,1,35.49,0.01465,1,0,0,1,0
HVL-2026-000371,651.59,7,9,875.07,-0.912,0,0,0,3426,0.394,0,886.78,2794269.66,660.22,0,0.7446,0.7348,-223.48,9.38,6,1,1,0.000233,6.480941,1,8.63,0.01325,1,0,0,0,1
HVL-2026-000372,16825.5,5,12,15790.13,0.234,0,0,0,5072,0.169,0,15657.61,596825.62,16808.67,0,1.0656,1.0746,1035.37,13.886,3,0,1,0.028192,9.73071,1,16.83,0.001,1,0,0,1,0
HVL-2026-000373,10145.19,15,2,5022.04,3.643,0,1,0,3392,0.329,0,5277.0,2255204.03,10041.51,0,2.0201,1.9225,5123.15,9.287,2,0,0,0.004499,9.224853,1,103.68,0.01022,0,1,0,1,0
HVL-2026-000374,6744.14,12,5,7323.41,-0.282,0,0,0,514,0.344,0,7181.78,3044441.74,6784.81,0,0.9209,0.9391,-579.27,1.407,5,1,0,0.002215,8.816578,1,40.67,0.00603,1,0,0,1,0
HVL-2026-000375,4174.22,15,2,3542.44,0.637,0,0,0,2861,0.372,0,3285.94,1248222.95,4189.11,0,1.1783,1.2703,631.78,7.833,0,0,0,0.003344,8.336923,1,14.89,0.00357,0,0,1,0,1
HVL-2026-000376,4678.45,10,6,4253.71,0.357,0,0,0,1424,0.223,0,4445.38,2531560.52,4743.34,0,1.0999,1.0524,424.74,3.899,0,0,0,0.001848,8.450937,1,64.88,0.01387,0,1,0,1,0
HVL-2026-000377,376.59,7,8,376.6,-0.0,0,0,0,1341,0.139,0,362.06,1843401.98,375.93,0,1.0,1.0401,-0.01,3.671,2,0,1,0.000204,5.933803,1,0.66,0.00175,1,0,0,1,0
HVL-2026-000378,3084.93,14,6,1897.87,2.234,0,0,0,205,0.125,0,1870.05,2709673.78,3075.81,0,1.6255,1.6496,1187.05,0.561,6,1,0,0.001138,8.034607,1,9.12,0.00296,0,0,1,1,0
HVL-2026-000379,2317.49,13,6,2193.13,0.203,0,0,0,195,0.27,0,2316.85,1465710.1,2288.8,0,1.0567,1.0003,124.37,0.534,0,0,0,0.001581,7.748673,1,28.7,0.01238,0,1,0,1,0
HVL-2026-000380,2209.32,11,6,2325.13,-0.178,0,0,0,2263,0.071,0,2189.42,1276036.73,2195.81,0,0.9502,1.0091,-115.8,6.196,4,0,0,0.001731,7.700894,1,13.51,0.00612,1,0,0,1,0
HVL-2026-000381,500.96,15,3,414.6,0.744,0,0,0,4130,0.302,0,391.95,2441068.83,498.26,0,1.2083,1.2781,86.37,11.307,4,0,0,0.000205,6.218526,1,2.7,0.00539,0,0,1,0,1
HVL-2026-000382,2010.91,13,6,2153.82,-0.237,0,0,0,4230,0.107,0,2143.33,1278256.09,2005.54,0,0.9337,0.9382,-142.9,11.581,5,1,0,0.001573,7.606841,1,5.38,0.00267,1,0,0,0,1
HVL-2026-000383,2111.49,11,12,2029.54,0.144,0,0,0,210,0.147,0,2155.04,2325281.92,2119.36,0,1.0404,0.9798,81.95,0.575,0,0,0,0.000908,7.655624,1,7.87,0.00373,0,0,1,0,1
HVL-2026-000384,4031.48,9,6,3763.06,0.255,0,0,0,2804,0.143,0,3715.47,1619014.32,4055.42,0,1.0713,1.0851,268.42,7.677,3,0,0,0.00249,8.302137,1,23.94,0.00594,0,1,0,0,1
HVL-2026-000385,6905.45,16,5,5851.09,0.644,0,0,0,1110,0.422,0,5727.99,1311266.61,6839.67,0,1.1802,1.2056,1054.36,3.039,1,0,0,0.005266,8.840211,1,65.78,0.00953,0,1,0,0,1
HVL-2026-000386,5604.29,12,5,4537.95,0.839,0,0,0,2321,0.201,0,4754.28,2311170.89,0.0,0,1.235,1.1788,1066.34,6.355,3,0,0,0.002425,8.631466,0,0.0,0.0,0,0,1,0,1
HVL-2026-000387,2546.84,13,4,2776.14,-0.295,0,0,0,1079,0.195,0,2676.31,2244877.16,2555.55,0,0.9174,0.9516,-229.31,2.954,2,0,0,0.001135,7.843,1,8.71,0.00342,1,0,0,0,1
HVL-2026-000388,9859.18,16,4,7921.58,0.874,0,0,0,2692,0.307,0,7873.16,2975183.74,9714.45,0,1.2446,1.2523,1937.59,7.37,5,1,0,0.003314,9.196259,1,144.73,0.01468,0,1,0,1,0
HVL-2026-000389,1644.84,8,6,1690.58,-0.097,0,0,0,914,0.187,0,1773.88,2293411.42,1639.44,0,0.9729,0.9273,-45.74,2.502,0,0,0,0.000717,7.406005,1,5.4,0.00328,1,0,0,1,0
HVL-2026-000390,2387.96,17,5,2691.24,-0.402,0,0,0,2409,0.19,0,2861.32,2961044.38,2375.67,0,0.8873,0.8346,-303.28,6.595,3,0,0,0.000806,7.778614,1,12.29,0.00515,0,0,1,1,0
HVL-2026-000391,11254.53,11,6,10087.39,0.413,0,0,0,1318,0.465,0,10404.63,560759.79,11391.84,0,1.1157,1.0817,1167.14,3.608,3,0,0,0.02007,9.328615,1,137.31,0.0122,0,1,0,1,0
HVL-2026-000392,5251.82,21,5,5022.04,0.163,0,0,0,3392,0.229,0,4998.53,2568994.09,5252.87,0,1.0458,1.0507,229.78,9.287,1,0,1,0.002044,8.56652,1,1.05,0.0002,1,0,0,1,0
HVL-2026-000393,1122.76,16,5,1128.38,-0.018,0,0,0,4047,0.22,0,1200.55,1947535.88,1130.11,0,0.995,0.9352,-5.63,11.08,2,0,0,0.000577,7.024433,1,7.35,0.00655,0,1,0,1,0
HVL-2026-000394,8037.42,11,9,7707.61,0.153,0,0,0,3928,0.28,0,8212.7,1470959.52,8069.75,0,1.0428,0.9787,329.81,10.754,0,0,0,0.005464,8.991987,1,32.34,0.00402,1,0,0,0,1
HVL-2026-000395,1595.74,11,6,1364.19,0.606,0,0,0,2051,0.098,0,1284.91,2328194.04,1581.45,0,1.1697,1.2419,231.56,5.615,0,0,0,0.000685,7.375722,1,14.3,0.00896,1,0,0,1,0
HVL-2026-000396,834.51,1,4,410.6,3.687,0,0,1,4557,0.59,0,442.87,2883449.3,843.38,0,2.0324,1.8843,423.91,12.476,4,0,1,0.000289,6.728044,1,8.87,0.01063,1,0,0,1,0
HVL-2026-000397,1604.5,15,6,1364.19,0.629,0,0,0,2051,0.098,0,1419.77,1209148.02,0.0,0,1.1762,1.1301,240.31,5.615,3,0,0,0.001327,7.381191,0,0.0,0.0,1,0,0,1,0
HVL-2026-000398,1806.69,11,13,1677.08,0.276,0,0,0,381,0.421,0,1725.29,2778540.6,1819.75,0,1.0773,1.0472,129.6,1.043,5,1,0,0.00065,7.499802,1,13.06,0.00723,0,1,0,0,1
HVL-2026-000399,2876.84,14,11,3199.53,-0.36,0,0,0,3899,0.359,0,3203.14,2425779.92,2887.19,0,0.8991,0.8981,-322.69,10.675,6,1,0,0.001186,7.964796,1,10.35,0.0036,0,1,0,0,1
HVL-2026-000400,3856.04,9,6,4003.32,-0.131,0,0,0,2551,0.416,0,4179.45,757810.01,0.0,0,0.9632,0.9226,-147.28,6.984,4,0,0,0.005088,8.257656,0,0.0,0.0,0,1,0,1,0
HVL-2026-000401,724.74,18,11,846.86,-0.515,0,0,0,3328,0.225,0,834.42,1982138.87,727.89,0,0.8558,0.8686,-122.12,9.112,5,1,0,0.000366,6.587186,1,3.15,0.00435,1,0,0,1,0
HVL-2026-000402,2264.3,17,7,2821.97,-0.706,0,0,0,3722,0.892,0,2856.45,1683509.5,2275.61,0,0.8024,0.7927,-557.67,10.19,5,1,0,0.001345,7.725462,1,11.31,0.00499,1,0,0,0,1
HVL-2026-000403,2049.6,21,12,2153.82,-0.173,0,0,0,4230,0.107,0,2267.84,1739916.87,2024.72,0,0.9516,0.9038,-104.21,11.581,3,0,1,0.001178,7.625889,1,24.88,0.01214,1,0,0,0,1
HVL-2026-000404,4001.59,11,5,4482.4,-0.383,0,0,0,3341,0.37,0,4231.79,1347287.98,0.0,0,0.8927,0.9456,-480.81,9.147,1,0,0,0.00297,8.294696,0,0.0,0.0,1,0,0,1,0
HVL-2026-000405,4681.57,16,8,4996.01,-0.225,0,0,0,4936,0.215,0,5323.09,771740.84,4671.36,0,0.9371,0.8795,-314.44,13.514,2,0,0,0.006066,8.451603,1,10.22,0.00218,1,0,0,0,1
HVL-2026-000406,1356.66,12,3,1764.27,-0.825,0,0,0,788,0.4,0,1753.05,2713338.92,1360.46,0,0.769,0.7739,-407.61,2.157,5,1,0,0.0005,7.213518,1,3.8,0.0028,0,1,0,1,0
HVL-2026-000407,1298.07,17,7,1409.4,-0.282,0,0,0,2097,0.119,0,1411.22,1863160.24,1294.88,0,0.921,0.9198,-111.34,5.741,6,1,0,0.000697,7.169401,1,3.19,0.00246,0,1,0,1,0
HVL-2026-000408,1325.69,12,7,1450.06,-0.306,0,0,0,1826,0.313,0,1422.78,2464878.89,1321.17,0,0.9142,0.9318,-124.37,4.999,1,0,0,0.000538,7.19044,1,4.52,0.00341,0,1,0,0,1
HVL-2026-000409,3488.56,17,4,3233.38,0.282,0,0,0,2253,0.308,0,3210.43,3168175.68,3516.91,0,1.0789,1.0866,255.18,6.168,6,1,0,0.001101,8.157531,1,28.35,0.00813,1,0,0,1,0
HVL-2026-000410,6535.44,17,8,6231.6,0.174,0,0,0,266,0.127,0,6236.61,2878608.43,6535.3,0,1.0488,1.0479,303.85,0.728,6,1,0,0.00227,8.785149,1,0.15,2e-05,1,0,0,0,1
HVL-2026-000411,1868.07,10,12,2215.31,-0.56,0,0,0,4846,0.202,0,2353.3,1202952.99,1889.58,0,0.8433,0.7938,-347.24,13.268,4,0,0,0.001553,7.533197,1,21.51,0.01152,1,0,0,0,1
HVL-2026-000412,19328.62,15,4,6781.01,6.609,0,0,0,3693,0.734,0,6738.59,554630.63,19423.07,0,2.8504,2.8683,12547.61,10.111,0,0,0,0.03485,9.869394,1,94.45,0.00489,1,0,0,1,0
HVL-2026-000413,1069.3,14,3,949.23,0.452,0,0,0,4586,0.269,0,922.65,2145557.78,1074.37,0,1.1265,1.1589,120.08,12.556,6,1,0,0.000498,6.975695,1,5.07,0.00474,0,1,0,0,1
HVL-2026-000414,3675.78,12,9,4537.95,-0.679,0,0,0,2321,0.201,0,4565.63,2159746.53,3700.08,0,0.81,0.8051,-862.17,6.355,0,0,0,0.001702,8.209793,1,24.3,0.00661,1,0,0,1,0
HVL-2026-000415,9487.29,22,5,4878.86,3.373,1,0,1,2772,0.319,0,5005.0,980304.6,9437.77,0,1.9446,1.8956,4608.43,7.589,0,0,1,0.009678,9.157814,1,49.53,0.00522,1,0,0,1,0
HVL-2026-000416,2216.15,7,3,2166.75,0.081,0,0,0,1981,0.429,0,2193.5,1683513.59,2221.55,0,1.0228,1.0103,49.4,5.424,5,1,1,0.001316,7.703978,1,5.4,0.00243,0,1,0,1,0
HVL-2026-000417,4037.79,7,3,3502.22,0.546,0,0,0,2078,0.156,0,3457.09,2243376.01,4083.43,0,1.1529,1.168,535.57,5.689,6,1,1,0.0018,8.303701,1,45.64,0.0113,1,0,0,1,0
HVL-2026-000418,3676.73,15,7,3490.75,0.19,0,0,0,3323,0.22,0,3355.29,2480108.4,3728.14,0,1.0533,1.0958,185.98,9.098,3,0,0,0.001482,8.21005,1,51.42,0.01398,1,0,0,1,0
HVL-2026-000419,562.61,16,15,603.67,-0.243,0,0,0,4472,0.378,0,569.07,2629870.88,563.32,0,0.932,0.9886,-41.06,12.244,3,0,0,0.000214,6.334364,1,0.71,0.00126,1,0,0,0,1
HVL-2026-000420,6782.71,17,4,4878.86,1.394,0,0,0,2772,0.199,0,5237.27,1967056.53,6760.85,0,1.3902,1.2951,1903.84,7.589,2,0,0,0.003448,8.822279,1,21.86,0.00322,1,0,0,0,1
HVL-2026-000421,10678.61,18,5,10884.61,-0.068,0,0,0,3000,0.032,0,11691.09,3238477.92,0.0,0,0.9811,0.9134,-206.0,8.214,4,0,0,0.003297,9.276091,0,0.0,0.0,1,0,0,0,1
HVL-2026-000422,899.57,10,7,868.45,0.128,0,0,0,223,0.168,0,840.88,1085136.48,899.24,0,1.0358,1.0698,31.12,0.611,4,0,0,0.000829,6.803031,1,0.33,0.00037,0,1,0,1,0
HVL-2026-000423,1340.09,14,13,2026.7,-1.21,0,0,0,2641,0.218,0,2085.83,2663222.86,1337.31,0,0.6612,0.6425,-686.62,7.231,2,0,0,0.000503,7.201237,1,2.78,0.00208,0,1,0,0,1
HVL-2026-000424,2592.8,18,1,2029.54,0.991,0,0,0,210,0.147,0,1905.86,457488.18,2563.93,0,1.2775,1.3604,563.25,0.575,2,0,0,0.005667,7.860878,1,28.87,0.01113,1,0,0,1,0
HVL-2026-000425,1247.1,8,8,2153.06,-1.503,0,0,0,861,0.052,0,2012.86,2098036.95,1235.75,0,0.5792,0.6196,-905.96,2.357,5,1,0,0.000594,7.129379,1,11.36,0.00911,1,0,0,0,1
HVL-2026-000426,12651.62,7,6,12381.47,0.078,0,0,0,1757,0.3,0,11674.7,2228644.85,12596.82,0,1.0218,1.0837,270.16,4.81,2,0,1,0.005677,9.44562,1,54.8,0.00433,0,0,1,0,1
HVL-2026-000427,1470.99,15,8,1409.4,0.156,0,0,0,2097,0.119,0,1417.46,1774449.34,1452.81,0,1.0437,1.0378,61.59,5.741,0,0,0,0.000829,7.294369,1,18.18,0.01236,1,0,0,0,1
HVL-2026-000428,862.28,11,8,858.7,0.015,0,0,0,4441,0.265,0,886.71,2586836.13,852.12,0,1.0042,0.9724,3.59,12.159,4,0,0,0.000333,6.760745,1,10.16,0.01179,1,0,0,1,0
HVL-2026-000429,834.13,8,8,1016.33,-0.64,0,0,0,388,0.045,0,965.98,1737617.29,826.21,0,0.8207,0.8635,-182.2,1.062,0,0,0,0.00048,6.72759,1,7.93,0.0095,1,0,0,1,0
HVL-2026-000430,14785.44,12,11,15229.09,-0.104,0,0,0,3484,0.59,0,16438.1,1710127.11,14838.37,0,0.9709,0.8995,-443.65,9.539,0,0,0,0.008646,9.601466,1,52.93,0.00358,1,0,0,0,1
HVL-2026-000431,4064.86,6,16,4253.71,-0.159,0,0,0,1424,0.223,0,4331.93,2674760.88,4091.52,0,0.9556,0.9384,-188.85,3.899,2,0,1,0.00152,8.310381,1,26.66,0.00656,0,1,0,1,0
HVL-2026-000432,662.03,18,10,724.46,-0.308,0,0,0,427,0.323,0,724.22,2105263.28,659.02,0,0.9138,0.9141,-62.43,1.169,1,0,0,0.000314,6.496817,1,3.01,0.00454,0,1,0,1,0
HVL-2026-000433,2101.47,10,6,2219.28,-0.19,0,0,0,3095,0.399,0,2356.39,2205028.06,0.0,0,0.9469,0.8918,-117.81,8.474,0,0,0,0.000953,7.650867,0,0.0,0.0,1,0,0,1,0
HVL-2026-000434,19381.75,18,9,18264.33,0.219,0,0,0,5094,0.254,0,17511.65,1792950.92,19478.16,0,1.0612,1.1068,1117.43,13.947,2,0,0,0.01081,9.872139,1,96.41,0.00497,1,0,0,1,0
HVL-2026-000435,1696.03,13,9,2325.13,-0.966,0,0,0,2263,0.071,0,2381.38,3183051.95,1709.86,0,0.7294,0.7122,-629.1,6.196,4,0,0,0.000533,7.436636,1,13.83,0.00815,1,0,0,0,1
HVL-2026-000436,1747.64,14,6,2009.13,-0.465,0,0,0,1511,0.346,0,2157.57,3037335.29,1751.81,0,0.8699,0.81,-261.48,4.137,6,1,0,0.000575,7.466596,1,4.17,0.00238,1,0,0,0,1
HVL-2026-000437,8990.84,17,9,8857.75,0.054,0,0,0,4422,0.938,0,9098.36,458221.69,8772.51,0,1.015,0.9882,133.08,12.107,3,0,0,0.019621,9.104072,1,218.33,0.02428,1,0,0,1,0
HVL-2026-000438,7428.55,23,1,3216.47,4.677,0,0,1,4933,0.47,0,3298.01,631435.14,6330.19,1,2.3095,2.2524,4212.08,13.506,5,1,1,0.011765,8.913221,1,1098.36,0.14786,1,0,0,1,0
HVL-2026-000439,786.65,12,5,949.23,-0.612,0,0,0,4586,0.269,0,1016.77,1000758.89,785.02,0,0.8287,0.7737,-162.58,12.556,6,1,0,0.000786,6.669051,1,1.63,0.00207,1,0,0,1,0
HVL-2026-000440,6495.81,7,10,6231.6,0.151,0,0,0,266,0.127,0,6220.85,2046105.49,6545.16,0,1.0424,1.0442,264.22,0.728,3,0,1,0.003175,8.779067,1,49.35,0.0076,1,0,0,0,1
HVL-2026-000441,3928.81,9,9,5098.62,-0.819,0,0,0,2238,0.645,0,5346.95,1983873.09,3872.43,0,0.7706,0.7348,-1169.81,6.127,2,0,0,0.00198,8.276347,1,56.38,0.01435,0,1,0,1,0
HVL-2026-000442,2191.83,13,5,2215.31,-0.038,0,0,0,4846,0.202,0,2118.85,1367414.1,2188.55,0,0.9894,1.0344,-23.48,13.268,2,0,0,0.001603,7.692946,1,3.28,0.0015,0,1,0,1,0
HVL-2026-000443,7674.76,5,4,7401.97,0.132,0,0,0,2420,0.108,0,6811.85,2478807.26,7524.74,0,1.0369,1.1267,272.8,6.626,2,0,1,0.003096,8.945823,1,150.03,0.01955,1,0,0,0,1
HVL-2026-000444,2948.35,18,8,3199.53,-0.28,0,0,0,3899,0.359,0,3097.28,1887212.55,2945.42,0,0.9215,0.9519,-251.18,10.675,2,0,0,0.001562,7.989341,1,2.93,0.00099,1,0,0,1,0
HVL-2026-000445,1022.75,13,9,1072.31,-0.165,0,0,0,2443,0.238,0,1047.09,1594811.52,1025.55,0,0.9538,0.9768,-49.56,6.689,2,0,0,0.000641,6.931231,1,2.8,0.00274,1,0,0,1,0
HVL-2026-000446,781.01,11,4,858.7,-0.323,0,0,0,4441,0.265,0,915.52,616237.55,783.31,0,0.9095,0.8531,-77.69,12.159,6,1,0,0.001267,6.661868,1,2.3,0.00294,1,0,0,1,0
HVL-2026-000447,1517.43,14,4,1459.03,0.143,0,0,0,4146,0.026,0,1425.51,833793.68,1513.54,0,1.04,1.0645,58.4,11.351,3,0,0,0.00182,7.325433,1,3.89,0.00257,1,0,0,0,1
HVL-2026-000448,7090.06,10,9,6486.89,0.332,0,0,0,957,0.99,1,6694.75,2923747.56,7099.61,0,1.093,1.059,603.17,2.62,3,0,0,0.002425,8.86659,1,9.56,0.00135,1,0,0,1,0
HVL-2026-000449,391.63,10,8,376.6,0.143,0,0,0,1341,0.139,0,351.63,2389069.36,392.86,0,1.0399,1.1137,15.03,3.671,0,0,0,0.000164,5.97286,1,1.23,0.00315,1,0,0,1,0
HVL-2026-000450,4019.16,7,2,2245.57,2.821,1,0,0,4781,0.512,0,2178.99,2534697.24,3986.12,0,1.7898,1.8445,1773.59,13.09,6,1,1,0.001586,8.299078,1,33.04,0.00822,1,0,0,1,0
HVL-2026-000451,2225.2,18,7,1952.74,0.498,0,0,0,3435,0.21,0,2069.52,2328380.49,2220.57,0,1.1395,1.0752,272.45,9.405,6,1,0,0.000956,7.708049,1,4.63,0.00208,1,0,0,1,0
HVL-2026-000452,2064.03,11,13,2029.54,0.061,0,0,0,210,0.147,0,1893.72,482406.72,2089.02,0,1.017,1.0899,34.48,0.575,2,0,0,0.004279,7.632898,1,24.99,0.01211,1,0,0,0,1
HVL-2026-000453,10815.78,15,4,10772.71,0.014,0,0,0,570,0.903,0,11036.03,2757173.77,10784.76,0,1.004,0.98,43.07,1.561,1,0,0,0.003923,9.288854,1,31.02,0.00287,1,0,0,1,0
HVL-2026-000454,2013.54,14,9,1897.87,0.218,0,0,0,205,0.125,0,1964.43,704190.8,0.0,0,1.0609,1.025,115.66,0.561,4,0,0,0.002859,7.608144,0,0.0,0.0,0,1,0,1,0
HVL-2026-000455,1730.18,14,9,1437.11,0.728,0,0,0,2144,0.314,0,1543.04,1541045.38,1718.35,0,1.2039,1.1213,293.07,5.87,5,1,0,0.001123,7.456559,1,11.83,0.00684,1,0,0,1,0
HVL-2026-000456,4816.85,10,6,4996.01,-0.128,0,0,0,4936,0.215,0,4851.25,2555222.94,4818.73,0,0.9641,0.9929,-179.16,13.514,5,1,0,0.001885,8.480084,1,1.88,0.00039,1,0,0,0,1
HVL-2026-000457,1868.82,7,7,2490.88,-0.892,0,0,0,3235,0.278,0,2656.98,1826653.16,1876.9,0,0.7503,0.7034,-622.06,8.857,3,0,1,0.001023,7.533596,1,8.08,0.00432,1,0,0,1,0
HVL-2026-000458,1041.07,12,9,860.0,0.752,0,0,0,596,0.975,0,841.01,494428.53,1045.22,0,1.2106,1.2379,181.07,1.632,1,0,0,0.002106,6.948967,1,4.15,0.00399,0,1,0,1,0
HVL-2026-000459,2466.69,11,13,2166.75,0.494,0,0,0,1981,0.429,0,2001.42,1914793.81,2472.0,0,1.1384,1.2325,299.94,5.424,0,0,0,0.001288,7.811039,1,5.31,0.00215,0,1,0,1,0
HVL-2026-000460,5020.5,9,6,4878.86,0.104,0,0,0,2772,0.199,0,4692.22,2182551.8,0.0,0,1.029,1.07,141.64,7.589,2,0,0,0.0023,8.521485,0,0.0,0.0,0,0,1,1,0
HVL-2026-000461,774.65,16,5,875.07,-0.41,0,0,0,3426,0.394,0,849.5,1596386.94,779.61,0,0.8852,0.9119,-100.42,9.38,6,1,0,0.000485,6.653699,1,4.96,0.0064,0,1,0,0,1
HVL-2026-000462,11328.64,20,3,10772.71,0.184,0,0,0,570,0.903,0,10753.26,1053256.09,11461.97,0,1.0516,1.0535,555.93,1.561,1,0,1,0.010756,9.335177,1,133.33,0.01177,1,0,0,1,0
HVL-2026-000463,2328.43,16,12,2325.13,0.005,0,0,0,2263,0.071,0,2276.05,1476137.47,2319.18,0,1.0014,1.023,3.3,6.196,2,0,0,0.001577,7.753379,1,9.25,0.00397,1,0,0,0,1
HVL-2026-000464,6269.32,15,9,5830.54,0.269,0,0,0,2143,0.405,0,5776.56,886513.65,6340.55,0,1.0753,1.0853,438.78,5.867,5,1,0,0.007072,8.743583,1,71.23,0.01136,1,0,0,1,0
HVL-2026-000465,6281.06,18,10,5161.64,0.775,0,0,0,660,0.063,0,5305.83,998931.55,0.0,0,1.2169,1.1838,1119.42,1.807,1,0,0,0.006288,8.745453,0,0.0,0.0,0,1,0,0,1
HVL-2026-000466,889.71,5,7,973.94,-0.309,0,0,0,3424,0.161,0,1003.16,2343277.37,889.04,0,0.9135,0.8869,-84.23,9.374,4,0,1,0.00038,6.792017,1,0.66,0.00075,0,1,0,0,1
HVL-2026-000467,1722.08,18,5,1364.19,0.937,0,0,0,2051,0.098,0,1451.68,2007481.38,1725.04,0,1.2623,1.1863,357.89,5.615,4,0,0,0.000858,7.451867,1,2.96,0.00172,0,0,1,0,1
HVL-2026-000468,361.23,11,8,377.33,-0.152,0,0,0,4066,0.401,0,394.88,2756419.05,368.13,0,0.9573,0.9148,-16.1,11.132,3,0,0,0.000131,5.892286,1,6.9,0.01909,0,1,0,1,0
HVL-2026-000469,1373.53,9,12,1968.57,-1.08,0,0,0,3302,0.227,0,1923.94,1054645.89,1369.64,0,0.6977,0.7139,-595.04,9.04,2,0,0,0.001302,7.225867,1,3.89,0.00283,1,0,0,1,0
HVL-2026-000470,3888.51,9,7,3736.87,0.145,0,0,0,1518,0.35,0,3542.36,1715046.69,3856.18,0,1.0406,1.0977,151.64,4.156,2,0,0,0.002267,8.266039,1,32.33,0.00831,1,0,0,1,0
HVL-2026-000471,945.09,16,9,1237.85,-0.845,0,0,0,4725,0.169,0,1285.48,817585.84,938.77,0,0.7635,0.7352,-292.76,12.936,5,1,0,0.001156,6.852339,1,6.33,0.00669,1,0,0,0,1
HVL-2026-000472,3590.08,9,11,3736.87,-0.14,0,0,0,1518,0.35,0,3802.47,1399080.88,3639.86,0,0.9607,0.9441,-146.79,4.156,6,1,0,0.002566,8.186209,1,49.77,0.01386,1,0,0,0,1
HVL-2026-000473,6729.38,16,7,6916.3,-0.097,0,0,0,256,0.303,0,7352.17,1511244.81,6758.06,0,0.973,0.9153,-186.93,0.701,0,0,0,0.004453,8.814386,1,28.69,0.00426,1,0,0,0,1
HVL-2026-000474,4080.78,11,8,5664.74,-0.999,0,0,0,1382,0.168,0,5743.32,2255428.82,4102.34,0,0.7204,0.7105,-1583.97,3.784,5,1,0,0.001809,8.314288,1,21.56,0.00528,1,0,0,1,0
HVL-2026-000475,1037.34,8,8,1128.38,-0.288,0,0,0,4047,0.22,0,1206.48,1491045.72,1047.14,0,0.9193,0.8598,-91.04,11.08,4,0,0,0.000696,6.945378,1,9.8,0.00945,0,1,0,1,0
HVL-2026-000476,2897.62,8,4,5098.62,-1.542,0,0,0,2238,0.645,0,5359.71,2553124.31,0.0,0,0.5683,0.5406,-2201.0,6.127,0,0,0,0.001135,7.97199,0,0.0,0.0,1,0,0,0,1
HVL-2026-000477,3726.84,13,8,3736.87,-0.01,0,0,0,1518,0.35,0,3703.84,2164268.86,3716.97,0,0.9973,1.0062,-10.03,4.156,4,0,0,0.001722,8.223585,1,9.87,0.00265,1,0,0,0,1
HVL-2026-000478,7213.63,23,4,3858.96,3.105,0,0,1,4092,0.443,0,4163.4,1777765.51,7300.96,0,1.8693,1.7326,3354.67,11.203,4,0,1,0.004058,8.883867,1,87.33,0.01211,0,0,1,1,0
HVL-2026-000479,1417.86,17,5,1448.1,-0.075,0,0,0,2211,0.492,0,1429.64,1170557.55,0.0,0,0.9791,0.9918,-30.24,6.053,6,1,0,0.001211,7.257609,0,0.0,0.0,1,0,0,1,0
HVL-2026-000480,1338.1,7,3,1237.16,0.291,0,0,0,2581,0.185,0,1289.77,2693766.39,1338.28,0,1.0816,1.0375,100.94,7.066,5,1,1,0.000497,7.199755,1,0.18,0.00013,1,0,0,1,0
HVL-2026-000481,5658.34,8,11,8857.75,-1.29,0,0,0,4422,0.938,0,8673.79,1720332.98,5660.74,0,0.6388,0.6523,-3199.42,12.107,2,0,0,0.003289,8.641062,1,2.41,0.00043,1,0,0,0,1
HVL-2026-000482,1725.03,16,12,1677.08,0.102,0,0,0,381,0.421,0,1802.12,2374314.33,1704.28,0,1.0286,0.9572,47.95,1.043,1,0,0,0.000727,7.453582,1,20.76,0.01203,1,0,0,0,1
HVL-2026-000483,1099.44,18,4,928.61,0.657,0,0,0,1008,0.115,0,927.37,2245619.4,1097.9,0,1.184,1.1855,170.82,2.76,2,0,0,0.00049,7.003462,1,1.54,0.0014,0,1,0,0,1
HVL-2026-000484,381.49,16,4,371.49,0.096,0,0,0,837,0.425,0,380.89,3195178.78,0.0,0,1.0269,1.0016,10.01,2.292,1,0,0,0.000119,5.946715,0,0.0,0.0,1,0,0,1,0
HVL-2026-000485,1047.27,15,11,1436.87,-0.968,0,0,0,4411,0.467,0,1532.68,3144760.03,1055.71,0,0.7289,0.6833,-389.6,12.077,4,0,0,0.000333,6.954899,1,8.44,0.00806,0,1,0,1,0
HVL-2026-000486,2346.18,14,3,3216.47,-0.966,0,0,0,4933,0.47,0,3017.76,1951730.21,2367.13,0,0.7294,0.7775,-870.28,13.506,2,0,0,0.001202,7.760971,1,20.94,0.00893,1,0,0,1,0
HVL-2026-000487,7803.62,16,10,7352.07,0.219,0,0,0,3853,0.109,0,6857.31,2087482.97,7765.26,0,1.0614,1.138,451.55,10.549,3,0,0,0.003738,8.962471,1,38.36,0.00492,1,0,0,0,1
HVL-2026-000488,930.07,6,4,1652.58,-1.561,0,0,0,2447,0.4,0,1661.17,2218991.16,923.63,0,0.5628,0.5599,-722.5,6.7,1,0,1,0.000419,6.836339,1,6.44,0.00693,0,1,0,1,0
HVL-2026-000489,538.36,15,13,410.6,1.111,0,0,0,4557,0.59,0,436.74,1885606.68,0.0,0,1.3112,1.2327,127.76,12.476,1,0,0,0.000286,6.290391,0,0.0,0.0,1,0,0,1,0
HVL-2026-000490,16005.61,12,7,15778.88,0.051,0,0,0,3197,0.53,0,15290.89,1938742.2,16058.11,0,1.0144,1.0467,226.73,8.753,1,0,0,0.008256,9.680757,1,52.49,0.00328,1,0,0,1,0
HVL-2026-000491,3041.38,7,8,2635.6,0.55,0,0,0,4423,0.269,0,2826.32,2782224.82,3050.84,0,1.154,1.0761,405.78,12.11,0,0,1,0.001093,8.020396,1,9.46,0.00311,0,1,0,0,1
HVL-2026-000492,1808.48,18,8,1682.61,0.267,0,0,0,1110,0.029,0,1791.35,2523216.8,1797.04,0,1.0748,1.0096,125.88,3.039,1,0,0,0.000717,7.500798,1,11.44,0.00633,1,0,0,1,0
HVL-2026-000493,4051.28,12,1,3502.22,0.56,0,0,0,2078,0.156,0,3765.17,2954925.21,4069.0,0,1.1568,1.076,549.07,5.689,2,0,0,0.001371,8.307036,1,17.71,0.00437,1,0,0,1,0
HVL-2026-000494,1864.45,17,7,2026.7,-0.286,0,0,0,2641,0.218,0,2170.69,1824098.48,1866.0,0,0.9199,0.8589,-162.26,7.231,0,0,0,0.001022,7.531257,1,1.55,0.00083,1,0,0,1,0
HVL-2026-000495,2035.91,3,7,1022.01,3.543,0,0,1,433,0.196,0,1004.04,935764.15,1813.77,0,1.9921,2.0277,1013.89,1.185,3,0,1,0.002176,7.619187,1,222.14,0.10911,0,1,0,0,1
HVL-2026-000496,6483.82,13,2,6923.81,-0.227,0,0,0,1566,0.354,0,7263.49,1116773.36,0.0,0,0.9365,0.8927,-439.99,4.287,3,0,0,0.005806,8.777219,0,0.0,0.0,0,1,0,1,0
HVL-2026-000497,1914.04,8,3,2245.57,-0.527,0,0,0,4781,0.392,0,2121.94,1428681.44,1886.98,0,0.8524,0.902,-331.52,13.09,2,0,0,0.00134,7.557496,1,27.06,0.01414,0,1,0,0,1
HVL-2026-000498,5905.74,10,7,9151.08,-1.267,0,0,0,3124,0.287,0,9031.28,807232.42,5877.41,0,0.6454,0.6539,-3245.34,8.553,4,0,0,0.007316,8.68385,1,28.33,0.0048,0,1,0,0,1
HVL-2026-000499,17725.98,11,5,19610.46,-0.343,0,0,0,4971,0.081,0,18588.72,3126712.02,0.0,0,0.9039,0.9536,-1884.48,13.61,6,1,0,0.005669,9.782843,0,0.0,0.0,0,1,0,1,0
HVL-2026-000500,3768.55,9,4,4667.45,-0.688,0,0,0,3427,0.201,0,5004.36,3054025.91,3813.95,0,0.8074,0.7531,-898.9,9.383,3,0,0,0.001234,8.23471,1,45.4,0.01205,1,0,0,1,0
HVL-2026-000501,1822.94,12,8,1846.71,-0.046,0,0,0,3971,0.448,0,1766.11,2555595.11,1818.94,0,0.9871,1.0322,-23.77,10.872,0,0,0,0.000713,7.508754,1,4.0,0.0022,1,0,0,0,1
HVL-2026-000502,1798.62,8,4,1846.71,-0.093,0,0,0,3971,0.448,0,1769.67,1548134.82,1776.71,0,0.974,1.0164,-48.08,10.872,0,0,0,0.001162,7.495333,1,21.91,0.01218,1,0,0,1,0
HVL-2026-000503,1241.81,11,7,1237.16,0.013,0,0,0,2581,0.185,0,1229.07,3060380.89,0.0,0,1.0038,1.0104,4.64,7.066,0,0,0,0.000406,7.125128,0,0.0,0.0,0,1,0,1,0
HVL-2026-000504,2035.73,13,3,2029.54,0.011,0,0,0,210,0.147,0,2041.87,1790738.36,2046.36,0,1.003,0.997,6.19,0.575,3,0,0,0.001137,7.6191,1,10.63,0.00522,1,0,0,0,1
HVL-2026-000505,1164.05,14,8,1450.06,-0.704,0,0,0,1826,0.313,0,1504.26,2199575.38,1155.14,0,0.8028,0.7738,-286.01,4.999,2,0,0,0.000529,7.060522,1,8.91,0.00765,1,0,0,0,1
HVL-2026-000506,1902.54,16,9,2153.06,-0.416,0,0,0,861,0.052,0,1996.54,1781132.98,1909.08,0,0.8836,0.9529,-250.52,2.357,0,0,0,0.001068,7.551469,1,6.54,0.00344,1,0,0,0,1
HVL-2026-000507,17970.6,12,5,7921.58,4.531,0,0,0,2692,0.307,0,7550.38,665200.63,14900.53,0,2.2686,2.3801,10049.02,7.37,4,0,0,0.027015,9.796548,1,3070.07,0.17084,1,0,0,0,1
HVL-2026-000508,4147.44,6,3,3763.06,0.365,0,0,0,2804,0.143,0,3842.41,554499.81,4080.87,0,1.1021,1.0794,384.38,7.677,1,0,1,0.00748,8.330487,1,66.56,0.01605,1,0,0,1,0
HVL-2026-000509,22112.12,18,5,20263.16,0.326,0,0,0,4941,0.36,0,19277.91,1668308.76,22203.34,0,1.0912,1.147,1848.95,13.528,0,0,0,0.013254,10.003926,1,91.22,0.00413,1,0,0,0,1
HVL-2026-000510,1597.78,8,8,1897.87,-0.565,0,0,0,205,0.125,0,1912.92,480912.34,1614.36,0,0.8419,0.8353,-300.1,0.561,5,1,0,0.003322,7.376993,1,16.59,0.01038,1,0,0,1,0
HVL-2026-000511,4549.17,8,11,4253.71,0.248,0,0,0,1424,0.223,0,4001.16,2337533.39,0.0,0,1.0695,1.137,295.46,3.899,1,0,0,0.001946,8.42292,0,0.0,0.0,1,0,0,0,1
HVL-2026-000512,9626.12,18,10,10034.06,-0.145,0,0,0,2157,0.087,0,10497.24,1221431.29,9649.03,0,0.9593,0.917,-407.94,5.906,3,0,0,0.007881,9.17234,1,22.91,0.00238,1,0,0,1,0
HVL-2026-000513,2451.64,10,5,2166.75,0.47,0,0,0,1981,0.429,0,2194.33,1310437.58,2479.53,0,1.1315,1.1173,284.89,5.424,3,0,0,0.001871,7.804921,1,27.89,0.01137,1,0,0,0,1
HVL-2026-000514,7520.37,16,7,6744.84,0.411,0,0,0,2616,0.634,0,6613.76,3217473.37,7460.99,0,1.115,1.1371,775.54,7.162,2,0,0,0.002337,8.925504,1,59.38,0.0079,1,0,0,0,1
HVL-2026-000515,4571.18,9,5,4716.05,-0.11,0,0,0,715,0.238,0,5069.4,3207796.33,0.0,0,0.9693,0.9017,-144.88,1.958,0,0,0,0.001425,8.427745,0,0.0,0.0,1,0,0,0,1
HVL-2026-000516,1948.19,15,4,2584.91,-0.88,0,0,0,1424,0.51,0,2419.1,2293638.59,1963.96,0,0.7537,0.8053,-636.73,3.899,6,1,0,0.000849,7.575167,1,15.78,0.0081,1,0,0,1,0
HVL-2026-000517,678.16,8,5,928.61,-0.963,0,0,0,1008,0.115,0,914.7,2564293.99,683.39,0,0.7303,0.7414,-250.45,2.76,4,0,0,0.000264,6.520855,1,5.23,0.00771,0,1,0,0,1
HVL-2026-000518,6000.79,12,14,6744.84,-0.394,0,0,0,2616,0.634,0,7280.66,2020208.54,0.0,0,0.8897,0.8242,-744.05,7.162,6,1,0,0.00297,8.699813,0,0.0,0.0,0,1,0,1,0
HVL-2026-000519,13349.12,11,6,12381.47,0.279,0,0,0,1757,0.3,0,12694.28,2919720.35,13483.04,0,1.0782,1.0516,967.65,4.81,5,1,0,0.004572,9.499281,1,133.92,0.01003,1,0,0,0,1
HVL-2026-000520,3167.74,15,4,4537.95,-1.078,0,0,0,2321,0.201,0,4210.52,2235165.7,3137.66,0,0.6981,0.7523,-1370.21,6.355,0,0,0,0.001417,8.061088,1,30.07,0.00949,1,0,0,1,0
HVL-2026-000521,1075.92,12,6,1072.31,0.012,0,0,0,2443,0.238,0,1110.58,2390206.39,1068.45,0,1.0034,0.9688,3.61,6.689,1,0,0,0.00045,6.981862,1,7.47,0.00694,1,0,0,1,0
HVL-2026-000522,1271.24,12,7,1450.06,-0.44,0,0,0,1826,0.313,0,1356.33,1176020.72,1281.93,0,0.8767,0.9373,-178.82,4.999,1,0,0,0.001081,7.148536,1,10.69,0.00841,0,1,0,0,1
HVL-2026-000523,1761.08,7,1,701.46,5.395,0,0,0,5169,0.99,1,743.88,727043.09,1769.43,0,2.5106,2.3674,1059.62,14.152,2,0,1,0.002422,7.474251,1,8.35,0.00474,1,0,0,1,0
HVL-2026-000524,385.11,9,4,418.57,-0.286,0,0,0,3196,0.295,0,396.62,1562610.77,379.08,0,0.9201,0.971,-33.46,8.75,2,0,0,0.000246,5.956122,1,6.03,0.01566,1,0,0,1,0
HVL-2026-000525,1483.8,11,6,1318.05,0.449,0,0,0,684,0.17,0,1382.95,1534739.62,1468.35,0,1.1258,1.0729,165.75,1.873,1,0,0,0.000967,7.303034,1,15.45,0.01041,1,0,0,1,0
HVL-2026-000526,992.11,9,3,1072.31,-0.267,0,0,0,2443,0.238,0,1078.34,1431491.86,996.25,0,0.9252,0.92,-80.2,6.689,5,1,0,0.000693,6.900844,1,4.14,0.00417,1,0,0,1,0
HVL-2026-000527,1273.58,12,8,1237.85,0.103,0,0,0,4725,0.169,0,1212.6,3056033.99,1280.76,0,1.0289,1.0503,35.73,12.936,1,0,0,0.000417,7.15037,1,7.18,0.00564,0,1,0,1,0
HVL-2026-000528,1867.37,14,4,1846.71,0.04,0,0,0,3971,0.448,0,1813.84,1868752.46,1861.08,0,1.0112,1.0295,20.66,10.872,0,0,0,0.000999,7.53282,1,6.29,0.00337,1,0,0,0,1
HVL-2026-000529,2598.87,6,10,2153.06,0.74,0,0,0,861,0.052,0,2226.49,2926776.07,2573.9,0,1.2071,1.1673,445.82,2.357,6,1,1,0.000888,7.863218,1,24.97,0.00961,1,0,0,1,0
HVL-2026-000530,1978.13,13,11,1968.57,0.017,0,0,0,3302,0.227,0,1955.96,631436.04,1977.56,0,1.0049,1.0113,9.56,9.04,0,0,0,0.003133,7.590411,1,0.57,0.00029,1,0,0,1,0
HVL-2026-000531,1875.48,14,2,1677.08,0.422,0,0,0,381,0.421,0,1664.74,1883658.51,1892.03,0,1.1183,1.1266,198.4,1.043,6,1,0,0.000996,7.537155,1,16.55,0.00882,1,0,0,1,0
HVL-2026-000532,918.61,13,6,875.07,0.178,0,0,0,3426,0.394,0,942.86,1813781.54,916.34,0,1.0498,0.9743,43.54,9.38,0,0,0,0.000506,6.823948,1,2.27,0.00247,1,0,0,0,1
HVL-2026-000533,1850.77,7,7,1764.27,0.175,0,0,0,788,0.4,0,1696.68,2153531.96,1868.71,0,1.049,1.0908,86.5,2.157,1,0,1,0.000859,7.523899,1,17.94,0.00969,0,1,0,1,0
HVL-2026-000534,3940.28,8,5,4537.95,-0.47,0,0,0,2321,0.201,0,4553.97,2169123.04,3956.1,0,0.8683,0.8652,-597.67,6.355,6,1,0,0.001817,8.279261,1,15.82,0.00401,0,1,0,0,1
HVL-2026-000535,745.24,16,7,860.0,-0.477,0,0,0,596,0.975,0,893.3,1176311.4,0.0,0,0.8666,0.8343,-114.76,1.632,4,0,0,0.000634,6.615042,0,0.0,0.0,0,1,0,1,0
HVL-2026-000536,2472.66,6,4,3490.75,-1.042,0,0,0,3323,0.22,0,3440.27,832459.28,2502.1,0,0.7083,0.7187,-1018.1,9.098,0,0,1,0.00297,7.813453,1,29.44,0.01191,1,0,0,0,1
HVL-2026-000537,2349.23,10,4,2193.13,0.254,0,0,0,195,0.27,0,2187.48,1342621.0,2331.9,0,1.0712,1.0739,156.1,0.534,6,1,0,0.00175,7.762267,1,17.32,0.00737,1,0,0,1,0
HVL-2026-000538,1097.89,12,11,1128.38,-0.097,0,0,0,4047,0.22,0,1152.21,535745.95,1096.37,0,0.973,0.9529,-30.49,11.08,0,0,0,0.002049,7.002056,1,1.52,0.00139,0,1,0,0,1
HVL-2026-000539,4382.8,9,5,4003.32,0.339,0,0,0,2551,0.416,0,4215.12,870348.61,4317.6,0,1.0948,1.0398,379.48,6.984,6,1,0,0.005036,8.385672,1,65.21,0.01488,1,0,0,1,0
HVL-2026-000540,15807.99,11,7,15229.09,0.136,0,0,0,3484,0.59,0,14403.45,1081590.71,0.0,0,1.038,1.0975,578.9,9.539,6,1,0,0.014616,9.668334,0,0.0,0.0,1,0,0,1,0
HVL-2026-000541,23030.57,16,6,19025.37,0.752,0,0,0,3417,0.734,0,19638.82,2612413.75,22941.26,0,1.2105,1.1727,4005.2,9.355,2,0,0,0.008816,10.044621,1,89.31,0.00388,1,0,0,0,1
HVL-2026-000542,4916.94,15,4,7323.41,-1.174,0,0,0,514,0.344,0,6975.2,3224794.46,4937.65,0,0.6714,0.7049,-2406.48,1.407,5,1,0,0.001525,8.500644,1,20.71,0.00421,1,0,0,1,0
HVL-2026-000543,3921.94,7,10,4537.95,-0.485,0,0,0,2321,0.201,0,4442.91,1871997.97,3933.47,0,0.8643,0.8827,-616.01,6.355,2,0,1,0.002095,8.274597,1,11.53,0.00294,0,1,0,0,1
HVL-2026-000544,8200.6,16,9,7921.58,0.126,0,0,0,2692,0.307,0,8358.47,2510438.35,8285.29,0,1.0352,0.9811,279.02,7.37,1,0,0,0.003267,9.012085,1,84.68,0.01033,0,1,0,1,0
HVL-2026-000545,5996.33,10,4,6000.82,-0.003,0,0,0,4246,0.102,0,6417.0,663784.28,5956.81,0,0.9993,0.9344,-4.49,11.625,1,0,0,0.009034,8.69907,1,39.52,0.00659,0,0,1,1,0
HVL-2026-000546,3479.26,14,10,3216.47,0.292,0,0,0,4933,0.47,0,3294.06,2392306.86,3453.23,0,1.0817,1.0562,262.79,13.506,5,1,0,0.001454,8.154862,1,26.03,0.00748,0,1,0,0,1
HVL-2026-000547,1957.72,13,14,2011.94,-0.096,0,0,0,3717,0.225,0,2070.68,2675298.14,1951.29,0,0.973,0.9454,-54.22,10.177,2,0,0,0.000732,7.580044,1,6.42,0.00328,1,0,0,1,0
HVL-2026-000548,1910.69,0,3,949.23,3.617,0,1,1,4586,0.369,0,997.03,2409584.18,1922.21,0,2.0129,1.9164,961.47,12.556,3,0,1,0.000793,7.555745,1,11.52,0.00603,1,0,0,1,0
HVL-2026-000549,1562.8,5,6,1450.06,0.278,0,0,0,1826,0.313,0,1347.52,1419294.24,1544.55,0,1.0777,1.1598,112.74,4.999,6,1,1,0.001101,7.354873,1,18.25,0.01168,1,0,0,0,1
HVL-2026-000550,475.13,17,8,701.46,-1.152,0,0,0,5169,0.99,1,745.14,2787108.02,475.31,0,0.6773,0.6376,-226.33,14.152,2,0,0,0.00017,6.165695,1,0.18,0.00038,1,0,0,1,0
HVL-2026-000551,6215.25,15,3,7508.21,-0.615,0,0,0,956,0.266,0,8017.01,1396466.25,6210.18,0,0.8278,0.7753,-1292.96,2.617,6,1,0,0.004451,8.734922,1,5.07,0.00082,1,0,0,0,1
HVL-2026-000552,6152.82,8,4,5161.64,0.686,0,0,0,660,0.063,0,5456.54,2992854.63,6109.93,0,1.192,1.1276,991.18,1.807,6,1,0,0.002056,8.724828,1,42.89,0.00697,1,0,0,1,0
HVL-2026-000553,12827.53,8,6,6486.89,3.491,0,1,0,957,0.99,1,6413.48,2728954.07,12666.82,0,1.9775,2.0001,6340.64,2.62,4,0,0,0.004701,9.459427,1,160.71,0.01253,0,1,0,0,1
HVL-2026-000554,1630.79,14,10,2011.94,-0.677,0,0,0,3717,0.225,0,2073.63,2877491.94,1629.62,0,0.8106,0.7864,-381.15,10.177,2,0,0,0.000567,7.397433,1,1.17,0.00072,1,0,0,1,0
HVL-2026-000555,2845.01,9,7,2960.97,-0.14,0,0,0,4175,0.317,0,3147.62,2356522.34,0.0,0,0.9608,0.9039,-115.96,11.431,5,1,0,0.001207,7.953674,0,0.0,0.0,0,0,1,1,0
HVL-2026-000556,7372.85,9,6,6000.82,0.817,0,0,0,4246,0.102,0,6066.89,2220216.88,7345.95,0,1.2286,1.2153,1372.04,11.625,3,0,0,0.003321,8.905695,1,26.9,0.00365,1,0,0,0,1
HVL-2026-000557,2471.56,10,8,2012.87,0.814,0,0,0,4057,0.148,0,1893.57,582158.35,2498.63,0,1.2279,1.3052,458.7,11.107,4,0,0,0.004246,7.81301,1,27.06,0.01095,1,0,0,0,1
HVL-2026-000558,2162.43,11,10,2130.45,0.054,0,0,0,3136,0.346,0,2027.81,1456864.47,2127.22,0,1.015,1.0664,31.98,8.586,2,0,0,0.001484,7.679449,1,35.21,0.01628,1,0,0,0,1
HVL-2026-000559,5322.92,6,6,6200.62,-0.506,0,0,0,1574,0.257,0,5943.05,1641118.4,5311.84,0,0.8585,0.8957,-877.69,4.309,3,0,1,0.003243,8.579966,1,11.09,0.00208,1,0,0,0,1
HVL-2026-000560,1782.82,10,7,1764.27,0.038,0,0,0,788,0.4,0,1799.73,3065763.67,1799.81,0,1.0105,0.9906,18.54,2.157,5,1,0,0.000582,7.486512,1,16.99,0.00953,1,0,0,1,0
HVL-2026-000561,9827.6,7,8,8188.69,0.715,0,0,0,3323,0.307,0,8489.9,1304390.54,9907.77,0,1.2001,1.1576,1638.91,9.098,0,0,1,0.007534,9.193052,1,80.17,0.00816,1,0,0,1,0
HVL-2026-000562,4761.17,13,6,5664.74,-0.57,0,0,0,1382,0.168,0,6043.43,2266752.32,4752.85,0,0.8405,0.7878,-903.57,3.784,1,0,0,0.0021,8.46846,1,8.32,0.00175,1,0,0,1,0
HVL-2026-000563,885.8,16,5,1032.94,-0.509,0,0,0,661,0.227,0,1109.0,1590268.58,890.08,0,0.8575,0.7987,-147.15,1.81,6,1,0,0.000557,6.787614,1,4.29,0.00484,1,0,0,0,1
HVL-2026-000564,2755.97,18,5,2776.14,-0.026,0,0,0,1079,0.195,0,2821.63,1478044.31,0.0,0,0.9927,0.9767,-20.17,2.954,2,0,0,0.001865,7.921888,0,0.0,0.0,0,0,1,0,1
HVL-2026-000565,1421.46,14,11,1682.69,-0.554,0,0,0,1144,0.249,0,1703.38,1440062.47,1413.33,0,0.8448,0.8345,-261.23,3.132,5,1,0,0.000987,7.260144,1,8.13,0.00572,0,1,0,0,1
HVL-2026-000566,3979.29,14,7,4878.86,-0.659,0,0,0,2772,0.199,0,4968.8,3094177.87,3995.86,0,0.8156,0.8009,-899.58,7.589,2,0,0,0.001286,8.289109,1,16.57,0.00416,1,0,0,1,0
HVL-2026-000567,2940.82,14,11,3542.44,-0.607,0,0,0,2861,0.372,0,3695.37,2250713.32,2930.59,0,0.8302,0.7958,-601.62,7.833,6,1,0,0.001307,7.986784,1,10.23,0.00348,0,1,0,0,1
HVL-2026-000568,1872.99,10,8,1898.39,-0.048,0,0,0,3011,0.121,0,1749.04,2536618.84,1870.43,0,0.9866,1.0709,-25.4,8.244,3,0,0,0.000738,7.535827,1,2.56,0.00137,0,1,0,1,0
HVL-2026-000569,2671.14,10,10,2691.24,-0.027,0,0,0,2409,0.19,0,2870.36,1160443.17,2651.59,0,0.9925,0.9306,-20.1,6.595,0,0,0,0.002302,7.890634,1,19.55,0.00732,0,1,0,0,1
HVL-2026-000570,1966.73,20,8,875.07,4.455,1,0,0,3426,0.514,0,859.0,2264616.65,1976.36,0,2.2475,2.2895,1091.66,9.38,3,0,1,0.000868,7.584634,1,9.64,0.0049,1,0,0,1,0
HVL-2026-000571,6821.2,18,10,7707.61,-0.411,0,0,0,3928,0.28,0,7528.01,1344649.64,6876.56,0,0.885,0.9061,-886.41,10.754,0,0,0,0.005073,8.827937,1,55.36,0.00812,1,0,0,1,0
HVL-2026-000572,9939.93,14,3,7921.58,0.91,0,0,0,2692,0.307,0,8472.55,2225450.47,0.0,0,1.2548,1.1732,2018.34,7.37,6,1,0,0.004466,9.204416,0,0.0,0.0,1,0,0,1,0
HVL-2026-000573,18496.66,18,4,19610.46,-0.203,0,0,0,4971,0.081,0,18139.07,2789241.42,18772.79,0,0.9432,1.0197,-1113.79,13.61,2,0,0,0.006631,9.8254,1,276.13,0.01493,0,1,0,1,0
HVL-2026-000574,9535.75,12,5,8188.69,0.588,0,0,0,3323,0.307,0,7750.19,1337614.87,9532.15,0,1.1645,1.2304,1347.06,9.098,4,0,0,0.007129,9.162908,1,3.6,0.00038,1,0,0,0,1
HVL-2026-000575,1605.48,10,8,1652.58,-0.102,0,0,0,2447,0.4,0,1632.27,2601821.44,1605.82,0,0.9715,0.9836,-47.1,6.7,4,0,0,0.000617,7.3818,1,0.34,0.00021,0,0,1,1,0
HVL-2026-000576,345.44,9,8,371.49,-0.25,0,0,0,837,0.425,0,390.1,1981366.3,0.0,0,0.9299,0.8855,-26.04,2.292,5,1,0,0.000174,5.847715,0,0.0,0.0,0,0,1,1,0
HVL-2026-000577,9164.8,18,7,9151.08,0.005,0,0,0,3124,0.287,0,9389.37,1567799.7,9141.97,0,1.0015,0.9761,13.72,8.553,5,1,0,0.005846,9.123235,1,22.83,0.00249,0,0,1,1,0
HVL-2026-000578,1379.73,12,6,1420.79,-0.103,0,0,0,1064,0.577,0,1400.64,2024580.97,1393.87,0,0.9711,0.9851,-41.07,2.913,5,1,0,0.000681,7.230366,1,14.14,0.01025,1,0,0,1,0
HVL-2026-000579,5174.79,7,7,4388.99,0.639,0,0,0,3415,0.152,0,4138.09,2114201.89,5205.9,0,1.179,1.2505,785.8,9.35,4,0,1,0.002448,8.551747,1,31.11,0.00601,1,0,0,0,1
HVL-2026-000580,6568.37,16,4,6696.41,-0.068,0,0,0,259,0.108,0,6857.29,1516540.35,6543.03,0,0.9809,0.9579,-128.04,0.709,0,0,0,0.004331,8.790173,1,25.34,0.00386,0,1,0,0,1
HVL-2026-000581,1583.67,11,4,1652.58,-0.149,0,0,0,2447,0.4,0,1538.5,609346.73,0.0,0,0.9583,1.0294,-68.91,6.7,5,1,0,0.002599,7.36813,0,0.0,0.0,1,0,0,1,0
HVL-2026-000582,3419.29,12,8,2691.24,0.966,0,0,0,2409,0.19,0,2633.13,3162924.28,3438.55,0,1.2705,1.2986,728.05,6.595,3,0,0,0.001081,8.137479,1,19.27,0.00564,1,0,0,0,1
HVL-2026-000583,5733.36,16,5,6231.6,-0.286,0,0,0,266,0.127,0,6157.45,2141899.43,0.0,0,0.92,0.9311,-498.23,0.728,3,0,0,0.002677,8.654232,0,0.0,0.0,0,1,0,1,0
HVL-2026-000584,346.97,17,6,371.49,-0.236,0,0,0,837,0.425,0,399.26,1756821.27,339.53,0,0.934,0.869,-24.52,2.292,2,0,0,0.000197,5.852112,1,7.44,0.02145,0,0,1,1,0
HVL-2026-000585,20385.76,11,13,20263.16,0.022,0,0,0,4941,0.36,0,21441.65,573079.48,0.0,0,1.0061,0.9508,122.6,13.528,4,0,0,0.035572,9.922641,0,0.0,0.0,1,0,0,1,0
HVL-2026-000586,6351.43,13,5,6923.81,-0.295,0,0,0,1566,0.354,0,7105.96,806292.23,6409.44,0,0.9173,0.8938,-572.37,4.287,1,0,0,0.007877,8.756593,1,58.0,0.00913,1,0,0,1,0
HVL-2026-000587,1788.24,7,5,2254.12,-0.738,0,0,0,4469,0.456,0,2259.57,766353.87,1808.08,0,0.7933,0.7914,-465.88,12.235,3,0,1,0.002333,7.489546,1,19.84,0.01109,0,0,1,1,0
HVL-2026-000588,1773.08,14,8,1866.31,-0.178,0,0,0,264,0.199,0,1975.86,2350449.14,1760.47,0,0.95,0.8974,-93.24,0.723,1,0,0,0.000754,7.481036,1,12.61,0.00711,1,0,0,0,1
HVL-2026-000589,12244.67,21,12,12532.32,-0.082,0,0,0,1486,0.109,0,12795.65,674487.73,12161.0,0,0.977,0.9569,-287.65,4.068,6,1,1,0.018154,9.412928,1,83.67,0.00683,1,0,0,0,1
HVL-2026-000590,7959.55,13,7,6744.84,0.643,0,0,0,2616,0.634,0,7246.6,1550149.77,8057.66,0,1.1801,1.0984,1214.72,7.162,6,1,0,0.005135,8.982254,1,98.1,0.01233,1,0,0,0,1
HVL-2026-000591,3707.39,8,3,4537.95,-0.654,0,0,0,2321,0.201,0,4519.32,2163299.45,3697.74,0,0.817,0.8203,-830.56,6.355,6,1,0,0.001714,8.218353,1,9.65,0.0026,1,0,0,0,1
HVL-2026-000592,1050.09,11,3,928.61,0.467,0,0,0,1008,0.115,0,903.15,644876.66,1051.76,0,1.1308,1.1627,121.48,2.76,0,0,0,0.001628,6.957583,1,1.67,0.00159,1,0,0,1,0
HVL-2026-000593,8976.6,14,3,7323.41,0.806,0,0,0,514,0.344,0,6819.59,1872909.64,8896.7,0,1.2257,1.3163,1653.19,1.407,5,1,0,0.004793,9.102488,1,79.9,0.0089,0,1,0,0,1
HVL-2026-000594,2448.04,10,8,2153.06,0.489,0,0,0,861,0.052,0,2202.76,2208496.6,2456.88,0,1.137,1.1114,294.98,2.357,2,0,0,0.001108,7.803451,1,8.84,0.00361,0,1,0,1,0
HVL-2026-000595,1660.75,11,3,1409.4,0.637,0,0,0,2097,0.119,0,1359.92,2151197.03,1660.83,0,1.1783,1.2212,251.35,5.741,5,1,0,0.000772,7.415626,1,0.08,5e-05,0,1,0,1,0
HVL-2026-000596,20450.69,14,7,18264.33,0.428,0,0,0,5094,0.254,0,17926.07,1854085.79,20359.94,0,1.1197,1.1408,2186.37,13.947,6,1,0,0.01103,9.925821,1,90.75,0.00444,1,0,0,1,0
HVL-2026-000597,14623.34,15,11,19025.37,-0.826,0,0,0,3417,0.734,0,18483.55,1170104.12,14620.65,0,0.7686,0.7912,-4402.03,9.355,0,0,0,0.012497,9.590443,1,2.69,0.00018,0,1,0,1,0
HVL-2026-000598,3302.98,18,4,3216.47,0.096,0,0,0,4933,0.47,0,3456.35,472806.13,3325.05,0,1.0269,0.9556,86.51,13.506,1,0,0,0.006986,8.102883,1,22.07,0.00668,0,1,0,0,1
HVL-2026-000599,3777.96,11,6,3525.31,0.256,0,0,0,924,0.169,0,3301.31,3043778.82,3781.9,0,1.0717,1.1444,252.64,2.53,2,0,0,0.001241,8.237203,1,3.95,0.00104,1,0,0,1,0
HVL-2026-000600,4096.06,12,5,4537.95,-0.348,0,0,0,2321,0.201,0,4285.78,1888033.25,4110.85,0,0.9026,0.9557,-441.89,6.355,5,1,0,0.002169,8.318025,1,14.79,0.00361,0,0,1,1,0
HVL-2026-000601,5075.97,14,11,5022.04,0.038,0,0,0,3392,0.229,0,4724.67,2943100.34,5123.44,0,1.0107,1.0744,53.94,9.287,2,0,0,0.001725,8.532471,1,47.47,0.00935,0,0,1,1,0
HVL-2026-000602,7531.65,10,7,6923.81,0.314,0,0,0,1566,0.354,0,7438.34,556260.72,7499.17,0,1.0878,1.0125,607.85,4.287,3,0,0,0.01354,8.927003,1,32.48,0.00431,1,0,0,0,1
HVL-2026-000603,1185.32,8,5,955.86,0.857,0,0,0,3659,0.063,0,976.68,2996339.66,1174.39,0,1.2401,1.2136,229.46,10.018,2,0,0,0.000396,7.078611,1,10.93,0.00922,1,0,0,1,0
HVL-2026-000604,2268.36,18,7,2635.6,-0.498,0,0,0,4423,0.269,0,2697.78,3051569.38,0.0,0,0.8607,0.8408,-367.24,12.11,3,0,0,0.000743,7.727252,0,0.0,0.0,0,1,0,1,0
HVL-2026-000605,4485.46,4,4,1690.58,5.904,0,1,1,914,0.287,0,1716.34,2826229.4,4855.0,1,2.6532,2.6134,2794.88,2.502,5,1,1,0.001587,8.408818,1,369.54,0.08239,1,0,0,1,0
HVL-2026-000606,7857.78,10,9,6923.81,0.482,0,0,0,1566,0.354,0,6520.36,2486723.42,7851.25,0,1.1349,1.2051,933.97,4.287,3,0,0,0.00316,8.969386,1,6.53,0.00083,1,0,0,1,0
HVL-2026-000607,1965.99,7,7,2373.45,-0.613,0,0,0,667,0.097,0,2467.85,1180996.16,1964.81,0,0.8283,0.7966,-407.46,1.826,5,1,1,0.001665,7.584262,1,1.19,0.0006,0,1,0,1,0
HVL-2026-000608,14009.87,10,3,12532.32,0.421,0,0,0,1486,0.109,0,12599.07,586982.34,14194.22,0,1.1179,1.112,1477.55,4.068,3,0,0,0.023868,9.547589,1,184.35,0.01316,1,0,0,0,1
HVL-2026-000609,3955.8,10,6,4537.95,-0.458,0,0,0,2321,0.201,0,4606.13,2416811.32,4014.83,0,0.8717,0.8588,-582.14,6.355,0,0,0,0.001637,8.283192,1,59.02,0.01492,0,1,0,1,0
HVL-2026-000610,2975.92,12,12,3199.53,-0.25,0,0,0,3899,0.359,0,3337.39,2752578.59,2983.06,0,0.9301,0.8917,-223.61,10.675,0,0,0,0.001081,7.998644,1,7.14,0.0024,0,1,0,0,1
HVL-2026-000611,9911.84,14,6,10884.61,-0.319,0,0,0,3000,0.032,0,11674.78,1499408.58,9887.77,0,0.9106,0.849,-972.77,8.214,0,0,0,0.00661,9.201586,1,24.07,0.00243,1,0,0,1,0
HVL-2026-000612,1383.22,10,17,1153.0,0.713,0,0,0,4313,0.246,0,1114.41,1056937.45,1400.46,0,1.1997,1.2412,230.22,11.808,3,0,0,0.001309,7.23289,1,17.25,0.01247,1,0,0,1,0
HVL-2026-000613,2145.66,5,10,2153.82,-0.014,0,0,0,4230,0.107,0,2213.87,512085.62,2163.89,0,0.9962,0.9692,-8.16,11.581,1,0,1,0.00419,7.671667,1,18.23,0.0085,1,0,0,0,1
HVL-2026-000614,2063.85,7,10,1968.57,0.173,0,0,0,3302,0.227,0,2089.35,2962765.02,2093.47,0,1.0484,0.9878,95.28,9.04,6,1,1,0.000697,7.632812,1,29.63,0.01435,1,0,0,1,0
HVL-2026-000615,6390.62,12,10,6916.3,-0.271,0,0,0,256,0.303,0,7056.35,2003954.03,6468.28,0,0.924,0.9057,-525.69,0.701,3,0,0,0.003189,8.762743,1,77.66,0.01215,0,0,1,1,0
HVL-2026-000616,13555.47,12,8,15229.09,-0.392,0,0,0,3484,0.59,0,15146.18,1522482.34,13512.82,0,0.8901,0.895,-1673.62,9.539,4,0,0,0.008904,9.514619,1,42.66,0.00315,0,1,0,0,1
HVL-2026-000617,2691.43,9,5,2691.24,0.0,0,0,0,2409,0.19,0,2476.96,2846134.97,2700.11,0,1.0001,1.0866,0.19,6.595,6,1,0,0.000946,7.898198,1,8.68,0.00323,1,0,0,0,1
HVL-2026-000618,6228.98,13,7,6858.66,-0.328,0,0,0,2571,0.063,0,6758.38,576623.48,6249.87,0,0.9082,0.9217,-629.69,7.039,4,0,0,0.010803,8.737128,1,20.89,0.00335,1,0,0,1,0
HVL-2026-000619,1593.19,11,5,1603.64,-0.023,0,0,0,1766,0.055,0,1637.1,1979421.11,1594.0,0,0.9935,0.9732,-10.45,4.835,4,0,0,0.000805,7.374124,1,0.8,0.0005,1,0,0,0,1
HVL-2026-000620,1783.73,1,6,949.23,3.14,1,0,1,4586,0.389,0,930.72,1772024.65,1772.91,0,1.8791,1.9165,834.51,12.556,3,0,1,0.001007,7.487024,1,10.82,0.00607,1,0,0,1,0
HVL-2026-000621,845.05,18,12,1032.94,-0.65,0,0,0,661,0.227,0,1021.81,1176002.25,839.41,0,0.8181,0.827,-187.89,1.81,5,1,0,0.000719,6.740581,1,5.64,0.00668,1,0,0,1,0
HVL-2026-000622,1783.77,8,7,1782.04,0.003,0,0,0,337,0.156,0,1696.69,3023594.06,1792.46,0,1.001,1.0513,1.73,0.923,2,0,0,0.00059,7.487044,1,8.69,0.00487,0,1,0,1,0
HVL-2026-000623,15525.39,13,5,19025.37,-0.657,0,0,0,3417,0.734,0,19989.66,3173105.3,15534.13,0,0.816,0.7767,-3499.98,9.355,1,0,0,0.004893,9.650296,1,8.75,0.00056,1,0,0,1,0
HVL-2026-000624,2043.71,17,10,2026.7,0.03,0,0,0,2641,0.218,0,1886.35,1837267.92,2052.57,0,1.0084,1.0834,17.0,7.231,5,1,0,0.001112,7.623011,1,8.87,0.00434,1,0,0,0,1
HVL-2026-000625,796.36,16,3,875.07,-0.321,0,0,0,3426,0.394,0,933.97,1842817.86,791.94,0,0.9101,0.8527,-78.7,9.38,3,0,0,0.000432,6.681311,1,4.43,0.00556,1,0,0,1,0
HVL-2026-000626,6046.79,2,4,3736.87,2.208,0,0,1,1518,0.35,0,3544.33,1510404.9,6046.69,0,1.6181,1.706,2309.92,4.156,1,0,1,0.004003,8.707449,1,0.1,2e-05,0,1,0,1,0
HVL-2026-000627,1404.46,8,9,1237.85,0.481,0,0,0,4725,0.169,0,1188.62,3215265.61,1390.03,0,1.1346,1.1816,166.61,12.936,2,0,0,0.000437,7.248119,1,14.43,0.01028,0,1,0,1,0
HVL-2026-000628,2235.07,11,6,2219.28,0.025,0,0,0,3095,0.399,0,2071.61,2393827.87,2215.69,0,1.0071,1.0789,15.79,8.474,0,0,0,0.000934,7.712475,1,19.38,0.00867,0,0,1,1,0
HVL-2026-000629,3555.53,13,10,3542.44,0.013,0,0,0,2861,0.372,0,3560.25,3055249.88,0.0,0,1.0037,0.9987,13.09,7.833,5,1,0,0.001164,8.17654,0,0.0,0.0,0,0,1,1,0
HVL-2026-000630,2642.35,9,8,2012.87,1.117,0,0,0,4057,0.148,0,1858.46,2991554.5,2621.61,0,1.3127,1.4218,629.48,11.107,3,0,0,0.000883,7.879803,1,20.74,0.00785,0,1,0,1,0
HVL-2026-000631,2682.26,7,8,2452.54,0.335,0,0,0,80,0.058,0,2284.66,3039553.99,2665.74,0,1.0937,1.174,229.72,0.219,6,1,1,0.000882,7.894787,1,16.52,0.00616,1,0,0,0,1
HVL-2026-000632,935.39,14,10,1459.03,-1.282,0,0,0,4146,0.026,0,1357.83,2344879.45,0.0,0,0.6411,0.6889,-523.65,11.351,1,0,0,0.000399,6.842029,0,0.0,0.0,0,1,0,0,1
HVL-2026-000633,1040.46,17,8,928.61,0.43,0,0,0,1008,0.115,0,911.45,998229.39,1049.84,0,1.1204,1.1415,111.85,2.76,2,0,0,0.001042,6.948381,1,9.37,0.00901,0,1,0,0,1
HVL-2026-000634,2486.93,14,10,2584.91,-0.135,0,0,0,1424,0.51,0,2654.41,2182497.15,2469.62,0,0.9621,0.9369,-97.98,3.899,6,1,0,0.001139,7.819207,1,17.31,0.00696,0,1,0,1,0
HVL-2026-000635,16337.12,15,3,18264.33,-0.377,0,0,0,5094,0.254,0,17307.12,964710.13,16410.78,0,0.8945,0.944,-1927.21,13.947,0,0,0,0.016935,9.701256,1,73.67,0.00451,0,1,0,0,1
HVL-2026-000636,1637.84,17,6,2153.06,-0.855,0,0,0,861,0.052,0,2095.27,2857705.01,1644.66,0,0.7607,0.7817,-515.22,2.357,0,0,0,0.000573,7.401743,1,6.82,0.00417,1,0,0,0,1
HVL-2026-000637,3273.48,14,7,1275.73,5.593,0,0,0,4539,0.681,0,1309.59,3105858.06,3250.88,0,2.566,2.4996,1997.75,12.427,1,0,0,0.001054,8.093913,1,22.59,0.0069,0,1,0,0,1
HVL-2026-000638,1459.44,13,9,1603.64,-0.321,0,0,0,1766,0.055,0,1522.62,2032590.72,1447.91,0,0.9101,0.9585,-144.2,4.835,3,0,0,0.000718,7.286495,1,11.53,0.0079,1,0,0,1,0
HVL-2026-000639,1826.66,18,11,1814.36,0.024,0,0,0,3869,0.073,0,1945.46,613276.69,1835.64,0,1.0068,0.9389,12.3,10.593,2,0,0,0.002979,7.510793,1,8.97,0.00491,0,0,1,0,1
HVL-2026-000640,3859.81,11,6,3542.44,0.32,0,0,0,2861,0.372,0,3671.72,3191206.56,3847.71,0,1.0896,1.0512,317.37,7.833,4,0,0,0.00121,8.258633,1,12.11,0.00314,1,0,0,1,0
HVL-2026-000641,2400.91,15,6,2452.54,-0.075,0,0,0,80,0.058,0,2605.17,804497.76,2393.27,0,0.9789,0.9216,-51.64,0.219,5,1,0,0.002984,7.784018,1,7.63,0.00318,1,0,0,1,0
HVL-2026-000642,4122.74,8,5,3763.06,0.341,0,0,0,2804,0.143,0,3888.61,2928175.06,4120.43,0,1.0956,1.0602,359.68,7.677,5,1,0,0.001408,8.324515,1,2.31,0.00056,1,0,0,1,0
HVL-2026-000643,50164.94,2,3,19610.46,5.565,0,0,1,4971,0.081,0,19614.08,1289331.49,0.0,0,2.5581,2.5576,30554.48,13.61,3,0,1,0.038908,10.823092,0,0.0,0.0,1,0,0,0,1
HVL-2026-000644,1752.17,8,5,1564.68,0.428,0,0,0,3933,0.121,0,1516.55,1884860.0,1770.51,0,1.1198,1.1554,187.49,10.768,2,0,0,0.00093,7.469182,1,18.34,0.01047,0,1,0,0,1
HVL-2026-000645,5006.77,6,8,3324.92,1.807,0,0,0,3246,0.201,0,3482.07,1396949.34,4969.86,0,1.5058,1.4379,1681.85,8.887,5,1,1,0.003584,8.518746,1,36.91,0.00737,1,0,0,0,1
HVL-2026-000646,20256.38,8,8,19025.37,0.231,0,0,0,3417,0.734,0,18231.02,757826.76,20489.83,0,1.0647,1.1111,1231.01,9.355,6,1,0,0.02673,9.916275,1,233.45,0.01152,1,0,0,1,0
HVL-2026-000647,1844.52,14,11,1782.04,0.125,0,0,0,337,0.156,0,1650.98,1335331.88,1832.61,0,1.0351,1.1172,62.49,0.923,1,0,0,0.001381,7.520519,1,11.92,0.00646,0,1,0,1,0
HVL-2026-000648,6787.02,15,6,8086.32,-0.574,0,0,0,4552,0.072,0,8585.01,2651322.71,6808.17,0,0.8393,0.7906,-1299.31,12.463,5,1,0,0.00256,8.822914,1,21.15,0.00312,1,0,0,0,1
HVL-2026-000649,521.49,16,7,487.73,0.247,0,0,0,1191,0.171,0,482.96,3087853.56,515.84,0,1.0692,1.0798,33.76,3.261,5,1,0,0.000169,6.258614,1,5.66,0.01085,1,0,0,1,0
HVL-2026-000650,842.78,9,8,860.0,-0.071,0,0,0,596,0.975,0,846.72,2678460.63,830.61,0,0.98,0.9954,-17.21,1.632,4,0,0,0.000315,6.737896,1,12.17,0.01444,1,0,0,1,0
HVL-2026-000651,8328.23,8,8,7401.97,0.447,0,0,0,2420,0.108,0,7846.34,2579228.52,8222.3,0,1.1251,1.0614,926.27,6.626,1,0,0,0.003229,9.027526,1,105.93,0.01272,0,0,1,0,1
HVL-2026-000652,5803.5,9,5,4996.01,0.577,0,0,0,4936,0.215,0,4664.27,1513964.05,0.0,0,1.1616,1.2442,807.49,13.514,5,1,0,0.003833,8.666389,0,0.0,0.0,1,0,0,0,1
HVL-2026-000653,1469.35,14,7,1560.89,-0.209,0,0,0,1483,0.161,0,1517.02,3125016.63,1449.75,0,0.9414,0.9686,-91.54,4.06,4,0,0,0.00047,7.293253,1,19.59,0.01333,1,0,0,0,1
HVL-2026-000654,4694.21,5,10,4388.99,0.248,0,0,0,3415,0.152,0,4546.86,1880637.36,4698.98,0,1.0695,1.0324,305.23,9.35,4,0,1,0.002496,8.454299,1,4.77,0.00102,0,1,0,1,0
HVL-2026-000655,1061.87,14,8,1153.0,-0.282,0,0,0,4313,0.246,0,1226.63,1862441.71,1079.01,0,0.921,0.8657,-91.13,11.808,0,0,0,0.00057,6.968732,1,17.14,0.01614,1,0,0,0,1
HVL-2026-000656,2041.47,17,7,2029.54,0.021,0,0,0,210,0.147,0,1906.01,725003.35,2054.32,0,1.0059,1.0711,11.92,0.575,3,0,0,0.002816,7.621913,1,12.86,0.0063,1,0,0,1,0
HVL-2026-000657,7445.35,5,8,7508.21,-0.03,0,0,0,956,0.266,0,7978.87,3211193.04,7438.53,0,0.9916,0.9331,-62.86,2.617,5,1,1,0.002319,8.915479,1,6.82,0.00092,1,0,0,0,1
HVL-2026-000658,20056.54,10,9,15778.88,0.968,0,0,0,3197,0.53,0,17024.9,1212426.46,20035.01,0,1.2711,1.1781,4277.66,8.753,0,0,0,0.016542,9.906361,1,21.54,0.00107,1,0,0,0,1
HVL-2026-000659,800.2,15,7,860.0,-0.248,0,0,0,596,0.975,0,858.6,1614626.42,785.59,0,0.9305,0.932,-59.8,1.632,4,0,0,0.000496,6.686111,1,14.61,0.01826,1,0,0,1,0
HVL-2026-000660,2911.28,8,6,2452.55,0.668,0,0,0,3935,0.283,0,2349.13,570987.2,2956.37,0,1.187,1.2393,458.73,10.773,6,1,0,0.005099,7.976692,1,45.08,0.01549,0,1,0,1,0
HVL-2026-000661,3968.62,18,2,3858.96,0.101,0,0,0,4092,0.443,0,3895.79,2963935.39,3953.54,0,1.0284,1.0187,109.65,11.203,1,0,0,0.001339,8.286425,1,15.08,0.0038,1,0,0,1,0
HVL-2026-000662,907.28,8,8,846.86,0.255,0,0,0,3328,0.225,0,822.19,2791715.09,894.27,0,1.0713,1.1035,60.42,9.112,3,0,0,0.000325,6.811549,1,13.01,0.01433,1,0,0,1,0
HVL-2026-000663,6028.77,14,6,6916.3,-0.458,0,0,0,256,0.303,0,7233.59,3096017.87,5911.24,0,0.8717,0.8334,-887.53,0.701,6,1,0,0.001947,8.704465,1,117.54,0.0195,1,0,0,0,1
HVL-2026-000664,8951.25,17,9,8857.75,0.038,0,0,0,4422,0.938,0,8972.24,940225.67,0.0,0,1.0106,0.9977,93.49,12.107,6,1,0,0.00952,9.09966,0,0.0,0.0,1,0,0,0,1
HVL-2026-000665,2248.95,16,6,2193.13,0.091,0,0,0,195,0.27,0,2194.98,1487441.37,2260.9,0,1.0255,1.0246,55.82,0.534,1,0,0,0.001512,7.718663,1,11.95,0.00531,0,0,1,0,1
HVL-2026-000666,1039.51,12,5,1275.73,-0.661,0,0,0,4539,0.681,0,1221.4,2832824.57,0.0,0,0.8148,0.8511,-236.22,12.427,5,1,0,0.000367,6.947465,0,0.0,0.0,0,1,0,0,1
HVL-2026-000667,425.42,12,4,487.73,-0.456,0,0,0,1191,0.171,0,459.11,2738633.91,428.04,0,0.8722,0.9266,-62.32,3.261,3,0,0,0.000155,6.055419,1,2.62,0.00616,1,0,0,1,0
HVL-2026-000668,1676.34,13,4,1564.68,0.255,0,0,0,3933,0.121,0,1496.58,3004176.66,1666.37,0,1.0714,1.1201,111.66,10.768,2,0,0,0.000558,7.424965,1,9.97,0.00595,1,0,0,1,0
HVL-2026-000669,10356.98,7,5,12381.47,-0.584,0,0,0,1757,0.3,0,11396.93,2198601.41,10486.61,0,0.8365,0.9088,-2024.48,4.81,0,0,1,0.004711,9.245513,1,129.63,0.01252,1,0,0,1,0
HVL-2026-000670,7735.79,10,7,7323.41,0.201,0,0,0,514,0.344,0,7260.49,2118092.96,7778.85,0,1.0563,1.0655,412.37,1.407,2,0,0,0.003652,8.953742,1,43.06,0.00557,0,1,0,1,0
HVL-2026-000671,12158.37,11,7,13005.93,-0.233,0,0,0,2474,0.411,0,12604.24,2429083.24,12347.12,0,0.9348,0.9646,-847.56,6.773,3,0,0,0.005005,9.405856,1,188.75,0.01552,1,0,0,1,0
HVL-2026-000672,6194.83,17,6,7921.58,-0.779,0,0,0,2692,0.307,0,7819.52,1790489.84,6242.33,0,0.782,0.7922,-1726.75,7.37,4,0,0,0.00346,8.731632,1,47.5,0.00767,1,0,0,1,0
HVL-2026-000673,3217.39,15,10,4667.45,-1.11,0,0,0,3427,0.201,0,4681.26,2667261.74,3221.97,0,0.6893,0.6873,-1450.06,9.383,6,1,0,0.001206,8.076636,1,4.58,0.00142,1,0,0,0,1
HVL-2026-000674,6533.19,21,10,5664.74,0.548,0,0,0,1382,0.168,0,5458.67,1111021.36,6519.85,0,1.1533,1.1968,868.45,3.784,5,1,1,0.00588,8.784804,1,13.34,0.00204,1,0,0,0,1
HVL-2026-000675,2898.71,8,3,2708.33,0.251,0,0,0,5021,0.361,0,2596.93,589693.24,2910.71,0,1.0703,1.1162,190.37,13.747,5,1,0,0.004916,7.972364,1,12.0,0.00414,1,0,0,1,0
HVL-2026-000676,2877.69,22,7,1329.87,4.157,1,1,1,219,0.464,0,1410.08,1003532.21,2885.23,0,2.1639,2.0408,1547.81,0.6,3,0,1,0.002868,7.965089,1,7.54,0.00262,1,0,0,1,0
HVL-2026-000677,670.51,15,5,744.45,-0.355,0,0,0,778,0.185,0,772.62,3218301.51,0.0,0,0.9007,0.8678,-73.95,2.13,2,0,0,0.000208,6.509525,0,0.0,0.0,1,0,0,1,0
HVL-2026-000678,5405.39,14,8,4878.86,0.385,0,0,0,2772,0.199,0,5169.78,733006.88,5416.4,0,1.1079,1.0456,526.53,7.589,6,1,0,0.007374,8.595337,1,11.01,0.00204,1,0,0,0,1
HVL-2026-000679,1460.93,11,10,1329.87,0.352,0,0,0,219,0.244,0,1382.26,627734.51,1456.19,0,1.0986,1.0569,131.06,0.6,5,1,0,0.002327,7.287516,1,4.75,0.00325,1,0,0,0,1
HVL-2026-000680,1688.46,11,5,1459.03,0.562,0,0,0,4146,0.026,0,1344.76,1299338.14,1702.77,0,1.1572,1.2556,229.43,11.351,3,0,0,0.001299,7.432167,1,14.3,0.00847,0,1,0,0,1
HVL-2026-000681,40215.37,14,4,18264.33,4.292,1,1,0,5094,0.474,0,17368.54,1517735.65,40135.67,0,2.2019,2.3154,21951.04,13.947,6,1,0,0.026497,10.602029,1,79.7,0.00198,1,0,0,1,0
HVL-2026-000682,503.88,12,3,487.73,0.118,0,0,0,1191,0.171,0,506.37,2504300.21,0.0,0,1.0331,0.9951,16.15,3.261,2,0,0,0.000201,6.224316,0,0.0,0.0,0,1,0,1,0
HVL-2026-000683,8324.33,7,11,8857.75,-0.215,0,0,0,4422,0.938,0,8366.89,738445.67,8274.72,0,0.9398,0.9949,-533.42,12.107,6,1,1,0.011273,9.027058,1,49.62,0.00596,0,1,0,1,0
HVL-2026-000684,1985.6,16,7,1682.69,0.643,0,0,0,1144,0.249,0,1752.37,1866074.16,2008.03,0,1.18,1.1331,302.91,3.132,2,0,0,0.001064,7.594179,1,22.43,0.0113,1,0,0,1,0
HVL-2026-000685,1957.77,9,14,2153.06,-0.324,0,0,0,861,0.052,0,2011.05,2452306.25,1915.36,0,0.9093,0.9735,-195.29,2.357,3,0,0,0.000798,7.580071,1,42.41,0.02166,0,1,0,0,1
HVL-2026-000686,1486.01,18,9,1306.89,0.489,0,0,0,3592,0.28,0,1239.3,2380634.93,1489.25,0,1.1371,1.1991,179.12,9.834,3,0,0,0.000624,7.304523,1,3.24,0.00218,0,1,0,0,1
HVL-2026-000687,5864.43,21,5,5830.54,0.021,0,0,0,2143,0.405,0,5516.82,1149095.38,5855.78,0,1.0058,1.063,33.89,5.867,1,0,1,0.005104,8.676831,1,8.65,0.00148,1,0,0,1,0
HVL-2026-000688,21885.48,13,2,19610.46,0.414,0,0,0,4971,0.081,0,20265.22,1261941.02,21798.87,0,1.116,1.08,2275.02,13.61,5,1,0,0.017343,9.993625,1,86.62,0.00396,1,0,0,0,1
HVL-2026-000689,539.28,13,9,603.67,-0.381,0,0,0,4472,0.378,0,590.3,624828.5,530.22,0,0.8933,0.9136,-64.38,12.244,3,0,0,0.000863,6.292092,1,9.07,0.01681,0,1,0,1,0
HVL-2026-000690,5531.15,20,7,2193.13,5.436,0,1,0,195,0.37,0,2085.79,1168990.88,5586.37,0,2.522,2.6518,3338.02,0.534,2,0,1,0.004732,8.618332,1,55.22,0.00998,1,0,0,1,0
HVL-2026-000691,3558.97,12,3,3502.22,0.058,0,0,0,2078,0.156,0,3486.05,2194627.98,3560.79,0,1.0162,1.0209,56.75,5.689,3,0,0,0.001622,8.177506,1,1.82,0.00051,0,1,0,1,0
HVL-2026-000692,5048.16,14,11,5022.04,0.019,0,0,0,3392,0.229,0,5405.85,1432941.4,5107.97,0,1.0052,0.9338,26.12,9.287,2,0,0,0.003523,8.526977,1,59.82,0.01185,1,0,0,0,1
HVL-2026-000693,2658.17,15,6,2776.14,-0.152,0,0,0,1079,0.195,0,2689.2,3023756.87,2646.93,0,0.9575,0.9885,-117.97,2.954,6,1,0,0.000879,7.885769,1,11.24,0.00423,0,1,0,1,0
HVL-2026-000694,2465.78,13,9,2776.14,-0.399,0,0,0,1079,0.195,0,2718.96,1464441.41,2496.38,0,0.8882,0.9069,-310.37,2.954,6,1,0,0.001684,7.810667,1,30.61,0.01241,0,1,0,1,0
HVL-2026-000695,1710.63,5,6,1682.61,0.059,0,0,0,1110,0.029,0,1650.23,2153493.76,1728.18,0,1.0167,1.0366,28.03,3.039,3,0,1,0.000794,7.445204,1,17.54,0.01025,0,1,0,0,1
HVL-2026-000696,4402.8,6,4,5161.64,-0.525,0,0,0,660,0.063,0,5047.81,2765545.29,4418.16,0,0.853,0.8722,-758.84,1.807,0,0,1,0.001592,8.390222,1,15.36,0.00349,0,1,0,1,0
HVL-2026-000697,1482.46,14,10,1450.06,0.08,0,0,0,1826,0.313,0,1406.95,490309.59,1471.69,0,1.0223,1.0537,32.4,4.999,1,0,0,0.003024,7.302134,1,10.77,0.00727,0,1,0,0,1
HVL-2026-000698,336.08,9,9,371.49,-0.34,0,0,0,837,0.425,0,399.37,547752.89,341.19,0,0.9047,0.8415,-35.41,2.292,6,1,0,0.000614,5.820314,1,5.11,0.0152,0,1,0,1,0
HVL-2026-000699,6762.9,16,2,6000.82,0.454,0,0,0,4246,0.102,0,6207.58,2501622.18,6741.55,0,1.127,1.0895,762.09,11.625,1,0,0,0.002703,8.819356,1,21.35,0.00316,0,1,0,1,0
HVL-2026-000700,392.13,12,6,415.04,-0.197,0,0,0,1005,0.126,0,391.27,1907583.92,395.94,0,0.9448,1.0022,-22.91,2.752,2,0,0,0.000206,5.974141,1,3.81,0.00972,1,0,0,0,1
HVL-2026-000701,10548.14,14,10,9151.08,0.545,0,0,0,3124,0.287,0,8624.63,1827675.86,10626.46,0,1.1527,1.223,1397.06,8.553,2,0,0,0.005771,9.2638,1,78.32,0.00742,0,1,0,1,0
HVL-2026-000702,1863.36,8,6,1564.68,0.682,0,0,0,3933,0.121,0,1459.57,1482173.81,1864.94,0,1.1909,1.2766,298.67,10.768,0,0,0,0.001257,7.530672,1,1.58,0.00085,1,0,0,0,1
HVL-2026-000703,1807.91,11,6,1448.1,0.887,0,0,0,2211,0.492,0,1444.47,491608.98,1819.61,0,1.2485,1.2516,359.81,6.053,3,0,0,0.003678,7.500479,1,11.7,0.00647,1,0,0,0,1
HVL-2026-000704,1236.45,8,8,1237.85,-0.004,0,0,0,4725,0.169,0,1159.23,2304608.38,1250.13,0,0.9989,1.0666,-1.41,12.936,5,1,0,0.000537,7.120804,1,13.69,0.01107,1,0,0,1,0
HVL-2026-000705,7283.92,15,6,7401.97,-0.057,0,0,0,2420,0.108,0,7852.67,614448.73,7184.23,0,0.9841,0.9276,-118.05,6.626,4,0,0,0.011854,8.893561,1,99.69,0.01369,0,1,0,0,1
HVL-2026-000706,4717.7,10,4,5664.74,-0.597,0,0,0,1382,0.168,0,5962.86,1667602.64,4720.41,0,0.8328,0.7912,-947.05,3.784,3,0,0,0.002829,8.459288,1,2.71,0.00057,1,0,0,1,0
HVL-2026-000707,4840.07,3,3,2373.45,3.712,1,0,1,667,0.217,0,2278.56,3117762.12,0.0,1,2.0393,2.1242,2466.61,1.826,4,0,1,0.001552,8.48489,0,0.0,0.0,1,0,0,0,1
HVL-2026-000708,3512.8,17,13,3502.22,0.011,0,0,0,2078,0.156,0,3770.35,3200899.56,3504.94,0,1.003,0.9317,10.58,5.689,0,0,0,0.001097,8.164453,1,7.86,0.00224,1,0,0,0,1
HVL-2026-000709,504.53,12,8,487.73,0.123,0,0,0,1191,0.171,0,479.5,2659910.0,502.09,0,1.0344,1.0522,16.79,3.261,6,1,0,0.00019,6.225599,1,2.43,0.00482,1,0,0,1,0
HVL-2026-000710,4359.64,10,4,4440.2,-0.065,0,0,0,3864,0.376,0,4179.73,1858557.15,4323.27,0,0.9819,1.043,-80.56,10.579,3,0,0,0.002346,8.380374,1,36.37,0.00834,1,0,0,1,0
HVL-2026-000711,2084.07,15,8,1782.04,0.605,0,0,0,337,0.156,0,1886.68,3210305.09,2070.98,0,1.1695,1.1046,302.03,0.923,4,0,0,0.000649,7.642556,1,13.09,0.00628,1,0,0,0,1
HVL-2026-000712,1465.09,21,8,1782.04,-0.635,0,0,0,337,0.156,0,1759.01,2886230.74,1490.36,0,0.8221,0.8329,-316.95,0.923,2,0,1,0.000508,7.290353,1,25.27,0.01725,1,0,0,1,0
HVL-2026-000713,1847.1,18,9,1764.27,0.168,0,0,0,788,0.4,0,1788.99,534197.19,1835.95,0,1.0469,1.0325,82.83,2.157,2,0,0,0.003458,7.521916,1,11.15,0.00604,1,0,0,1,0
HVL-2026-000714,4732.24,14,4,5830.54,-0.673,0,0,0,2143,0.405,0,5982.56,713897.41,0.0,0,0.8116,0.791,-1098.3,5.867,6,1,0,0.006629,8.462366,0,0.0,0.0,1,0,0,0,1
HVL-2026-000715,1756.68,3,7,973.94,2.87,1,1,1,3424,0.381,0,926.79,757934.31,1583.71,0,1.8037,1.8955,782.75,9.374,4,0,1,0.002318,7.471752,1,172.98,0.09847,0,0,1,1,0
HVL-2026-000716,12159.81,6,6,12532.32,-0.106,0,0,0,1486,0.109,0,12866.63,648460.27,12196.54,0,0.9703,0.9451,-372.51,4.068,2,0,1,0.018752,9.405974,1,36.73,0.00302,1,0,0,0,1
HVL-2026-000717,5064.31,7,10,5161.64,-0.067,0,0,0,660,0.063,0,4806.75,2730080.79,5056.72,0,0.9811,1.0536,-97.32,1.807,2,0,1,0.001855,8.530171,1,7.59,0.0015,1,0,0,1,0
HVL-2026-000718,4063.23,7,4,3502.22,0.572,0,0,0,2078,0.156,0,3301.69,1586752.75,4116.57,0,1.1602,1.2307,561.01,5.689,3,0,1,0.002561,8.309979,1,53.34,0.01313,1,0,0,0,1
HVL-2026-000719,389.32,14,7,377.33,0.113,0,0,0,4066,0.401,0,349.17,1859827.88,389.51,0,1.0318,1.115,11.99,11.132,1,0,0,0.000209,5.966966,1,0.19,0.00048,1,0,0,0,1
HVL-2026-000720,2385.14,18,7,2490.88,-0.152,0,0,0,3235,0.278,0,2343.19,1208545.27,2355.23,0,0.9576,1.0179,-105.74,8.857,6,1,0,0.001974,7.777434,1,29.92,0.01254,1,0,0,1,0
HVL-2026-000721,428.55,14,3,414.6,0.12,0,0,0,4130,0.302,0,426.25,2978885.45,435.17,0,1.0336,1.0054,13.95,11.307,2,0,0,0.000144,6.062731,1,6.63,0.01547,1,0,0,1,0
HVL-2026-000722,1590.96,17,9,2254.12,-1.051,0,0,0,4469,0.456,0,2108.52,2716880.69,1607.85,0,0.7058,0.7545,-663.16,12.235,2,0,0,0.000586,7.372719,1,16.89,0.01062,0,0,1,1,0
HVL-2026-000723,1087.89,16,7,949.23,0.522,0,0,0,4586,0.269,0,972.66,1817198.69,1086.39,0,1.1461,1.1185,138.67,12.556,5,1,0,0.000599,6.992916,1,1.5,0.00138,1,0,0,1,0
HVL-2026-000724,415.66,8,10,376.6,0.37,0,0,0,1341,0.139,0,377.55,3042261.25,413.73,0,1.1037,1.101,39.07,3.671,2,0,0,0.000137,6.032281,1,1.93,0.00464,0,1,0,0,1
HVL-2026-000725,4926.97,14,9,4996.01,-0.049,0,0,0,4936,0.215,0,5076.84,478500.4,4931.46,0,0.9862,0.9705,-69.04,13.514,6,1,0,0.010297,8.502683,1,4.49,0.00091,1,0,0,0,1
HVL-2026-000726,6445.21,12,7,5776.67,0.413,0,0,0,4612,0.177,0,5490.67,1752690.0,0.0,0,1.1157,1.1738,668.54,12.627,6,1,0,0.003677,8.771247,0,0.0,0.0,1,0,0,0,1
HVL-2026-000727,2427.51,9,5,2373.45,0.081,0,0,0,667,0.097,0,2466.8,610723.4,0.0,0,1.0228,0.9841,54.05,1.826,2,0,0,0.003975,7.795032,0,0.0,0.0,1,0,0,0,1
HVL-2026-000728,2509.4,13,4,860.0,6.85,0,0,0,596,0.975,0,894.22,1938965.28,2542.88,0,2.9179,2.8062,1649.4,1.632,6,1,0,0.001294,7.828199,1,33.48,0.01334,1,0,0,0,1
HVL-2026-000729,1576.31,8,12,1782.04,-0.412,0,0,0,337,0.156,0,1647.91,1889702.21,1595.63,0,0.8846,0.9566,-205.73,0.923,0,0,0,0.000834,7.363476,1,19.32,0.01226,1,0,0,0,1
HVL-2026-000730,3517.75,11,2,3542.44,-0.025,0,0,0,2861,0.372,0,3773.45,3001146.54,3554.13,0,0.993,0.9322,-24.7,7.833,0,0,0,0.001172,8.16586,1,36.38,0.01034,1,0,0,0,1
HVL-2026-000731,13584.52,17,4,15790.13,-0.499,0,0,0,5072,0.169,0,16536.47,2182506.58,13581.75,0,0.8603,0.8215,-2205.6,13.886,3,0,0,0.006224,9.51676,1,2.77,0.0002,1,0,0,0,1
HVL-2026-000732,2032.43,7,8,2012.87,0.035,0,0,0,4057,0.148,0,1851.93,2344668.89,2059.4,0,1.0097,1.0975,19.56,11.107,6,1,1,0.000867,7.61748,1,26.97,0.01327,1,0,0,0,1
HVL-2026-000733,3447.98,10,9,2960.97,0.587,0,0,0,4175,0.317,0,3123.33,2319818.87,3401.8,0,1.1645,1.1039,487.0,11.431,0,0,0,0.001486,8.145833,1,46.18,0.01339,1,0,0,1,0
HVL-2026-000734,12442.18,17,8,15790.13,-0.757,0,0,0,5072,0.169,0,15398.55,3071029.41,12449.63,0,0.788,0.808,-3347.95,13.886,3,0,0,0.004051,9.428928,1,7.45,0.0006,1,0,0,1,0
HVL-2026-000735,2081.47,14,9,2153.82,-0.12,0,0,0,4230,0.107,0,2148.42,2032817.04,2071.51,0,0.9664,0.9688,-72.34,11.581,4,0,0,0.001024,7.641312,1,9.96,0.00479,0,0,1,1,0
HVL-2026-000736,532.37,16,11,487.73,0.327,0,0,0,1191,0.171,0,496.36,1709138.35,0.0,0,1.0915,1.0726,44.64,3.261,0,0,0,0.000311,6.279217,0,0.0,0.0,1,0,0,0,1
HVL-2026-000737,340.33,14,11,376.6,-0.344,0,0,0,1341,0.139,0,352.08,579688.87,344.49,0,0.9037,0.9666,-36.27,3.671,5,1,0,0.000587,5.832841,1,4.16,0.01222,0,1,0,1,0
HVL-2026-000738,3511.94,18,5,4716.05,-0.912,0,0,0,715,0.238,0,4696.99,766258.42,3537.93,0,0.7447,0.7477,-1204.12,1.958,3,0,0,0.004583,8.164208,1,25.99,0.0074,0,1,0,0,1
HVL-2026-000739,4360.9,16,9,4003.32,0.319,0,0,0,2551,0.416,0,4117.06,543453.42,4327.32,0,1.0893,1.0592,357.58,6.984,4,0,0,0.008024,8.380664,1,33.58,0.0077,1,0,0,0,1
HVL-2026-000740,2201.29,18,7,1968.57,0.422,0,0,0,3302,0.227,0,1968.14,3234611.65,2195.57,0,1.1182,1.1185,232.72,9.04,3,0,0,0.000681,7.697254,1,5.72,0.0026,1,0,0,0,1
HVL-2026-000741,6756.41,11,14,6858.66,-0.053,0,0,0,2571,0.063,0,7154.04,2584084.49,6736.36,0,0.9851,0.9444,-102.25,7.039,3,0,0,0.002615,8.818395,1,20.05,0.00297,1,0,0,0,1
HVL-2026-000742,1984.37,16,10,2011.94,-0.049,0,0,0,3717,0.225,0,2014.53,2491824.29,1987.52,0,0.9863,0.985,-27.57,10.177,1,0,0,0.000796,7.593561,1,3.15,0.00159,1,0,0,1,0
HVL-2026-000743,7859.91,12,4,6696.41,0.621,0,0,0,259,0.108,0,6686.09,2979278.53,7812.48,0,1.1738,1.1756,1163.51,0.709,3,0,0,0.002638,8.969658,1,47.44,0.00604,0,1,0,1,0
HVL-2026-000744,1796.84,12,7,2821.97,-1.297,0,0,0,3722,0.892,0,2787.62,2551089.97,1771.03,0,0.6367,0.6446,-1025.14,10.19,1,0,0,0.000704,7.494339,1,25.8,0.01436,1,0,0,0,1
HVL-2026-000745,1075.95,18,9,1128.38,-0.166,0,0,0,4047,0.22,0,1212.39,3039690.93,1081.77,0,0.9535,0.8875,-52.43,11.08,4,0,0,0.000354,6.981888,1,5.82,0.0054,1,0,0,0,1
HVL-2026-000746,1529.17,9,6,1690.58,-0.341,0,0,0,914,0.187,0,1796.82,630465.48,1534.35,0,0.9045,0.851,-161.41,2.502,3,0,0,0.002425,7.333136,1,5.18,0.00339,1,0,0,1,0
HVL-2026-000747,2052.05,16,9,1866.31,0.355,0,0,0,264,0.199,0,1850.55,2014037.87,2052.93,0,1.0995,1.1089,185.74,0.723,3,0,0,0.001019,7.627083,1,0.88,0.00043,1,0,0,0,1
HVL-2026-000748,1614.16,23,3,724.46,4.386,0,1,1,427,0.423,0,764.89,1285649.05,1627.37,0,2.2281,2.1103,889.7,1.169,6,1,1,0.001256,7.387187,1,13.21,0.00818,1,0,0,0,1
HVL-2026-000749,1550.19,14,9,2193.13,-1.047,0,0,0,195,0.27,0,2127.05,2337757.57,1534.02,0,0.7068,0.7288,-642.94,0.534,1,0,0,0.000663,7.346779,1,16.17,0.01043,1,0,0,0,1
HVL-2026-000750,7702.59,7,9,6858.66,0.439,0,0,0,2571,0.063,0,6463.43,2582278.5,7723.44,0,1.123,1.1917,843.92,7.039,0,0,1,0.002983,8.949441,1,20.86,0.00271,1,0,0,1,0
HVL-2026-000751,8014.75,11,6,6923.81,0.563,0,0,0,1566,0.354,0,7216.96,1046813.41,8042.95,0,1.1576,1.1105,1090.95,4.287,1,0,0,0.007656,8.989164,1,28.2,0.00352,0,1,0,0,1
HVL-2026-000752,1525.89,10,7,1364.19,0.423,0,0,0,2051,0.098,0,1465.86,2799125.51,0.0,0,1.1185,1.0409,161.7,5.615,4,0,0,0.000545,7.330986,0,0.0,0.0,1,0,0,1,0
HVL-2026-000753,2651.23,12,10,2373.45,0.418,0,0,0,667,0.097,0,2521.45,1995641.18,2647.36,0,1.117,1.0515,277.78,1.826,1,0,0,0.001329,7.883156,1,3.87,0.00146,1,0,0,0,1
HVL-2026-000754,5804.16,8,4,6744.84,-0.498,0,0,0,2616,0.634,0,6489.34,872353.39,5764.02,0,0.8605,0.8944,-940.67,7.162,2,0,0,0.006653,8.666503,1,40.15,0.00692,1,0,0,0,1
HVL-2026-000755,2279.22,12,11,2193.13,0.14,0,0,0,195,0.27,0,2206.67,2618068.06,2301.65,0,1.0393,1.0329,86.09,0.534,6,1,0,0.000871,7.732027,1,22.43,0.00984,0,0,1,1,0
HVL-2026-000756,1007.2,12,7,949.23,0.218,0,0,0,4586,0.269,0,897.27,1377196.69,1009.54,0,1.0611,1.1225,57.98,12.556,4,0,0,0.000731,6.915925,1,2.33,0.00232,0,1,0,0,1
HVL-2026-000757,19818.72,8,7,18264.33,0.304,0,0,0,5094,0.254,0,19135.25,729346.36,19721.77,0,1.0851,1.0357,1554.39,13.947,3,0,0,0.027173,9.894433,1,96.95,0.00489,1,0,0,1,0
HVL-2026-000758,1667.14,16,6,1764.27,-0.197,0,0,0,788,0.4,0,1700.44,2794474.2,1675.36,0,0.9449,0.9804,-97.13,2.157,4,0,0,0.000597,7.419467,1,8.22,0.00493,1,0,0,0,1
HVL-2026-000759,3512.24,7,9,3233.38,0.308,0,0,0,2253,0.308,0,3418.02,2720331.1,3462.17,0,1.0862,1.0276,278.87,6.168,6,1,1,0.001291,8.164295,1,50.07,0.01426,0,1,0,0,1
HVL-2026-000760,6476.4,14,9,6916.3,-0.227,0,0,0,256,0.303,0,6957.32,2374192.61,6502.25,0,0.9364,0.9309,-439.9,0.701,6,1,0,0.002728,8.776075,1,25.85,0.00399,1,0,0,0,1
HVL-2026-000761,5527.25,8,9,5851.09,-0.198,0,0,0,1110,0.422,0,5982.2,1748919.45,5565.21,0,0.9447,0.9239,-323.84,3.039,5,1,0,0.00316,8.617626,1,37.96,0.00687,1,0,0,1,0
HVL-2026-000762,2883.24,9,9,3525.31,-0.65,0,0,0,924,0.169,0,3534.05,1353762.11,2879.44,0,0.8179,0.8158,-642.07,2.53,5,1,0,0.00213,7.967016,1,3.8,0.00132,1,0,0,1,0
HVL-2026-000763,20906.6,16,8,19025.37,0.353,0,0,0,3417,0.734,0,20437.53,1642055.66,20828.92,0,1.0989,1.023,1881.23,9.355,5,1,0,0.012732,9.947868,1,77.68,0.00372,1,0,0,0,1
HVL-2026-000764,1941.37,21,6,1420.79,1.309,0,0,0,1064,0.577,0,1391.96,836979.75,0.0,0,1.3664,1.3947,520.58,2.913,3,0,1,0.002319,7.571666,0,0.0,0.0,1,0,0,1,0
HVL-2026-000765,3644.23,16,4,1560.89,4.767,0,1,0,1483,0.261,0,1464.35,1314787.92,3669.83,0,2.3347,2.4886,2083.34,4.06,0,0,0,0.002772,8.201175,1,25.6,0.00702,1,0,0,1,0
HVL-2026-000766,1973.57,15,5,2153.06,-0.298,0,0,0,861,0.052,0,2037.23,491315.88,1955.29,0,0.9166,0.9688,-179.49,2.357,5,1,0,0.004017,7.588105,1,18.28,0.00926,1,0,0,0,1
HVL-2026-000767,2598.36,13,5,1072.31,5.083,0,0,0,2443,0.238,0,1157.76,1260747.2,2617.57,0,2.4231,2.2443,1526.05,6.689,3,0,0,0.002061,7.863019,1,19.22,0.0074,1,0,0,0,1
HVL-2026-000768,1511.02,18,5,1450.06,0.15,0,0,0,1826,0.313,0,1493.66,1772094.92,0.0,0,1.042,1.0116,60.96,4.999,3,0,0,0.000853,7.3212,0,0.0,0.0,0,1,0,0,1
HVL-2026-000769,3334.44,16,5,2960.97,0.45,0,0,0,4175,0.317,0,2907.03,1853720.63,3332.98,0,1.1261,1.147,373.47,11.431,3,0,0,0.001799,8.112361,1,1.46,0.00044,0,1,0,1,0
HVL-2026-000770,403.7,8,8,371.49,0.31,0,0,0,837,0.425,0,399.49,1147848.03,399.78,0,1.0867,1.0105,32.21,2.292,6,1,0,0.000352,6.003134,1,3.92,0.0097,0,1,0,1,0
HVL-2026-000771,5328.58,9,6,5161.64,0.116,0,0,0,660,0.063,0,5144.47,2029887.61,5349.99,0,1.0323,1.0358,166.94,1.807,6,1,0,0.002625,8.581027,1,21.41,0.00402,1,0,0,0,1
HVL-2026-000772,1741.75,17,5,1690.58,0.108,0,0,0,914,0.187,0,1590.26,2531758.47,1728.2,0,1.0303,1.0953,51.18,2.502,3,0,0,0.000688,7.463222,1,13.56,0.00778,1,0,0,0,1
HVL-2026-000773,2233.76,10,7,2011.94,0.394,0,0,0,3717,0.225,0,1890.28,2017157.89,2223.02,0,1.1103,1.1817,221.83,10.177,1,0,0,0.001107,7.711891,1,10.75,0.00481,1,0,0,1,0
HVL-2026-000774,1351.87,13,10,1275.73,0.213,0,0,0,4539,0.681,0,1260.25,2167098.52,1351.96,0,1.0597,1.0727,76.15,12.427,3,0,0,0.000624,7.209987,1,0.09,6e-05,1,0,0,0,1
HVL-2026-000775,17220.72,17,4,15778.88,0.326,0,0,0,3197,0.53,0,16447.64,2599269.93,17619.57,0,1.0914,1.047,1441.84,8.753,5,1,0,0.006625,9.753927,1,398.85,0.02316,1,0,0,0,1
HVL-2026-000776,936.09,17,7,928.61,0.029,0,0,0,1008,0.115,0,951.44,2095391.5,935.36,0,1.0081,0.9839,7.48,2.76,1,0,0,0.000447,6.842777,1,0.73,0.00078,1,0,0,1,0
HVL-2026-000777,316.05,9,9,376.6,-0.574,0,0,0,1341,0.139,0,361.56,2934151.13,317.5,0,0.8392,0.8741,-60.55,3.671,6,1,0,0.000108,5.75906,1,1.45,0.0046,1,0,0,1,0
HVL-2026-000778,881.24,8,9,973.94,-0.34,0,0,0,3424,0.161,0,1044.86,1842803.87,879.04,0,0.9048,0.8434,-92.7,9.374,5,1,0,0.000478,6.782465,1,2.2,0.0025,1,0,0,0,1
HVL-2026-000779,1592.03,16,4,1560.89,0.071,0,0,0,1483,0.161,0,1575.87,3178765.39,1591.47,0,1.02,1.0103,31.15,4.06,0,0,0,0.000501,7.373396,1,0.57,0.00036,1,0,0,1,0
HVL-2026-000780,1632.15,8,10,1690.58,-0.123,0,0,0,914,0.187,0,1751.16,757500.34,1632.51,0,0.9654,0.932,-58.43,2.502,5,1,0,0.002155,7.398264,1,0.36,0.00022,1,0,0,0,1
HVL-2026-000781,4606.15,18,5,5830.54,-0.75,0,0,0,2143,0.405,0,6172.17,2707537.05,4622.04,0,0.79,0.7463,-1224.39,5.867,5,1,0,0.001701,8.435365,1,15.88,0.00345,0,1,0,0,1
HVL-2026-000782,3806.01,14,6,3199.53,0.677,0,0,0,3899,0.359,0,3079.59,476200.57,3836.83,0,1.1896,1.2359,606.48,10.675,0,0,0,0.007992,8.244598,1,30.82,0.0081,1,0,0,0,1
HVL-2026-000783,17029.32,7,3,19610.46,-0.47,0,0,0,4971,0.081,0,20278.85,1393491.23,17048.53,0,0.8684,0.8398,-2581.13,13.61,0,0,1,0.012221,9.742751,1,19.21,0.00113,0,1,0,0,1
HVL-2026-000784,8361.98,16,7,8086.32,0.122,0,0,0,4552,0.072,0,8158.25,1480977.91,8433.04,0,1.0341,1.025,275.65,12.463,5,1,0,0.005646,9.03157,1,71.07,0.0085,1,0,0,0,1
HVL-2026-000785,1401.66,16,6,1306.89,0.259,0,0,0,3592,0.28,0,1277.85,3092650.14,1398.18,0,1.0725,1.0969,94.77,9.834,1,0,0,0.000453,7.246125,1,3.48,0.00248,1,0,0,0,1
HVL-2026-000786,9080.17,7,11,8188.69,0.389,0,0,0,3323,0.307,0,8222.42,1053752.09,9120.41,0,1.1089,1.1043,891.48,9.098,1,0,1,0.008617,9.113959,1,40.24,0.00443,1,0,0,1,0
HVL-2026-000787,1731.78,12,4,1682.61,0.104,0,0,0,1110,0.029,0,1782.36,458171.47,1719.51,0,1.0292,0.9716,49.17,3.039,5,1,0,0.00378,7.457482,1,12.27,0.00709,0,1,0,0,1
HVL-2026-000788,1877.54,18,1,1690.58,0.395,0,0,0,914,0.187,0,1754.94,492365.72,1891.57,0,1.1106,1.0699,186.96,2.502,1,0,0,0.003813,7.538248,1,14.03,0.00747,0,1,0,0,1
HVL-2026-000789,2209.88,16,8,2009.13,0.357,0,0,0,1511,0.346,0,2021.22,1003848.77,2207.69,0,1.0999,1.0933,200.75,4.137,3,0,0,0.002201,7.701145,1,2.18,0.00099,1,0,0,0,1
HVL-2026-000790,1743.61,15,12,1898.39,-0.291,0,0,0,3011,0.121,0,1818.98,1631892.72,1728.85,0,0.9185,0.9586,-154.78,8.244,5,1,0,0.001068,7.464288,1,14.76,0.00847,0,1,0,1,0
HVL-2026-000791,1585.46,20,6,1846.71,-0.505,0,0,0,3971,0.448,0,1851.89,637437.58,1578.56,0,0.8585,0.8561,-261.25,10.872,3,0,1,0.002487,7.369262,1,6.91,0.00436,1,0,0,1,0
HVL-2026-000792,993.33,14,5,1420.79,-1.074,0,0,0,1064,0.577,0,1369.37,1826409.27,990.41,0,0.6991,0.7254,-427.46,2.913,5,1,0,0.000544,6.902073,1,2.93,0.00295,0,0,1,1,0
HVL-2026-000793,917.46,10,11,1275.73,-1.003,0,0,0,4539,0.681,0,1310.59,1951196.12,919.55,0,0.7192,0.7,-358.27,12.427,4,0,0,0.00047,6.822698,1,2.09,0.00228,0,1,0,1,0
HVL-2026-000794,1429.95,13,7,1318.05,0.303,0,0,0,684,0.17,0,1223.45,2151270.9,1439.22,0,1.0849,1.1688,111.9,1.873,3,0,0,0.000665,7.266094,1,9.27,0.00648,1,0,0,1,0
HVL-2026-000795,453.43,13,6,414.6,0.334,0,0,0,4130,0.302,0,391.4,1914051.86,449.28,0,1.0937,1.1585,38.83,11.307,2,0,0,0.000237,6.119037,1,4.14,0.00914,0,1,0,0,1
HVL-2026-000796,2264.85,15,6,2373.45,-0.163,0,0,0,667,0.097,0,2414.3,927132.27,2280.0,0,0.9542,0.9381,-108.61,1.826,3,0,0,0.002443,7.725704,1,15.15,0.00669,1,0,0,0,1
HVL-2026-000797,2001.35,17,7,868.45,4.659,0,0,0,223,0.168,0,865.15,2728571.52,1799.78,1,2.3045,2.3133,1132.9,0.611,0,0,0,0.000733,7.602078,1,201.57,0.10072,0,1,0,0,1
HVL-2026-000798,2698.41,15,7,2254.12,0.704,0,0,0,4469,0.456,0,2161.26,556262.16,2697.81,0,1.1971,1.2485,444.29,12.235,6,1,0,0.004851,7.900788,1,0.6,0.00022,1,0,0,1,0
HVL-2026-000799,13809.6,7,6,12532.32,0.364,0,0,0,1486,0.109,0,13355.93,2456288.52,13864.89,0,1.1019,1.034,1277.28,4.068,4,0,1,0.005622,9.533192,1,55.29,0.004,1,0,0,1,0
HVL-2026-000800,3987.1,16,5,4537.95,-0.434,0,0,0,2321,0.201,0,4225.71,2609627.07,4014.77,0,0.8786,0.9435,-550.85,6.355,6,1,0,0.001528,8.291071,1,27.67,0.00694,0,1,0,1,0
HVL-2026-000801,1037.1,15,9,1450.06,-1.017,0,0,0,1826,0.313,0,1419.94,2747071.49,0.0,0,0.7152,0.7304,-412.96,4.999,2,0,0,0.000378,6.945147,0,0.0,0.0,0,1,0,0,1
HVL-2026-000802,1779.15,21,8,1897.87,-0.223,0,0,0,205,0.125,0,1992.53,513524.27,1794.78,0,0.9374,0.8929,-118.72,0.561,1,0,1,0.003465,7.484453,1,15.63,0.00879,1,0,0,0,1
HVL-2026-000803,1017.84,8,3,1032.94,-0.052,0,0,0,661,0.227,0,950.96,2181610.9,1011.92,0,0.9854,1.0703,-15.1,1.81,2,0,0,0.000467,6.926421,1,5.92,0.00582,0,1,0,0,1
HVL-2026-000804,795.65,16,8,860.0,-0.267,0,0,0,596,0.975,0,811.41,1726821.22,795.53,0,0.9252,0.9806,-64.35,1.632,5,1,0,0.000461,6.680419,1,0.12,0.00016,1,0,0,0,1
HVL-2026-000805,10131.42,17,8,9151.08,0.383,0,0,0,3124,0.287,0,9401.37,3015172.93,10047.43,0,1.1071,1.0777,980.34,8.553,0,0,0,0.00336,9.223495,1,83.99,0.00829,0,1,0,1,0
HVL-2026-000806,377.54,10,3,377.33,0.002,0,0,0,4066,0.401,0,394.81,1294783.91,381.16,0,1.0006,0.9563,0.21,11.132,1,0,0,0.000292,5.936335,1,3.61,0.00956,0,1,0,1,0
HVL-2026-000807,15034.78,13,5,13005.93,0.557,0,0,0,2474,0.411,0,12645.22,3052360.53,14873.17,0,1.156,1.189,2028.85,6.773,1,0,0,0.004926,9.618188,1,161.61,0.01075,1,0,0,0,1
HVL-2026-000808,338.79,9,9,376.6,-0.359,0,0,0,1341,0.139,0,364.01,2189908.81,337.54,0,0.8996,0.9307,-37.81,3.671,1,0,0,0.000155,5.828318,1,1.25,0.00368,1,0,0,0,1
HVL-2026-000809,9555.32,11,6,10087.39,-0.188,0,0,0,1318,0.465,0,10013.64,2570962.83,9464.33,0,0.9473,0.9542,-532.07,3.608,2,0,0,0.003717,9.164958,1,90.99,0.00952,1,0,0,1,0
HVL-2026-000810,3778.36,7,7,1318.05,6.667,1,0,0,684,0.29,0,1270.75,554839.07,3772.22,0,2.8666,2.9733,2460.32,1.873,0,0,1,0.00681,8.237311,1,6.15,0.00163,0,1,0,1,0
HVL-2026-000811,8052.86,18,9,6916.3,0.587,0,0,0,256,0.303,0,7110.15,3119914.44,8029.91,0,1.1643,1.1326,1136.56,0.701,1,0,0,0.002581,8.993907,1,22.95,0.00285,1,0,0,1,0
HVL-2026-000812,354.98,11,8,371.49,-0.159,0,0,0,837,0.425,0,349.81,3236976.15,362.71,0,0.9556,1.0148,-16.51,2.292,5,1,0,0.00011,5.874869,1,7.73,0.02179,0,0,1,1,0
HVL-2026-000813,2134.37,9,7,3858.96,-1.596,0,0,0,4092,0.443,0,4076.88,2862512.21,2131.48,0,0.5531,0.5235,-1724.6,11.203,6,1,0,0.000746,7.666395,1,2.89,0.00135,1,0,0,0,1
HVL-2026-000814,2285.23,12,4,2452.55,-0.244,0,0,0,3935,0.283,0,2535.76,1424411.68,2279.47,0,0.9318,0.9012,-167.32,10.773,5,1,0,0.001604,7.734661,1,5.76,0.00252,1,0,0,0,1
HVL-2026-000815,921.08,14,4,868.45,0.216,0,0,0,223,0.168,0,833.07,2415648.96,919.74,0,1.0606,1.1056,52.63,0.611,3,0,0,0.000381,6.826635,1,1.35,0.00146,1,0,0,1,0
HVL-2026-000816,19557.18,8,8,15778.88,0.855,0,0,0,3197,0.53,0,16683.84,871104.04,19276.73,0,1.2395,1.1722,3778.3,8.753,5,1,0,0.022451,9.881149,1,280.45,0.01434,1,0,0,0,1
HVL-2026-000817,3908.95,7,7,3840.83,0.063,0,0,0,5195,0.117,0,3985.46,2266234.12,3881.15,0,1.0177,0.9808,68.12,14.223,5,1,1,0.001725,8.271281,1,27.81,0.00711,1,0,0,1,0
HVL-2026-000818,802.27,18,3,858.7,-0.235,0,0,0,4441,0.265,0,917.31,2370087.38,804.44,0,0.9343,0.8746,-56.42,12.159,2,0,0,0.000339,6.688697,1,2.16,0.0027,0,0,1,0,1
HVL-2026-000819,2661.09,12,8,2373.45,0.433,0,0,0,667,0.097,0,2234.72,689636.24,2603.49,0,1.1212,1.1908,287.64,1.826,2,0,0,0.003859,7.886867,1,57.61,0.02165,1,0,0,0,1
HVL-2026-000820,2182.54,16,10,2153.06,0.049,0,0,0,861,0.052,0,2083.28,1205825.84,2213.64,0,1.0137,1.0476,29.49,2.357,0,0,0,0.00181,7.688705,1,31.09,0.01425,1,0,0,0,1
HVL-2026-000821,7873.07,7,4,7508.21,0.174,0,0,0,956,0.266,0,7342.32,2072652.78,7932.51,0,1.0486,1.0723,364.86,2.617,6,1,1,0.003799,8.97133,1,59.45,0.00755,0,1,0,0,1
HVL-2026-000822,4034.84,7,5,4996.01,-0.687,0,0,0,4936,0.215,0,4746.8,2819679.43,4041.35,0,0.8076,0.85,-961.17,13.514,3,0,1,0.001431,8.30297,1,6.51,0.00161,0,1,0,0,1
HVL-2026-000823,385.65,15,5,377.33,0.079,0,0,0,4066,0.401,0,373.06,1407883.59,385.37,0,1.022,1.0337,8.32,11.132,1,0,0,0.000274,5.957532,1,0.28,0.00073,1,0,0,0,1
HVL-2026-000824,14225.87,15,3,15229.09,-0.235,0,0,0,3484,0.59,0,15512.77,991471.31,14291.66,0,0.9341,0.917,-1003.22,9.539,6,1,0,0.014348,9.562888,1,65.79,0.00462,1,0,0,0,1
HVL-2026-000825,4084.29,15,6,3840.83,0.226,0,0,0,5195,0.117,0,3820.36,1549465.45,4116.64,0,1.0634,1.0691,243.46,14.223,0,0,0,0.002636,8.315149,1,32.34,0.00792,0,1,0,0,1
HVL-2026-000826,1855.36,13,4,2452.54,-0.87,0,0,0,80,0.058,0,2321.97,622280.62,1858.25,0,0.7565,0.799,-597.18,0.219,4,0,0,0.002982,7.526373,1,2.89,0.00156,0,1,0,0,1
HVL-2026-000827,3394.51,10,9,3216.47,0.198,0,0,0,4933,0.47,0,3027.98,2079590.65,3417.1,0,1.0554,1.121,178.04,13.506,0,0,0,0.001632,8.130209,1,22.59,0.00666,1,0,0,1,0
HVL-2026-000828,4981.07,18,5,4716.05,0.201,0,0,0,715,0.238,0,4409.72,1331290.73,4942.41,0,1.0562,1.1296,265.02,1.958,5,1,0,0.003742,8.513601,1,38.66,0.00776,1,0,0,1,0
HVL-2026-000829,7045.67,23,7,3199.53,4.293,1,0,1,3899,0.479,0,3319.23,2283254.73,7076.59,0,2.2021,2.1227,3846.14,10.675,2,0,1,0.003086,8.86031,1,30.92,0.00439,0,0,1,0,1
HVL-2026-000830,1759.39,6,8,2153.82,-0.654,0,0,0,4230,0.107,0,2131.5,1552064.47,1740.88,0,0.8169,0.8254,-394.43,11.581,6,1,1,0.001134,7.473289,1,18.51,0.01052,1,0,0,0,1
HVL-2026-000831,1556.17,12,3,1420.79,0.34,0,0,0,1064,0.577,0,1455.49,1603513.06,1557.62,0,1.0953,1.0692,135.37,2.913,4,0,0,0.00097,7.350624,1,1.45,0.00093,0,1,0,0,1
HVL-2026-000832,2244.63,15,8,2166.75,0.128,0,0,0,1981,0.429,0,2008.76,2995851.08,2241.53,0,1.0359,1.1174,77.88,5.424,5,1,0,0.000749,7.716743,1,3.1,0.00138,0,1,0,1,0
HVL-2026-000833,880.3,8,6,858.7,0.09,0,0,0,4441,0.265,0,909.17,1603467.58,0.0,0,1.0252,0.9683,21.61,12.159,2,0,0,0.000549,6.781401,0,0.0,0.0,1,0,0,1,0
HVL-2026-000834,2180.01,11,10,2011.94,0.298,0,0,0,3717,0.225,0,1898.82,2373460.1,2130.22,0,1.0835,1.1481,168.07,10.177,4,0,0,0.000918,7.687544,1,49.79,0.02284,0,0,1,0,1
HVL-2026-000835,2046.75,20,7,1846.71,0.387,0,0,0,3971,0.448,0,1878.31,2756874.89,2050.86,0,1.1083,1.0897,200.05,10.872,4,0,1,0.000742,7.624499,1,4.1,0.002,1,0,0,0,1
HVL-2026-000836,411.55,16,8,415.04,-0.03,0,0,0,1005,0.126,0,409.74,2922584.23,410.91,0,0.9916,1.0044,-3.48,2.752,4,0,0,0.000141,6.022369,1,0.64,0.00155,0,1,0,1,0
HVL-2026-000837,949.48,11,8,858.7,0.378,0,0,0,4441,0.265,0,800.32,1286066.38,957.41,0,1.1057,1.1864,90.78,12.159,0,0,0,0.000738,6.856967,1,7.93,0.00836,1,0,0,1,0
HVL-2026-000838,2396.84,15,9,2166.75,0.379,0,0,0,1981,0.429,0,2274.99,602370.56,2384.31,0,1.1062,1.0536,230.1,5.424,2,0,0,0.003979,7.782325,1,12.53,0.00523,0,1,0,0,1
HVL-2026-000839,3054.58,9,3,2776.14,0.358,0,0,0,1079,0.195,0,2822.1,1876108.03,3056.95,0,1.1003,1.0824,278.44,2.954,2,0,0,0.001628,8.024725,1,2.36,0.00077,1,0,0,1,0
HVL-2026-000840,1413.33,14,12,1409.4,0.01,0,0,0,2097,0.119,0,1471.75,1771822.65,1404.15,0,1.0028,0.9603,3.93,5.741,0,0,0,0.000798,7.254413,1,9.18,0.00649,0,1,0,0,1
HVL-2026-000841,5369.72,8,4,4537.95,0.655,0,0,0,2321,0.201,0,4196.99,1337980.24,5401.7,0,1.1833,1.2794,831.77,6.355,3,0,0,0.004013,8.588716,1,31.99,0.00596,1,0,0,1,0
HVL-2026-000842,761.76,12,8,1016.33,-0.895,0,0,0,388,0.045,0,964.52,2674907.34,767.18,0,0.7495,0.7898,-254.57,1.062,6,1,0,0.000285,6.636944,1,5.42,0.00711,1,0,0,1,0
HVL-2026-000843,9903.9,17,8,10772.71,-0.288,0,0,0,570,0.903,0,10240.16,3100920.02,9982.25,0,0.9194,0.9672,-868.81,1.561,4,0,0,0.003194,9.200785,1,78.35,0.00791,0,1,0,1,0
HVL-2026-000844,1323.2,16,4,1448.1,-0.308,0,0,0,2211,0.492,0,1471.83,912513.78,0.0,0,0.9138,0.899,-124.9,6.053,2,0,0,0.00145,7.188565,0,0.0,0.0,1,0,0,0,1
HVL-2026-000845,11906.43,12,7,10034.06,0.666,0,0,0,2157,0.087,0,9995.16,1374625.92,11844.16,0,1.1866,1.1912,1872.37,5.906,2,0,0,0.008662,9.384918,1,62.27,0.00523,0,0,1,1,0
HVL-2026-000846,9806.07,9,6,8857.75,0.382,0,0,0,4422,0.938,0,8262.32,1260515.36,9860.59,0,1.1071,1.1868,948.31,12.107,3,0,0,0.007779,9.190859,1,54.52,0.00556,1,0,0,1,0
HVL-2026-000847,32682.22,10,5,15229.09,4.093,0,0,0,3484,0.59,0,15181.39,2254618.87,32637.33,0,2.146,2.1528,17453.13,9.539,5,1,0,0.014496,10.394617,1,44.89,0.00137,1,0,0,0,1
HVL-2026-000848,1660.07,8,4,1603.64,0.126,0,0,0,1766,0.055,0,1720.84,1895677.3,1685.35,0,1.0352,0.9647,56.42,4.835,2,0,0,0.000876,7.415215,1,25.28,0.01523,1,0,0,0,1
HVL-2026-000849,6142.21,9,6,6000.82,0.084,0,0,0,4246,0.102,0,6422.15,2761910.7,6224.0,0,1.0236,0.9564,141.4,11.625,0,0,0,0.002224,8.723103,1,81.78,0.01332,0,1,0,0,1
HVL-2026-000850,247.83,10,8,248.57,-0.009,0,0,0,1763,0.414,0,254.79,2066086.77,250.71,0,0.997,0.9727,-0.74,4.827,4,0,0,0.00012,5.516761,1,2.88,0.01163,1,0,0,1,0
HVL-2026-000851,4812.64,8,7,4878.86,-0.048,0,0,0,2772,0.199,0,5072.4,482223.21,4775.51,0,0.9864,0.9488,-66.23,7.589,3,0,0,0.00998,8.479209,1,37.13,0.00772,1,0,0,1,0
HVL-2026-000852,732.31,15,12,705.22,0.137,0,0,0,535,0.042,0,655.82,1451906.6,742.18,0,1.0384,1.1166,27.09,1.465,3,0,0,0.000504,6.597569,1,9.87,0.01348,1,0,0,0,1
HVL-2026-000853,1439.35,15,8,1237.85,0.581,0,0,0,4725,0.169,0,1173.98,2690069.96,1438.21,0,1.1628,1.226,201.5,12.936,0,0,0,0.000535,7.272644,1,1.15,0.0008,0,1,0,0,1
HVL-2026-000854,1197.39,11,8,973.94,0.819,0,0,0,3424,0.161,0,1033.23,2160295.89,1210.91,0,1.2294,1.1589,223.45,9.374,1,0,0,0.000554,7.088734,1,13.52,0.01129,0,1,0,1,0
HVL-2026-000855,4357.71,6,8,4388.99,-0.025,0,0,0,3415,0.152,0,4190.96,2184806.32,4419.59,0,0.9929,1.0398,-31.27,9.35,1,0,1,0.001995,8.379932,1,61.87,0.0142,1,0,0,0,1
HVL-2026-000856,956.69,10,3,1420.79,-1.167,0,0,0,1064,0.577,0,1491.11,649330.36,953.45,0,0.6733,0.6416,-464.1,2.913,6,1,0,0.001473,6.864524,1,3.24,0.00339,1,0,0,1,0
HVL-2026-000857,9618.11,8,5,10772.71,-0.383,0,0,0,570,0.903,0,10045.66,1410306.7,9564.15,0,0.8928,0.9574,-1154.6,1.561,1,0,0,0.00682,9.171507,1,53.96,0.00561,0,1,0,1,0
HVL-2026-000858,1803.42,5,9,1690.58,0.238,0,0,0,914,0.187,0,1779.8,1930843.32,1798.38,0,1.0667,1.0133,112.84,2.502,3,0,1,0.000934,7.497992,1,5.04,0.0028,1,0,0,1,0
HVL-2026-000859,923.7,10,6,949.23,-0.096,0,0,0,4586,0.269,0,888.87,1091240.26,915.73,0,0.9731,1.0392,-25.52,12.556,1,0,0,0.000846,6.829474,1,7.98,0.00864,1,0,0,1,0
HVL-2026-000860,2039.5,17,8,1436.87,1.498,0,0,0,4411,0.467,0,1397.23,1314610.72,2025.57,0,1.4194,1.4597,602.63,12.077,4,0,0,0.001551,7.620952,1,13.94,0.00683,1,0,0,0,1
HVL-2026-000861,3235.55,13,9,2635.6,0.813,0,0,0,4423,0.269,0,2531.14,574878.3,0.0,0,1.2276,1.2783,599.94,12.11,0,0,0,0.005628,8.082262,0,0.0,0.0,0,1,0,0,1
HVL-2026-000862,2241.35,18,8,2490.88,-0.358,0,0,0,3235,0.278,0,2390.16,1066372.08,2261.16,0,0.8998,0.9377,-249.53,8.857,4,0,0,0.002102,7.71528,1,19.81,0.00884,0,1,0,1,0
HVL-2026-000863,1564.15,8,7,1690.58,-0.267,0,0,0,914,0.187,0,1758.41,1746945.65,1581.75,0,0.9252,0.8895,-126.43,2.502,6,1,0,0.000895,7.355737,1,17.6,0.01126,1,0,0,1,0
HVL-2026-000864,13902.98,16,2,15229.09,-0.311,0,0,0,3484,0.59,0,15315.59,583962.72,13837.98,0,0.9129,0.9078,-1326.12,9.539,0,0,0,0.023808,9.53993,1,64.99,0.00467,1,0,0,1,0
HVL-2026-000865,2117.87,9,5,2026.7,0.161,0,0,0,2641,0.218,0,2006.35,1038674.49,2126.74,0,1.045,1.0556,91.16,7.231,5,1,0,0.002039,7.658636,1,8.87,0.00419,1,0,0,0,1
HVL-2026-000866,2401.48,15,4,2821.97,-0.532,0,0,0,3722,0.892,0,2929.79,1329267.9,2384.49,0,0.851,0.8197,-420.49,10.19,2,0,0,0.001807,7.784259,1,17.0,0.00708,0,0,1,0,1
HVL-2026-000867,777.46,12,7,973.94,-0.72,0,0,0,3424,0.161,0,1044.72,1177363.73,776.67,0,0.7983,0.7442,-196.47,9.374,2,0,0,0.00066,6.657323,1,0.79,0.00102,1,0,0,0,1
HVL-2026-000868,472.74,5,4,418.57,0.462,0,0,0,3196,0.295,0,425.69,2529247.56,468.36,0,1.1294,1.1105,54.17,8.75,0,0,1,0.000187,6.160666,1,4.38,0.00926,1,0,0,0,1
HVL-2026-000869,2031.37,15,7,1952.74,0.144,0,0,0,3435,0.21,0,1961.72,1775638.89,2020.52,0,1.0403,1.0355,78.63,9.405,5,1,0,0.001144,7.616959,1,10.85,0.00534,0,1,0,0,1
HVL-2026-000870,535.27,16,2,487.73,0.348,0,0,0,1191,0.171,0,510.32,3014244.18,530.5,0,1.0975,1.0489,47.54,3.261,3,0,0,0.000178,6.284637,1,4.77,0.00891,1,0,0,0,1
HVL-2026-000871,3232.03,7,10,3324.92,-0.1,0,0,0,3246,0.201,0,3317.68,1027837.54,3175.49,0,0.9721,0.9742,-92.89,8.887,3,0,1,0.003144,8.081175,1,56.54,0.01749,0,1,0,1,0
HVL-2026-000872,3087.31,11,6,3502.22,-0.423,0,0,0,2078,0.156,0,3545.25,3006760.78,3066.89,0,0.8815,0.8708,-414.9,5.689,6,1,0,0.001027,8.03538,1,20.42,0.00661,1,0,0,1,0
HVL-2026-000873,1589.4,9,5,2153.82,-0.936,0,0,0,4230,0.107,0,2016.83,1658895.26,1585.82,0,0.7379,0.7881,-564.42,11.581,3,0,0,0.000958,7.371738,1,3.58,0.00225,1,0,0,1,0
HVL-2026-000874,2163.83,10,6,860.0,5.415,1,1,0,596,0.99,0,837.61,2652114.03,2179.11,0,2.5161,2.5833,1303.83,1.632,5,1,0,0.000816,7.680095,1,15.28,0.00706,1,0,0,1,0
HVL-2026-000875,13484.48,10,9,12532.32,0.271,0,0,0,1486,0.109,0,12768.35,2474351.37,13555.88,0,1.076,1.0561,952.16,4.068,6,1,0,0.00545,9.509369,1,71.4,0.00529,1,0,0,1,0
HVL-2026-000876,3374.76,8,5,3525.31,-0.153,0,0,0,924,0.169,0,3761.59,1162520.83,3348.32,0,0.9573,0.8972,-150.55,2.53,2,0,0,0.002903,8.124377,1,26.44,0.00784,0,1,0,0,1
HVL-2026-000877,6214.27,7,6,3216.47,3.329,1,0,0,4933,0.59,0,3146.28,622136.91,5973.16,1,1.932,1.9751,2997.8,13.506,2,0,1,0.009989,8.734764,1,241.11,0.0388,0,1,0,0,1
HVL-2026-000878,1775.45,6,8,1603.64,0.383,0,0,0,1766,0.055,0,1607.9,610655.9,1764.28,0,1.1071,1.1042,171.81,4.835,0,0,1,0.002907,7.482373,1,11.17,0.00629,1,0,0,1,0
HVL-2026-000879,3410.06,5,7,3233.38,0.195,0,0,0,2253,0.308,0,3027.63,2811247.64,3402.75,0,1.0546,1.1263,176.69,6.168,3,0,1,0.001213,8.13478,1,7.31,0.00214,0,1,0,0,1
HVL-2026-000880,2352.52,14,5,2153.06,0.331,0,0,0,861,0.052,0,2182.74,2192641.14,0.0,0,1.0926,1.0778,199.46,2.357,4,0,0,0.001073,7.763667,0,0.0,0.0,1,0,0,1,0
HVL-2026-000881,1568.01,14,7,1436.87,0.326,0,0,0,4411,0.467,0,1527.69,3065891.0,1572.19,0,1.0913,1.0264,131.14,12.077,6,1,0,0.000511,7.358197,1,4.18,0.00267,0,1,0,0,1
HVL-2026-000882,5582.51,1,1,2960.97,3.162,0,0,1,4175,0.317,0,2772.54,1261117.93,5596.12,0,1.8854,2.0135,2621.54,11.431,5,1,1,0.004427,8.627573,1,13.61,0.00244,1,0,0,1,0
HVL-2026-000883,4834.59,13,5,4716.05,0.09,0,0,0,715,0.238,0,5054.94,1548299.84,4863.8,0,1.0251,0.9564,118.54,1.958,0,0,0,0.003123,8.483759,1,29.21,0.00604,1,0,0,1,0
HVL-2026-000884,3326.61,12,3,2245.57,1.719,0,1,0,4781,0.492,0,2146.35,2940230.81,3595.89,0,1.4814,1.5499,1081.04,13.09,5,1,0,0.001131,8.110009,1,269.28,0.08095,1,0,0,1,0
HVL-2026-000885,5730.49,17,10,5826.79,-0.059,0,0,0,1485,0.396,0,5781.03,2049247.65,5692.28,0,0.9835,0.9913,-96.3,4.066,2,0,0,0.002796,8.653731,1,38.22,0.00667,1,0,0,0,1
HVL-2026-000886,1956.23,15,12,2029.54,-0.129,0,0,0,210,0.147,0,1914.3,1355164.33,1953.37,0,0.9639,1.0219,-73.31,0.575,2,0,0,0.001444,7.579285,1,2.86,0.00146,0,1,0,1,0
HVL-2026-000887,3778.08,18,2,3736.87,0.039,0,0,0,1518,0.35,0,3733.8,3014175.72,3770.55,0,1.011,1.0119,41.2,4.156,1,0,0,0.001253,8.237235,1,7.52,0.00199,1,0,0,1,0
HVL-2026-000888,2758.04,20,9,2130.45,1.052,0,0,0,3136,0.346,0,2207.01,879036.23,2757.92,0,1.2946,1.2497,627.59,8.586,3,0,1,0.003138,7.922637,1,0.12,4e-05,1,0,0,0,1
HVL-2026-000889,3816.51,20,4,3233.38,0.644,0,0,0,2253,0.308,0,3319.66,2794450.71,3859.42,0,1.1804,1.1497,583.14,6.168,3,0,1,0.001366,8.247355,1,42.9,0.01124,0,1,0,0,1
HVL-2026-000890,3551.29,16,5,1682.69,3.966,1,0,0,1144,0.369,0,1776.05,2297223.29,3563.1,0,2.1105,1.9995,1868.59,3.132,1,0,0,0.001546,8.175347,1,11.82,0.00333,1,0,0,0,1
HVL-2026-000891,13857.64,10,8,12532.32,0.378,0,0,0,1486,0.109,0,12302.08,835648.23,14028.17,0,1.1058,1.1264,1325.32,4.068,3,0,0,0.016583,9.536664,1,170.53,0.01231,0,1,0,1,0
HVL-2026-000892,1625.07,13,9,1677.08,-0.111,0,0,0,381,0.421,0,1793.85,1802587.55,1635.31,0,0.969,0.9059,-52.02,1.043,6,1,0,0.000902,7.39392,1,10.24,0.0063,1,0,0,0,1
HVL-2026-000893,6309.22,8,11,4996.01,0.939,0,0,0,4936,0.215,0,5158.38,2953336.27,6325.34,0,1.2629,1.2231,1313.2,13.514,1,0,0,0.002136,8.749925,1,16.12,0.00256,1,0,0,1,0
HVL-2026-000894,1794.87,14,5,1866.31,-0.137,0,0,0,264,0.199,0,1986.99,2898917.15,1791.25,0,0.9617,0.9033,-71.45,0.723,1,0,0,0.000619,7.493242,1,3.62,0.00201,0,1,0,1,0
HVL-2026-000895,4447.13,13,10,4315.98,0.109,0,0,0,4029,0.249,0,4180.8,1489957.33,0.0,0,1.0304,1.0637,131.15,11.031,3,0,0,0.002985,8.400239,0,0.0,0.0,0,1,0,0,1
HVL-2026-000896,243.49,6,12,248.57,-0.064,0,0,0,1763,0.414,0,252.75,1722403.99,245.78,0,0.9796,0.9634,-5.08,4.827,2,0,1,0.000141,5.49916,1,2.29,0.00942,1,0,0,1,0
HVL-2026-000897,1336.25,8,6,1898.39,-1.058,0,0,0,3011,0.121,0,1764.1,744875.89,0.0,0,0.7039,0.7575,-562.14,8.244,6,1,0,0.001794,7.198372,0,0.0,0.0,0,1,0,0,1
HVL-2026-000898,6787.08,16,8,7508.21,-0.343,0,0,0,956,0.266,0,7897.68,2389852.35,6881.52,0,0.904,0.8594,-721.13,2.617,2,0,0,0.00284,8.822924,1,94.44,0.01391,1,0,0,1,0
HVL-2026-000899,3886.4,8,9,3502.22,0.392,0,0,0,2078,0.156,0,3691.23,2740690.54,3884.67,0,1.1097,1.0529,384.18,5.689,0,0,0,0.001418,8.265496,1,1.73,0.00045,1,0,0,1,0
HVL-2026-000900,2512.04,13,4,2193.13,0.519,0,0,0,195,0.27,0,2216.68,1944072.98,2519.37,0,1.1454,1.1332,318.91,0.534,6,1,0,0.001292,7.829247,1,7.34,0.00292,1,0,0,1,0
HVL-2026-000901,4394.34,17,12,3763.06,0.599,0,0,0,2804,0.143,0,3608.1,1279184.67,4455.53,0,1.1678,1.2179,631.28,7.677,2,0,0,0.003435,8.3883,1,61.19,0.01393,1,0,0,1,0
HVL-2026-000902,7777.87,5,10,6231.6,0.886,0,0,0,266,0.127,0,5872.47,2282592.91,7771.27,0,1.2481,1.3245,1546.28,0.728,3,0,1,0.003407,8.959167,1,6.6,0.00085,0,1,0,0,1
HVL-2026-000903,1245.28,18,10,1153.0,0.286,0,0,0,4313,0.246,0,1236.81,1583845.56,1226.38,0,1.08,1.0068,92.28,11.808,0,0,0,0.000786,7.127917,1,18.9,0.01517,1,0,0,0,1
HVL-2026-000904,1076.22,14,7,1329.87,-0.681,0,0,0,219,0.244,0,1284.02,3164007.19,1069.46,0,0.8093,0.8382,-253.66,0.6,6,1,0,0.00034,6.982136,1,6.75,0.00628,1,0,0,1,0
HVL-2026-000905,1757.3,16,7,2029.54,-0.479,0,0,0,210,0.147,0,1894.07,2817095.27,1748.41,0,0.8659,0.9278,-272.25,0.575,5,1,0,0.000624,7.472101,1,8.89,0.00506,1,0,0,1,0
HVL-2026-000906,7897.27,11,6,8188.69,-0.127,0,0,0,3323,0.307,0,7812.24,465881.72,7888.2,0,0.9644,1.0109,-291.42,9.098,6,1,0,0.016951,8.9744,1,9.07,0.00115,1,0,0,0,1
HVL-2026-000907,4678.83,8,2,2193.13,4.048,0,0,0,195,0.27,0,2156.32,1987175.16,4679.46,0,2.1334,2.1698,2485.7,0.534,6,1,0,0.002355,8.451016,1,0.63,0.00014,1,0,0,0,1
HVL-2026-000908,527.9,12,8,414.6,0.976,0,0,0,4130,0.302,0,442.9,2321891.67,526.62,0,1.2733,1.1919,113.31,11.307,5,1,0,0.000227,6.270806,1,1.28,0.00242,0,0,1,0,1
HVL-2026-000909,1548.93,13,4,701.46,4.315,0,0,0,5169,0.99,1,686.62,1541878.27,1552.73,0,2.2082,2.2559,847.48,14.152,0,0,0,0.001005,7.345967,1,3.8,0.00245,1,0,0,1,0
HVL-2026-000910,6075.0,11,4,2821.97,4.117,0,1,0,3722,0.99,0,2968.13,1321735.12,6045.96,0,2.1528,2.0467,3253.03,10.19,6,1,0,0.004596,8.712102,1,29.05,0.00478,1,0,0,0,1
HVL-2026-000911,13381.22,18,5,12532.32,0.242,0,0,0,1486,0.109,0,12545.38,1738840.49,13484.54,0,1.0677,1.0666,848.9,4.068,0,0,0,0.007695,9.501682,1,103.33,0.00772,1,0,0,1,0
HVL-2026-000912,6510.18,7,6,5776.67,0.453,0,0,0,4612,0.177,0,5859.48,3047718.44,6530.85,0,1.127,1.1111,733.51,12.627,2,0,1,0.002136,8.781277,1,20.66,0.00317,1,0,0,1,0
HVL-2026-000913,5195.34,9,5,6486.89,-0.711,0,0,0,957,0.99,1,6999.7,2806876.74,0.0,0,0.8009,0.7422,-1291.55,2.62,2,0,0,0.001851,8.55571,0,0.0,0.0,1,0,0,1,0
HVL-2026-000914,1709.19,18,9,1968.57,-0.471,0,0,0,3302,0.227,0,1971.21,1849420.87,1686.12,0,0.8682,0.8671,-259.38,9.04,0,0,0,0.000924,7.444361,1,23.07,0.0135,0,1,0,1,0
HVL-2026-000915,353.84,12,7,377.33,-0.222,0,0,0,4066,0.401,0,349.32,1901678.91,351.98,0,0.9377,1.0129,-23.49,11.132,1,0,0,0.000186,5.87167,1,1.86,0.00526,1,0,0,1,0
HVL-2026-000916,4823.29,9,8,4482.4,0.272,0,0,0,3341,0.37,0,4490.92,2861096.02,4783.03,0,1.0761,1.074,340.89,9.147,0,0,0,0.001686,8.481418,1,40.25,0.00835,1,0,0,0,1
HVL-2026-000917,2110.37,17,8,1603.64,1.129,0,0,0,1766,0.055,0,1591.69,1858237.31,2095.8,0,1.316,1.3259,506.73,4.835,5,1,0,0.001136,7.655094,1,14.57,0.0069,0,1,0,0,1
HVL-2026-000918,2937.02,8,5,1898.39,1.954,0,0,0,3011,0.121,0,1912.91,1257130.76,2927.12,0,1.5471,1.5354,1038.63,8.244,6,1,0,0.002336,7.985493,1,9.9,0.00337,0,0,1,1,0
HVL-2026-000919,2831.9,18,5,3233.38,-0.443,0,0,0,2253,0.308,0,3311.36,2677319.02,2838.06,0,0.8758,0.8552,-401.47,6.168,5,1,0,0.001058,7.949058,1,6.15,0.00217,1,0,0,1,0
HVL-2026-000920,1691.08,17,9,1564.68,0.289,0,0,0,3933,0.121,0,1640.48,702825.26,0.0,0,1.0808,1.0308,126.4,10.768,6,1,0,0.002406,7.433716,0,0.0,0.0,1,0,0,0,1
HVL-2026-000921,1373.52,7,8,1237.85,0.391,0,0,0,4725,0.169,0,1254.37,3134277.65,0.0,0,1.1096,1.095,135.66,12.936,0,0,1,0.000438,7.225856,0,0.0,0.0,1,0,0,0,1
HVL-2026-000922,2234.79,14,9,1814.36,0.828,0,0,0,3869,0.073,0,1910.05,876927.04,2239.27,0,1.2317,1.17,420.43,10.593,1,0,0,0.002548,7.712352,1,4.48,0.002,1,0,0,1,0
HVL-2026-000923,2925.82,9,5,3736.87,-0.775,0,0,0,1518,0.35,0,3682.18,2939363.94,2950.12,0,0.783,0.7946,-811.05,4.156,3,0,0,0.000995,7.981672,1,24.3,0.00831,0,1,0,1,0
HVL-2026-000924,1797.27,18,7,1814.36,-0.034,0,0,0,3869,0.073,0,1832.88,1513092.72,1811.83,0,0.9906,0.9806,-17.09,10.593,5,1,0,0.001188,7.494582,1,14.56,0.0081,1,0,0,0,1
HVL-2026-000925,2356.29,13,8,2960.97,-0.729,0,0,0,4175,0.317,0,2944.68,1804375.67,2339.31,0,0.7958,0.8002,-604.68,11.431,5,1,0,0.001306,7.765269,1,16.98,0.00721,0,1,0,1,0
HVL-2026-000926,391.44,18,14,415.04,-0.203,0,0,0,1005,0.126,0,434.64,1901146.36,393.77,0,0.9431,0.9006,-23.6,2.752,5,1,0,0.000206,5.972389,1,2.32,0.00594,1,0,0,0,1
HVL-2026-000927,12325.45,16,2,5664.74,4.199,1,1,0,1382,0.388,0,5342.7,887661.16,11610.48,0,2.1758,2.307,6660.71,3.784,1,0,0,0.013885,9.419503,1,714.97,0.05801,1,0,0,1,0
HVL-2026-000928,5600.87,17,4,6200.62,-0.345,0,0,0,1574,0.257,0,6360.7,926758.12,5594.51,0,0.9033,0.8805,-599.75,4.309,0,0,0,0.006044,8.630856,1,6.36,0.00114,1,0,0,1,0
HVL-2026-000929,5667.36,20,8,6000.82,-0.198,0,0,0,4246,0.102,0,6013.5,1928261.23,5594.36,0,0.9444,0.9424,-333.46,11.625,3,0,1,0.002939,8.642654,1,73.0,0.01288,1,0,0,0,1
HVL-2026-000930,1885.23,10,5,2012.87,-0.226,0,0,0,4057,0.148,0,2025.6,725439.83,1883.76,0,0.9366,0.9307,-127.64,11.107,1,0,0,0.002599,7.542336,1,1.47,0.00078,1,0,0,1,0
HVL-2026-000931,244.3,14,8,248.57,-0.053,0,0,0,1763,0.414,0,257.67,493273.72,243.73,0,0.9828,0.9481,-4.27,4.827,3,0,0,0.000495,5.502495,1,0.57,0.00234,1,0,0,0,1
HVL-2026-000932,7760.07,9,9,6781.01,0.516,0,0,0,3693,0.734,0,6484.93,2286619.17,7712.79,0,1.1444,1.1966,979.06,10.111,2,0,0,0.003394,8.956876,1,47.29,0.00609,1,0,0,1,0
HVL-2026-000933,403.43,9,6,377.33,0.247,0,0,0,4066,0.401,0,363.17,1090154.92,405.06,0,1.0692,1.1109,26.09,11.132,5,1,0,0.00037,6.002478,1,1.63,0.00405,1,0,0,0,1
HVL-2026-000934,1893.77,12,6,2029.54,-0.239,0,0,0,210,0.147,0,2014.38,1608790.56,0.0,0,0.9331,0.9401,-135.77,0.575,4,0,0,0.001177,7.546855,0,0.0,0.0,1,0,0,0,1
HVL-2026-000935,3232.36,15,6,3542.44,-0.313,0,0,0,2861,0.372,0,3744.47,2114676.87,3228.73,0,0.9125,0.8632,-310.08,7.833,1,0,0,0.001529,8.081278,1,3.64,0.00113,0,0,1,0,1
HVL-2026-000936,1242.89,18,8,1448.1,-0.506,0,0,0,2211,0.492,0,1379.78,2469252.99,1244.65,0,0.8583,0.9008,-205.21,6.053,3,0,0,0.000503,7.126,1,1.76,0.00142,0,1,0,1,0
HVL-2026-000937,10113.71,15,8,10884.61,-0.253,0,0,0,3000,0.032,0,10843.84,2762343.03,10029.63,0,0.9292,0.9327,-770.9,8.214,5,1,0,0.003661,9.221746,1,84.08,0.00831,1,0,0,1,0
HVL-2026-000938,3225.67,6,8,3324.92,-0.107,0,0,0,3246,0.201,0,3099.77,3063254.05,3239.05,0,0.9701,1.0406,-99.25,8.887,4,0,1,0.001053,8.079207,1,13.37,0.00415,0,0,1,0,1
HVL-2026-000939,954.54,15,9,955.86,-0.005,0,0,0,3659,0.063,0,896.59,1119942.5,954.26,0,0.9986,1.0646,-1.32,10.018,4,0,0,0.000852,6.862278,1,0.28,0.00029,1,0,0,0,1
HVL-2026-000940,2753.15,21,3,3542.44,-0.796,0,0,0,2861,0.372,0,3694.87,2487501.47,2777.1,0,0.7772,0.7451,-789.29,7.833,6,1,1,0.001107,7.920865,1,23.95,0.0087,0,1,0,1,0
HVL-2026-000941,2728.05,18,11,3216.47,-0.542,0,0,0,4933,0.47,0,3055.86,1667420.52,0.0,0,0.8482,0.8927,-488.42,13.506,2,0,0,0.001636,7.911708,0,0.0,0.0,0,1,0,1,0
HVL-2026-000942,8117.08,16,9,6923.81,0.616,0,0,0,1566,0.354,0,6544.39,805737.85,8098.6,0,1.1723,1.2403,1193.28,4.287,0,0,0,0.010074,9.001849,1,18.48,0.00228,0,0,1,1,0
HVL-2026-000943,1149.77,8,8,1409.4,-0.658,0,0,0,2097,0.119,0,1444.96,1686368.83,1156.56,0,0.8158,0.7957,-259.63,5.741,2,0,0,0.000682,7.048189,1,6.79,0.00591,1,0,0,0,1
HVL-2026-000944,2201.99,11,6,1952.74,0.456,0,0,0,3435,0.21,0,1924.57,2542381.13,2188.39,0,1.1276,1.1441,249.25,9.405,4,0,0,0.000866,7.697569,1,13.6,0.00617,1,0,0,1,0
HVL-2026-000945,969.76,11,8,875.07,0.386,0,0,0,3426,0.394,0,880.39,607582.33,969.34,0,1.1082,1.1015,94.69,9.38,2,0,0,0.001596,6.878078,1,0.42,0.00043,1,0,0,1,0
HVL-2026-000946,1065.62,16,5,973.94,0.336,0,0,0,3424,0.161,0,1042.13,2393754.41,0.0,0,1.0941,1.0225,91.69,9.374,0,0,0,0.000445,6.972253,0,0.0,0.0,1,0,0,0,1
HVL-2026-000947,1792.42,13,10,2029.54,-0.417,0,0,0,210,0.147,0,1937.91,810019.66,1764.74,0,0.8832,0.9249,-237.13,0.575,5,1,0,0.002213,7.491878,1,27.67,0.01544,1,0,0,1,0
HVL-2026-000948,1700.11,17,10,1968.57,-0.487,0,0,0,3302,0.227,0,2090.55,746182.03,1675.14,0,0.8636,0.8132,-268.46,9.04,3,0,0,0.002278,7.439036,1,24.97,0.01469,0,1,0,1,0
HVL-2026-000949,721.33,11,4,744.45,-0.111,0,0,0,778,0.185,0,772.87,3027791.25,714.17,0,0.9689,0.9333,-23.12,2.13,6,1,0,0.000238,6.582484,1,7.16,0.00993,1,0,0,0,1
HVL-2026-000950,1302.65,16,8,1448.1,-0.359,0,0,0,2211,0.492,0,1439.04,2263150.65,1303.63,0,0.8996,0.9052,-145.45,6.053,0,0,0,0.000576,7.172923,1,0.98,0.00075,1,0,0,0,1
HVL-2026-000951,4450.81,6,6,4388.99,0.05,0,0,0,3415,0.152,0,4732.46,3084041.09,4427.8,0,1.0141,0.9405,61.83,9.35,6,1,1,0.001443,8.401067,1,23.01,0.00517,1,0,0,1,0
HVL-2026-000952,2456.63,13,9,2452.54,0.006,0,0,0,80,0.058,0,2401.93,708269.83,2458.31,0,1.0017,1.0228,4.09,0.219,2,0,0,0.003468,7.806952,1,1.68,0.00068,0,0,1,0,1
HVL-2026-000953,2809.63,8,11,2254.12,0.88,0,0,0,4469,0.456,0,2219.87,3199010.99,2832.16,0,1.2464,1.2657,555.51,12.235,3,0,0,0.000878,7.941164,1,22.53,0.00802,1,0,0,0,1
HVL-2026-000954,209.3,18,5,248.57,-0.491,0,0,0,1763,0.414,0,251.82,2511032.7,209.02,0,0.842,0.8312,-39.27,4.827,2,0,0,8.3e-05,5.348527,1,0.28,0.00133,1,0,0,1,0
HVL-2026-000955,2698.59,7,10,2373.45,0.489,0,0,0,667,0.097,0,2372.0,2331058.4,2720.57,0,1.137,1.1377,325.14,1.826,6,1,1,0.001158,7.900857,1,21.98,0.00814,1,0,0,0,1
HVL-2026-000956,383.95,13,8,414.6,-0.264,0,0,0,4130,0.302,0,413.91,2593322.98,384.17,0,0.9261,0.9276,-30.65,11.307,5,1,0,0.000148,5.953107,1,0.22,0.00058,1,0,0,1,0
HVL-2026-000957,5246.37,0,5,1968.57,5.947,0,1,1,3302,0.327,0,2078.29,2033851.62,0.0,0,2.6651,2.5244,3277.8,9.04,1,0,1,0.00258,8.565482,0,0.0,0.0,0,1,0,1,0
HVL-2026-000958,2269.02,10,6,2452.54,-0.267,0,0,0,80,0.058,0,2366.42,1089244.28,2275.89,0,0.9252,0.9588,-183.53,0.219,1,0,0,0.002083,7.727542,1,6.87,0.00303,0,1,0,0,1
HVL-2026-000959,8308.74,8,8,6916.3,0.719,0,0,0,256,0.303,0,7183.59,3175894.16,0.0,0,1.2013,1.1566,1392.44,0.701,1,0,0,0.002616,9.025184,0,0.0,0.0,0,1,0,1,0
HVL-2026-000960,11876.14,1,4,6231.6,3.235,0,0,1,266,0.127,0,6282.91,1043110.99,11864.9,0,1.9058,1.8902,5644.54,0.728,4,0,1,0.011385,9.382371,1,11.24,0.00095,0,0,1,0,1
HVL-2026-000961,4361.11,15,5,4716.05,-0.269,0,0,0,715,0.238,0,4598.97,1239359.74,4321.58,0,0.9247,0.9483,-354.94,1.958,5,1,0,0.003519,8.380712,1,39.53,0.00906,0,1,0,1,0
HVL-2026-000962,1798.86,13,6,2219.28,-0.677,0,0,0,3095,0.399,0,2246.04,1738311.24,1812.97,0,0.8106,0.8009,-420.42,8.474,4,0,0,0.001035,7.495462,1,14.11,0.00785,1,0,0,1,0
HVL-2026-000963,6968.87,14,9,7921.58,-0.43,0,0,0,2692,0.307,0,7659.21,2262448.14,6997.25,0,0.8797,0.9099,-952.71,7.37,2,0,0,0.00308,8.849352,1,28.37,0.00407,0,1,0,1,0
HVL-2026-000964,6305.42,6,6,5776.67,0.327,0,0,0,4612,0.177,0,5831.91,715301.79,6293.45,0,1.0915,1.0812,528.74,12.627,0,0,1,0.008815,8.749323,1,11.97,0.0019,1,0,0,1,0
HVL-2026-000965,4919.41,14,5,4667.45,0.193,0,0,0,3427,0.201,0,4430.21,2852157.26,4917.55,0,1.054,1.1104,251.95,9.383,3,0,0,0.001725,8.501146,1,1.85,0.00038,1,0,0,1,0
HVL-2026-000966,4997.8,7,5,6696.41,-0.906,0,0,0,259,0.108,0,6378.92,2172300.94,4989.2,0,0.7463,0.7835,-1698.61,0.709,3,0,1,0.002301,8.516953,1,8.6,0.00172,1,0,0,1,0
HVL-2026-000967,6044.17,13,6,7707.61,-0.771,0,0,0,3928,0.28,0,7623.45,2988028.67,6110.24,0,0.7842,0.7928,-1663.44,10.754,6,1,0,0.002023,8.707014,1,66.07,0.01093,1,0,0,1,0
HVL-2026-000968,1729.43,16,10,1898.39,-0.318,0,0,0,3011,0.121,0,2047.84,3228644.79,1765.33,0,0.911,0.8445,-168.96,8.244,1,0,0,0.000536,7.456127,1,35.9,0.02076,1,0,0,1,0
HVL-2026-000969,1194.7,15,6,1329.87,-0.363,0,0,0,219,0.244,0,1287.46,2496672.01,0.0,0,0.8984,0.928,-135.17,0.6,3,0,0,0.000479,7.08649,0,0.0,0.0,1,0,0,1,0
HVL-2026-000970,3114.09,3,6,1072.31,6.8,1,1,1,2443,0.458,0,1130.76,2232777.2,3086.01,0,2.9041,2.754,2041.77,6.689,3,0,1,0.001395,8.044012,1,28.07,0.00902,1,0,0,1,0
HVL-2026-000971,904.85,9,7,860.0,0.186,0,0,0,596,0.975,0,878.62,936251.1,903.41,0,1.0522,1.0299,44.85,1.632,3,0,0,0.000966,6.808873,1,1.44,0.00159,1,0,0,0,1
HVL-2026-000972,14360.05,10,5,15229.09,-0.204,0,0,0,3484,0.59,0,14368.04,3086151.64,14373.17,0,0.9429,0.9994,-869.04,9.539,6,1,0,0.004653,9.572275,1,13.12,0.00091,1,0,0,0,1
HVL-2026-000973,22111.98,13,6,19025.37,0.579,0,0,0,3417,0.734,0,17916.33,851521.49,22175.62,0,1.1622,1.2342,3086.61,9.355,5,1,0,0.025968,10.00392,1,63.64,0.00288,1,0,0,0,1
HVL-2026-000974,7092.62,20,9,6696.41,0.211,0,0,0,259,0.108,0,6253.98,1800331.94,7140.78,0,1.0592,1.1341,396.21,0.709,0,0,1,0.00394,8.866951,1,48.16,0.00679,0,1,0,0,1
HVL-2026-000975,1982.72,17,7,2153.06,-0.283,0,0,0,861,0.052,0,2322.56,1558460.37,2015.38,0,0.9209,0.8537,-170.33,2.357,0,0,0,0.001272,7.592731,1,32.66,0.01647,1,0,0,1,0
HVL-2026-000976,823.6,9,6,955.86,-0.494,0,0,0,3659,0.063,0,960.64,2257995.52,820.48,0,0.8616,0.8573,-132.26,10.018,5,1,0,0.000365,6.714897,1,3.12,0.00379,1,0,0,1,0
HVL-2026-000977,3471.6,18,4,3858.96,-0.359,0,0,0,4092,0.443,0,3952.13,490894.0,3470.32,0,0.8996,0.8784,-387.36,11.203,1,0,0,0.007072,8.152659,1,1.28,0.00037,1,0,0,0,1
HVL-2026-000978,1628.65,15,6,1690.58,-0.131,0,0,0,914,0.187,0,1766.22,3157389.4,1610.49,0,0.9634,0.9221,-61.93,2.502,4,0,0,0.000516,7.396123,1,18.17,0.01115,0,1,0,1,0
HVL-2026-000979,1200.65,13,8,1329.87,-0.347,0,0,0,219,0.244,0,1384.62,3076608.97,1199.13,0,0.9028,0.8671,-129.22,0.6,0,0,0,0.00039,7.091452,1,1.53,0.00127,1,0,0,0,1
HVL-2026-000980,2017.22,15,6,2166.75,-0.246,0,0,0,1981,0.429,0,2107.23,3229757.95,2009.89,0,0.931,0.9573,-149.52,5.424,1,0,0,0.000625,7.609973,1,7.34,0.00364,1,0,0,0,1
HVL-2026-000981,3244.45,13,5,3502.22,-0.263,0,0,0,2078,0.156,0,3660.72,1750669.21,3243.46,0,0.9264,0.8863,-257.77,5.689,1,0,0,0.001853,8.085009,1,0.99,0.00031,0,1,0,0,1
HVL-2026-000982,6614.4,16,14,6923.81,-0.16,0,0,0,1566,0.354,0,6838.97,1684105.18,0.0,0,0.9553,0.9672,-309.41,4.287,5,1,0,0.003928,8.797155,0,0.0,0.0,1,0,0,1,0
HVL-2026-000983,736.13,11,6,705.22,0.156,0,0,0,535,0.042,0,716.31,2272015.91,733.2,0,1.0438,1.0277,30.9,1.465,4,0,0,0.000324,6.602759,1,2.92,0.00397,1,0,0,1,0
HVL-2026-000984,1928.9,17,4,2166.75,-0.392,0,0,0,1981,0.429,0,2163.07,1492082.45,1936.96,0,0.8902,0.8917,-237.85,5.424,2,0,0,0.001293,7.565225,1,8.06,0.00418,0,0,1,1,0
HVL-2026-000985,4352.52,7,6,4716.05,-0.275,0,0,0,715,0.238,0,4570.58,2510249.74,4383.08,0,0.9229,0.9523,-363.53,1.958,0,0,1,0.001734,8.378741,1,30.55,0.00702,0,1,0,1,0
HVL-2026-000986,8869.1,9,5,10034.06,-0.415,0,0,0,2157,0.087,0,10318.16,1153845.44,8826.32,0,0.8839,0.8596,-1164.96,5.906,0,0,0,0.007687,9.090441,1,42.77,0.00482,1,0,0,1,0
HVL-2026-000987,3524.72,15,4,3542.44,-0.018,0,0,0,2861,0.372,0,3550.91,2536697.96,0.0,0,0.995,0.9926,-17.72,7.833,4,0,0,0.001389,8.167839,0,0.0,0.0,0,1,0,0,1
HVL-2026-000988,2972.7,18,6,3525.31,-0.56,0,0,0,924,0.169,0,3586.26,492796.09,2997.21,0,0.8432,0.8289,-552.61,2.53,5,1,0,0.006032,7.997563,1,24.51,0.00824,1,0,0,1,0
HVL-2026-000989,847.9,9,7,762.99,0.397,0,0,0,2656,0.152,0,821.82,2900666.89,854.56,0,1.1113,1.0317,84.9,7.272,5,1,0,0.000292,6.743937,1,6.67,0.00786,0,0,1,1,0
HVL-2026-000990,1083.52,15,8,1153.0,-0.215,0,0,0,4313,0.246,0,1092.2,2100707.59,1105.32,0,0.9397,0.9921,-69.49,11.808,0,0,0,0.000516,6.988888,1,21.8,0.02012,0,1,0,0,1
HVL-2026-000991,1359.19,10,11,1690.58,-0.7,0,0,0,914,0.187,0,1629.42,2715083.84,1361.62,0,0.804,0.8342,-331.39,2.502,1,0,0,0.000501,7.215382,1,2.43,0.00178,1,0,0,1,0
HVL-2026-000992,1153.86,9,3,1032.94,0.418,0,0,0,661,0.227,0,983.73,554989.02,1146.36,0,1.1171,1.1729,120.92,1.81,3,0,0,0.002079,7.051737,1,7.51,0.00651,0,1,0,0,1
HVL-2026-000993,25301.67,12,9,19610.46,1.036,0,0,0,4971,0.081,0,20235.55,2627013.59,25463.72,0,1.2902,1.2504,5691.21,13.61,1,0,0,0.009631,10.138665,1,162.05,0.0064,1,0,0,0,1
HVL-2026-000994,8208.79,10,8,5830.54,1.457,0,0,0,2143,0.405,0,6218.85,1552530.75,8158.65,0,1.4079,1.32,2378.25,5.867,2,0,0,0.005287,9.013083,1,50.14,0.00611,1,0,0,0,1
HVL-2026-000995,18587.71,21,7,19610.46,-0.186,0,0,0,4971,0.081,0,18044.32,2549733.22,18577.2,0,0.9478,1.0301,-1022.75,13.61,2,0,1,0.00729,9.83031,1,10.51,0.00057,1,0,0,1,0
HVL-2026-000996,2059.22,17,12,2373.45,-0.473,0,0,0,667,0.097,0,2307.37,1496196.91,2062.44,0,0.8676,0.8925,-314.24,1.826,0,0,0,0.001376,7.630567,1,3.22,0.00157,0,1,0,1,0
HVL-2026-000997,2517.63,21,7,2490.88,0.038,0,0,0,3235,0.278,0,2307.34,2686101.79,2535.81,0,1.0107,1.0911,26.75,8.857,6,1,1,0.000937,7.831472,1,18.17,0.00722,1,0,0,0,1
HVL-2026-000998,1171.73,9,5,1275.73,-0.291,0,0,0,4539,0.681,0,1373.32,1118538.27,0.0,0,0.9185,0.8532,-103.99,12.427,2,0,0,0.001048,7.067093,0,0.0,0.0,1,0,0,0,1
HVL-2026-000999,7767.43,13,4,7508.21,0.123,0,0,0,956,0.266,0,7227.82,2315087.05,7884.55,0,1.0345,1.0747,259.22,2.617,0,0,0,0.003355,8.957823,1,117.12,0.01508,0,1,0,1,0
HVL-2026-001000,6496.76,7,8,6781.01,-0.15,0,0,0,3693,0.734,0,6454.15,1142681.0,6498.21,0,0.9581,1.0066,-284.25,10.111,1,0,1,0.005686,8.779213,1,1.45,0.00022,1,0,0,0,1
HVL-2026-001001,6887.83,15,7,6200.62,0.396,0,0,0,1574,0.257,0,6306.78,1718466.38,6792.97,0,1.1108,1.0921,687.21,4.309,6,1,0,0.004008,8.837656,1,94.86,0.01377,0,1,0,1,0
HVL-2026-001002,239.39,15,7,248.57,-0.115,0,0,0,1763,0.414,0,250.3,1707250.76,237.97,0,0.9631,0.9564,-9.18,4.827,6,1,0,0.00014,5.482254,1,1.42,0.00592,1,0,0,1,0
HVL-2026-001003,14231.66,6,4,16516.14,-0.494,0,0,0,4393,0.209,0,16548.57,2287726.94,13980.72,0,0.8617,0.86,-2284.47,12.027,1,0,1,0.006221,9.563295,1,250.94,0.01763,1,0,0,1,0
HVL-2026-001004,591.05,12,11,701.46,-0.562,0,0,0,5169,0.99,1,715.17,1130367.0,0.0,0,0.8426,0.8265,-110.4,14.152,2,0,0,0.000523,6.383598,0,0.0,0.0,1,0,0,1,0
HVL-2026-001005,4924.97,16,8,4440.2,0.39,0,0,0,3864,0.376,0,4693.71,734686.89,4956.02,0,1.1092,1.0493,484.77,10.579,5,1,0,0.006703,8.502277,1,31.05,0.0063,1,0,0,1,0
HVL-2026-001006,1568.73,16,5,1866.31,-0.569,0,0,0,264,0.199,0,1992.89,2726193.92,1585.56,0,0.8405,0.7872,-297.59,0.723,3,0,0,0.000575,7.358657,1,16.83,0.01073,0,1,0,0,1
HVL-2026-001007,6839.96,15,2,2584.91,5.879,0,0,0,1424,0.51,0,2522.24,2314001.97,6822.94,0,2.6461,2.7119,4255.05,3.899,6,1,0,0.002956,8.830684,1,17.03,0.00249,1,0,0,0,1
HVL-2026-001008,2205.97,8,6,2219.28,-0.021,0,0,0,3095,0.399,0,2042.39,2436801.31,2224.39,0,0.994,1.0801,-13.31,8.474,3,0,0,0.000905,7.699374,1,18.43,0.00835,1,0,0,1,0
HVL-2026-001009,2381.92,15,4,2452.54,-0.103,0,0,0,80,0.058,0,2519.08,3070680.33,2346.15,0,0.9712,0.9456,-70.62,0.219,2,0,0,0.000776,7.776082,1,35.77,0.01502,1,0,0,1,0
HVL-2026-001010,9541.59,11,5,4315.98,4.324,1,0,0,4029,0.369,0,4441.83,1779507.13,9576.19,0,2.2108,2.1481,5225.61,11.031,0,0,0,0.005362,9.16352,1,34.6,0.00363,1,0,0,0,1
HVL-2026-001011,4723.52,8,3,6231.6,-0.864,0,0,0,266,0.127,0,6012.83,1902631.38,4691.28,0,0.758,0.7856,-1508.08,0.728,4,0,0,0.002483,8.460521,1,32.24,0.00683,0,0,1,1,0
HVL-2026-001012,1021.24,7,4,1016.33,0.017,0,0,0,388,0.045,0,1040.15,2394510.4,1020.25,0,1.0048,0.9818,4.91,1.062,3,0,1,0.000426,6.929749,1,0.99,0.00097,0,1,0,1,0
HVL-2026-001013,6275.33,8,5,6696.41,-0.225,0,0,0,259,0.108,0,6246.16,2948659.76,6350.35,0,0.9371,1.0047,-421.08,0.709,2,0,0,0.002128,8.74454,1,75.02,0.01196,1,0,0,0,1
HVL-2026-001014,8039.49,13,8,7707.61,0.154,0,0,0,3928,0.28,0,7895.07,476811.81,8069.34,0,1.0431,1.0183,331.88,10.754,5,1,0,0.016861,8.992245,1,29.85,0.00371,1,0,0,0,1
HVL-2026-001015,7220.01,15,7,7323.41,-0.05,0,0,0,514,0.344,0,6863.15,1145949.26,7213.55,0,0.9859,1.052,-103.4,1.407,3,0,0,0.0063,8.88475,1,6.46,0.00089,0,1,0,1,0
HVL-2026-001016,370.36,18,5,418.57,-0.411,0,0,0,3196,0.295,0,441.4,1865658.79,371.35,0,0.8848,0.839,-48.22,8.75,3,0,0,0.000199,5.91717,1,0.99,0.00268,0,1,0,1,0
HVL-2026-001017,1719.43,17,6,1437.11,0.702,0,0,0,2144,0.314,0,1472.41,1201221.54,1738.87,0,1.1965,1.1678,282.32,5.87,6,1,0,0.001431,7.45033,1,19.44,0.0113,1,0,0,1,0
HVL-2026-001018,6337.45,10,1,5826.79,0.313,0,0,0,1485,0.396,0,5774.73,3162550.05,6258.16,0,1.0876,1.0974,510.66,4.066,0,0,0,0.002004,8.754389,1,79.29,0.01251,0,1,0,0,1
HVL-2026-001019,1249.19,8,10,1420.79,-0.431,0,0,0,1064,0.577,0,1313.0,3041813.38,1242.8,0,0.8792,0.9514,-171.6,2.913,0,0,0,0.000411,7.131054,1,6.39,0.00512,1,0,0,0,1
HVL-2026-001020,578.91,11,5,744.45,-0.794,0,0,0,778,0.185,0,734.28,874972.92,0.0,0,0.7776,0.7884,-165.54,2.13,2,0,0,0.000662,6.362871,0,0.0,0.0,1,0,0,1,0
HVL-2026-001021,3531.94,17,7,3199.53,0.371,0,0,0,3899,0.359,0,3388.26,1507477.12,3514.19,0,1.1039,1.0424,332.41,10.675,1,0,0,0.002343,8.169887,1,17.76,0.00503,0,1,0,1,0
HVL-2026-001022,319.09,17,4,377.33,-0.551,0,0,0,4066,0.401,0,353.1,3071733.65,319.73,0,0.8456,0.9037,-58.24,11.132,2,0,0,0.000104,5.768604,1,0.64,0.002,1,0,0,0,1
HVL-2026-001023,397.03,14,6,377.33,0.186,0,0,0,4066,0.401,0,358.62,2974563.9,404.36,0,1.0522,1.1071,19.69,11.132,5,1,0,0.000133,5.986519,1,7.34,0.01848,1,0,0,0,1
HVL-2026-001024,810.94,16,10,860.0,-0.204,0,0,0,596,0.975,0,811.15,1693212.45,806.77,0,0.943,0.9997,-49.06,1.632,4,0,0,0.000479,6.699428,1,4.17,0.00514,1,0,0,0,1
HVL-2026-001025,2459.82,11,5,2219.28,0.387,0,0,0,3095,0.399,0,2135.63,828816.73,2462.18,0,1.1084,1.1518,240.54,8.474,3,0,0,0.002968,7.808251,1,2.35,0.00096,0,0,1,1,0
HVL-2026-001026,1319.21,14,2,1153.0,0.515,0,0,0,4313,0.246,0,1064.53,2582178.64,1306.08,0,1.1442,1.2392,166.21,11.808,4,0,0,0.000511,7.18555,1,13.13,0.00995,0,1,0,0,1
HVL-2026-001027,6684.7,13,3,6923.81,-0.123,0,0,0,1566,0.354,0,7472.8,978942.65,6724.72,0,0.9655,0.8945,-239.11,4.287,0,0,0,0.006828,8.807726,1,40.02,0.00599,0,1,0,1,0
HVL-2026-001028,4179.77,16,6,4315.98,-0.113,0,0,0,4029,0.249,0,4063.85,824218.29,4147.18,0,0.9684,1.0285,-136.21,11.031,2,0,0,0.005071,8.338251,1,32.59,0.0078,1,0,0,1,0
HVL-2026-001029,5577.31,13,7,6000.82,-0.252,0,0,0,4246,0.102,0,5882.09,2519257.76,5581.56,0,0.9294,0.9482,-423.5,11.625,4,0,0,0.002214,8.626642,1,4.25,0.00076,1,0,0,1,0
HVL-2026-001030,3455.32,13,9,2452.54,1.46,0,0,0,80,0.058,0,2581.3,635550.76,3474.81,0,1.4089,1.3386,1002.77,0.219,4,0,0,0.005437,8.147958,1,19.49,0.00564,0,0,1,1,0
HVL-2026-001031,1810.81,10,8,1448.1,0.895,0,0,0,2211,0.492,0,1343.18,2818111.65,1808.56,0,1.2505,1.3482,362.71,6.053,3,0,0,0.000643,7.502083,1,2.25,0.00124,1,0,0,0,1
HVL-2026-001032,5995.79,14,9,6923.81,-0.479,0,0,0,1566,0.354,0,7242.0,2525512.31,5978.4,0,0.866,0.8279,-928.02,4.287,2,0,0,0.002374,8.698979,1,17.38,0.0029,1,0,0,0,1
HVL-2026-001033,2343.8,18,6,2373.45,-0.045,0,0,0,667,0.097,0,2291.22,2399214.95,2364.35,0,0.9875,1.0229,-29.65,1.826,0,0,0,0.000977,7.759957,1,20.54,0.00876,1,0,0,0,1
HVL-2026-001034,845.5,10,8,949.23,-0.39,0,0,0,4586,0.269,0,937.91,2556184.85,847.63,0,0.8907,0.9015,-103.72,12.556,6,1,0,0.000331,6.741115,1,2.12,0.00251,1,0,0,1,0
HVL-2026-001035,23303.58,17,5,18264.33,0.985,0,0,0,5094,0.254,0,18074.62,2571324.98,23595.94,0,1.2759,1.2893,5039.26,13.947,0,0,0,0.009063,10.056405,1,292.35,0.01255,0,0,1,1,0
HVL-2026-001036,4333.74,15,8,4716.05,-0.29,0,0,0,715,0.238,0,4633.29,1073897.26,4356.16,0,0.9189,0.9353,-382.31,1.958,6,1,0,0.004036,8.374418,1,22.42,0.00517,1,0,0,1,0
HVL-2026-001037,811.59,16,5,875.07,-0.259,0,0,0,3426,0.394,0,816.04,3096022.59,809.02,0,0.9275,0.9945,-63.48,9.38,3,0,0,0.000262,6.700226,1,2.57,0.00316,0,1,0,0,1
HVL-2026-001038,1257.89,15,5,1237.85,0.058,0,0,0,4725,0.169,0,1261.25,724811.02,1244.69,0,1.0162,0.9973,20.04,12.936,3,0,0,0.001735,7.137987,1,13.2,0.0105,1,0,0,0,1
HVL-2026-001039,2847.04,12,8,2821.97,0.032,0,0,0,3722,0.892,0,3036.2,1091778.88,2845.74,0,1.0089,0.9377,25.07,10.19,4,0,0,0.002608,7.954387,1,1.3,0.00046,0,1,0,0,1
HVL-2026-001040,1783.77,16,8,2215.31,-0.696,0,0,0,4846,0.202,0,2355.92,2478830.96,1801.77,0,0.8052,0.7571,-431.54,13.268,1,0,0,0.00072,7.487046,1,18.0,0.01009,1,0,0,1,0
HVL-2026-001041,794.79,5,5,762.99,0.149,0,0,0,2656,0.152,0,714.97,1212163.44,796.73,0,1.0417,1.1116,31.79,7.272,4,0,1,0.000656,6.679332,1,1.94,0.00244,0,1,0,1,0
HVL-2026-001042,8405.47,12,2,8086.32,0.141,0,0,0,4552,0.072,0,7774.51,2892552.03,8393.07,0,1.0395,1.0812,319.15,12.463,3,0,0,0.002906,9.036757,1,12.4,0.00148,1,0,0,0,1
HVL-2026-001043,4868.6,11,5,4878.86,-0.008,0,0,0,2772,0.199,0,4658.13,2140728.61,4927.98,0,0.9979,1.0452,-10.27,7.589,6,1,0,0.002274,8.490767,1,59.38,0.0122,1,0,0,1,0
HVL-2026-001044,3595.47,8,8,4996.01,-1.001,0,0,0,4936,0.215,0,5029.06,1728025.76,3594.05,0,0.7197,0.7149,-1400.54,13.514,1,0,0,0.002081,8.187708,1,1.42,0.0004,1,0,0,1,0
HVL-2026-001045,1721.96,14,10,1437.11,0.708,0,0,0,2144,0.314,0,1406.96,1081051.55,1744.02,0,1.1982,1.2239,284.85,5.87,2,0,0,0.001593,7.451799,1,22.06,0.01281,1,0,0,1,0
HVL-2026-001046,735.88,15,3,701.46,0.175,0,0,0,5169,0.99,1,645.61,660871.23,743.7,0,1.0491,1.1398,34.42,14.152,3,0,0,0.001114,6.602427,1,7.82,0.01062,0,1,0,1,0
HVL-2026-001047,1055.73,10,9,1022.01,0.118,0,0,0,433,0.196,0,1079.72,614262.71,0.0,0,1.033,0.9778,33.72,1.185,2,0,0,0.001719,6.962932,0,0.0,0.0,0,1,0,1,0
HVL-2026-001048,12192.88,18,3,4538.35,6.024,1,1,0,1354,0.544,0,4619.22,1722023.26,12306.92,0,2.6866,2.6396,7654.52,3.707,1,0,0,0.007081,9.408689,1,114.05,0.00935,0,1,0,1,0
HVL-2026-001049,2240.5,10,5,2254.12,-0.022,0,0,0,4469,0.456,0,2395.68,3045970.74,0.0,0,0.994,0.9352,-13.61,12.235,4,0,0,0.000736,7.714902,0,0.0,0.0,1,0,0,1,0
HVL-2026-001050,11435.35,15,8,10034.06,0.499,0,0,0,2157,0.087,0,10123.72,3144603.63,11370.18,0,1.1397,1.1296,1401.29,5.906,1,0,0,0.003636,9.344552,1,65.17,0.0057,1,0,0,1,0
HVL-2026-001051,7020.8,8,6,6858.66,0.084,0,0,0,2571,0.063,0,6601.9,479311.7,7048.41,0,1.0236,1.0635,162.14,7.039,0,0,0,0.014648,8.856775,1,27.6,0.00393,0,1,0,1,0
HVL-2026-001052,8055.87,8,7,10087.39,-0.719,0,0,0,1318,0.465,0,9569.35,999376.22,7993.56,0,0.7986,0.8418,-2031.51,3.608,5,1,0,0.008061,8.994281,1,62.32,0.00774,0,1,0,0,1
HVL-2026-001053,2186.32,18,6,2490.88,-0.437,0,0,0,3235,0.278,0,2322.93,1712225.3,2165.89,0,0.8777,0.9412,-304.56,8.857,5,1,0,0.001277,7.690432,1,20.43,0.00934,0,1,0,0,1
HVL-2026-001054,755.89,9,9,1022.01,-0.93,0,0,0,433,0.196,0,948.27,2762562.99,748.13,0,0.7396,0.7971,-266.12,1.185,1,0,0,0.000274,6.629216,1,7.76,0.01027,1,0,0,1,0
HVL-2026-001055,3106.18,8,9,2821.97,0.36,0,0,0,3722,0.892,0,2638.29,1534103.71,3114.98,0,1.1007,1.1773,284.21,10.19,4,0,0,0.002025,8.04147,1,8.8,0.00283,0,0,1,0,1
HVL-2026-001056,6417.45,9,4,8188.69,-0.773,0,0,0,3323,0.307,0,8427.16,552815.1,0.0,0,0.7837,0.7615,-1771.25,9.098,5,1,0,0.011609,8.766931,0,0.0,0.0,0,1,0,1,0
HVL-2026-001057,7863.45,12,8,7508.21,0.169,0,0,0,956,0.266,0,7985.82,1999059.94,0.0,0,1.0473,0.9847,355.24,2.617,1,0,0,0.003934,8.970107,0,0.0,0.0,1,0,0,1,0
HVL-2026-001058,2095.52,13,10,1952.74,0.261,0,0,0,3435,0.21,0,2037.96,3004694.82,2095.83,0,1.0731,1.0282,142.78,9.405,1,0,0,0.000697,7.648034,1,0.31,0.00015,0,1,0,1,0
HVL-2026-001059,1976.6,10,4,2325.13,-0.535,0,0,0,2263,0.071,0,2256.46,727044.16,1962.4,0,0.8501,0.876,-348.53,6.196,6,1,0,0.002719,7.589639,1,14.2,0.00718,1,0,0,1,0
HVL-2026-001060,470.32,8,8,410.6,0.519,0,0,0,4557,0.59,0,406.64,2422489.62,466.09,0,1.1454,1.1566,59.72,12.476,0,0,0,0.000194,6.155536,1,4.23,0.00898,0,1,0,0,1
HVL-2026-001061,2322.31,11,9,2373.45,-0.077,0,0,0,667,0.097,0,2398.92,1150695.88,2332.85,0,0.9785,0.9681,-51.14,1.826,0,0,0,0.002018,7.75075,1,10.53,0.00453,0,0,1,1,0
HVL-2026-001062,6439.22,7,3,6858.66,-0.218,0,0,0,2571,0.063,0,7063.23,1675486.04,6488.63,0,0.9388,0.9117,-419.44,7.039,4,0,1,0.003843,8.770318,1,49.42,0.00767,0,1,0,1,0
HVL-2026-001063,424.76,7,9,415.04,0.084,0,0,0,1005,0.126,0,438.65,1710982.22,432.05,0,1.0234,0.9683,9.72,2.752,2,0,1,0.000248,6.053878,1,7.29,0.01715,1,0,0,0,1
HVL-2026-001064,5158.96,11,8,5098.62,0.042,0,0,0,2238,0.645,0,4816.71,2323897.19,5182.38,0,1.0118,1.0711,60.34,6.127,4,0,0,0.00222,8.548684,1,23.42,0.00454,0,0,1,1,0
HVL-2026-001065,1967.88,18,8,1682.61,0.606,0,0,0,1110,0.029,0,1652.61,1942454.49,1964.34,0,1.1695,1.1908,285.27,3.039,0,0,0,0.001013,7.585219,1,3.54,0.0018,0,0,1,1,0
HVL-2026-001066,6353.4,14,9,7352.07,-0.485,0,0,0,3853,0.109,0,6969.9,1485611.17,6314.03,0,0.8642,0.9115,-998.67,10.549,6,1,0,0.004277,8.756903,1,39.37,0.0062,0,1,0,1,0
HVL-2026-001067,1476.13,12,2,1153.0,1.001,0,0,0,4313,0.246,0,1180.25,2759954.8,1471.07,0,1.2803,1.2507,323.13,11.808,0,0,0,0.000535,7.297857,1,5.06,0.00343,1,0,0,1,0
HVL-2026-001068,16965.91,17,6,6858.66,5.263,0,0,0,2571,0.063,0,6697.69,1328395.1,16845.33,0,2.4736,2.5331,10107.25,7.039,2,0,0,0.012772,9.73902,1,120.58,0.00711,1,0,0,0,1
HVL-2026-001069,2505.08,13,7,2245.57,0.413,0,0,0,4781,0.392,0,2261.22,2763573.28,0.0,0,1.1156,1.1078,259.51,13.09,4,0,0,0.000906,7.826476,0,0.0,0.0,1,0,0,1,0
HVL-2026-001070,1894.21,11,11,1564.68,0.752,0,0,0,3933,0.121,0,1456.97,762261.68,1890.9,0,1.2106,1.3001,329.53,10.768,1,0,0,0.002485,7.547085,1,3.31,0.00175,0,0,1,1,0
HVL-2026-001071,6998.36,16,6,7707.61,-0.329,0,0,0,3928,0.28,0,7675.78,1062048.63,6962.29,0,0.908,0.9117,-709.25,10.754,5,1,0,0.006589,8.853574,1,36.06,0.00515,1,0,0,1,0
HVL-2026-001072,15998.67,10,3,6923.81,4.681,1,0,0,1566,0.474,0,6876.71,2609625.22,15818.26,0,2.3107,2.3265,9074.86,4.287,1,0,0,0.006131,9.680323,1,180.4,0.01128,1,0,0,1,0
HVL-2026-001073,5480.88,15,5,6486.89,-0.554,0,0,0,957,0.99,1,6771.03,1946577.16,5485.14,0,0.8449,0.8095,-1006.01,2.62,4,0,0,0.002816,8.609203,1,4.27,0.00078,1,0,0,0,1
HVL-2026-001074,688.99,5,9,868.45,-0.738,0,0,0,223,0.168,0,871.25,2319672.41,693.34,0,0.7934,0.7908,-179.46,0.611,0,0,1,0.000297,6.536673,1,4.35,0.00631,1,0,0,1,0
HVL-2026-001075,1232.81,16,5,1153.0,0.247,0,0,0,4313,0.246,0,1120.74,1627277.19,1243.01,0,1.0692,1.1,79.81,11.808,3,0,0,0.000758,7.117861,1,10.21,0.00828,1,0,0,1,0
HVL-2026-001076,16729.97,9,6,20263.16,-0.623,0,0,0,4941,0.36,0,21084.55,1571434.37,16330.95,0,0.8256,0.7935,-3533.2,13.528,4,0,0,0.010646,9.725017,1,399.02,0.02385,1,0,0,0,1
HVL-2026-001077,3900.13,13,10,3542.44,0.361,0,0,0,2861,0.372,0,3616.23,2724101.46,3845.13,0,1.101,1.0785,357.69,7.833,4,0,0,0.001432,8.269021,1,55.0,0.0141,1,0,0,0,1
HVL-2026-001078,2458.87,15,8,2153.82,0.506,0,0,0,4230,0.107,0,2067.66,1088543.85,2470.66,0,1.1416,1.1892,305.06,11.581,5,1,0,0.002259,7.807865,1,11.79,0.00479,1,0,0,0,1
HVL-2026-001079,2060.53,5,7,1652.58,0.882,0,0,0,2447,0.4,0,1656.0,2054753.95,2033.27,0,1.2469,1.2443,407.95,6.7,1,0,1,0.001003,7.631203,1,27.26,0.01323,1,0,0,0,1
HVL-2026-001080,5787.36,15,5,7323.41,-0.749,0,0,0,514,0.344,0,7651.4,2463746.21,5706.98,0,0.7903,0.7564,-1536.05,1.407,3,0,0,0.002349,8.663605,1,80.38,0.01389,1,0,0,0,1
HVL-2026-001081,4910.5,13,4,4996.01,-0.061,0,0,0,4936,0.215,0,4855.75,1105835.74,4937.48,0,0.9829,1.0113,-85.51,13.514,3,0,0,0.004441,8.499335,1,26.98,0.0055,0,1,0,0,1
HVL-2026-001082,20973.21,20,9,10087.39,3.854,0,1,0,1318,0.565,0,9649.83,2053083.17,23787.72,1,2.0792,2.1734,10885.82,3.608,0,0,1,0.010215,9.951049,1,2814.51,0.1342,1,0,0,1,0
HVL-2026-001083,2050.08,10,10,2452.55,-0.586,0,0,0,3935,0.283,0,2602.56,2639494.22,2035.91,0,0.8359,0.7877,-402.47,10.773,6,1,0,0.000777,7.626123,1,14.17,0.00691,0,1,0,1,0
HVL-2026-001084,15555.95,12,2,15229.09,0.077,0,0,0,3484,0.59,0,15889.11,1211929.39,15512.14,0,1.0215,0.979,326.85,9.539,1,0,0,0.012836,9.652263,1,43.81,0.00282,1,0,0,1,0
HVL-2026-001085,464.52,16,8,415.04,0.426,0,0,0,1005,0.126,0,414.67,2394621.13,464.35,0,1.1192,1.1202,49.48,2.752,6,1,0,0.000194,6.143151,1,0.17,0.00036,1,0,0,1,0
HVL-2026-001086,842.24,15,1,418.57,3.615,0,0,0,3196,0.295,0,396.11,2667923.32,851.62,0,2.0122,2.1263,423.67,8.75,6,1,0,0.000316,6.737256,1,9.37,0.01113,0,1,0,1,0
HVL-2026-001087,2153.07,9,10,2254.12,-0.16,0,0,0,4469,0.456,0,2344.82,1678281.93,2120.14,0,0.9552,0.9182,-101.05,12.235,2,0,0,0.001283,7.675115,1,32.94,0.0153,1,0,0,0,1
HVL-2026-001088,1545.85,10,8,2254.12,-1.122,0,0,0,4469,0.456,0,2312.51,1202545.17,1524.13,0,0.6858,0.6685,-708.26,12.235,3,0,0,0.001285,7.343978,1,21.72,0.01405,0,1,0,1,0
HVL-2026-001089,506.21,13,5,418.57,0.748,0,0,0,3196,0.295,0,423.91,2606657.88,504.48,0,1.2094,1.1941,87.64,8.75,3,0,0,0.000194,6.228927,1,1.73,0.00342,0,1,0,1,0
HVL-2026-001090,1409.9,21,5,846.86,2.374,0,0,0,3328,0.225,0,812.44,2175807.3,1416.46,0,1.6649,1.7354,563.04,9.112,1,0,1,0.000648,7.251981,1,6.56,0.00465,1,0,0,1,0
HVL-2026-001091,4440.91,17,7,4667.45,-0.173,0,0,0,3427,0.201,0,4541.95,1766840.23,4471.23,0,0.9515,0.9778,-226.55,9.383,1,0,0,0.002513,8.398839,1,30.33,0.00683,0,1,0,0,1
HVL-2026-001092,15206.22,10,3,5098.62,7.08,0,0,0,2238,0.645,0,5343.1,1742160.88,15252.94,0,2.9824,2.846,10107.6,6.127,4,0,0,0.008728,9.629526,1,46.72,0.00307,0,0,1,1,0
HVL-2026-001093,2285.36,17,11,2452.54,-0.243,0,0,0,80,0.058,0,2432.87,2759122.91,2286.38,0,0.9318,0.9394,-167.19,0.219,0,0,0,0.000828,7.734715,1,1.02,0.00045,1,0,0,0,1
HVL-2026-001094,15393.28,14,2,16516.14,-0.243,0,0,0,4393,0.209,0,16912.83,2847723.93,15526.41,0,0.932,0.9102,-1122.86,12.027,2,0,0,0.005405,9.641751,1,133.13,0.00865,1,0,0,1,0
HVL-2026-001095,2209.17,12,9,2153.06,0.093,0,0,0,861,0.052,0,2177.82,2654098.9,2233.54,0,1.0261,1.0144,56.12,2.357,2,0,0,0.000832,7.700826,1,24.36,0.01103,0,0,1,0,1
HVL-2026-001096,1473.01,9,1,1128.38,1.091,0,0,0,4047,0.22,0,1051.56,2906218.32,1488.13,0,1.3054,1.4008,344.63,11.08,3,0,0,0.000507,7.295745,1,15.12,0.01026,1,0,0,1,0
HVL-2026-001097,361.16,15,9,487.73,-0.927,0,0,0,1191,0.171,0,485.83,2310359.33,359.21,0,0.7405,0.7434,-126.57,3.261,3,0,0,0.000156,5.892086,1,1.95,0.00541,0,1,0,0,1
HVL-2026-001098,962.65,15,7,2245.57,-2.04,0,0,0,4781,0.392,0,2265.71,2485309.68,970.1,0,0.4287,0.4249,-1282.92,13.09,1,0,0,0.000387,6.870729,1,7.45,0.00774,0,1,0,1,0
HVL-2026-001099,933.99,5,8,868.45,0.27,0,0,0,223,0.168,0,874.53,1070182.57,926.78,0,1.0755,1.068,65.54,0.611,5,1,1,0.000873,6.840538,1,7.21,0.00772,0,1,0,0,1
HVL-2026-001100,4059.75,11,6,3542.44,0.522,0,0,0,2861,0.372,0,3660.16,1428293.6,0.0,0,1.146,1.1092,517.3,7.833,3,0,0,0.002842,8.309122,0,0.0,0.0,1,0,0,1,0
HVL-2026-001101,343.17,9,5,410.6,-0.587,0,0,0,4557,0.59,0,396.49,1903650.38,346.06,0,0.8358,0.8655,-67.43,12.476,3,0,0,0.00018,5.841133,1,2.89,0.00841,1,0,0,0,1
HVL-2026-001102,8379.41,13,4,8188.69,0.083,0,0,0,3323,0.307,0,8493.6,2159251.93,8485.57,0,1.0233,0.9866,190.71,9.098,5,1,0,0.003881,9.033652,1,106.17,0.01267,1,0,0,1,0
HVL-2026-001103,5767.24,11,8,5826.79,-0.036,0,0,0,1485,0.396,0,5794.08,3227468.92,5706.33,0,0.9898,0.9954,-59.55,4.066,6,1,0,0.001787,8.660122,1,60.91,0.01056,1,0,0,0,1
HVL-2026-001104,1617.35,8,11,1782.04,-0.33,0,0,0,337,0.156,0,1910.92,1445997.11,0.0,0,0.9076,0.8464,-164.68,0.923,0,0,0,0.001119,7.389164,0,0.0,0.0,1,0,0,0,1
HVL-2026-001105,6033.37,13,6,6231.6,-0.114,0,0,0,266,0.127,0,6092.13,742052.21,5898.67,0,0.9682,0.9904,-198.22,0.728,4,0,0,0.008131,8.705227,1,134.7,0.02233,0,1,0,1,0
HVL-2026-001106,917.2,14,5,1016.33,-0.348,0,0,0,388,0.045,0,1082.43,3197231.05,925.28,0,0.9025,0.8474,-99.13,1.062,6,1,0,0.000287,6.822414,1,8.08,0.00881,1,0,0,0,1
HVL-2026-001107,10058.64,8,6,8857.75,0.484,0,0,0,4422,0.938,0,9447.99,2353345.61,10070.02,0,1.1356,1.0646,1200.89,12.107,6,1,0,0.004274,9.216287,1,11.37,0.00113,0,1,0,1,0
HVL-2026-001108,393.74,18,4,371.49,0.214,0,0,0,837,0.425,0,373.1,1883089.41,391.51,0,1.0599,1.0553,22.25,2.292,4,0,0,0.000209,5.978226,1,2.23,0.00567,1,0,0,1,0
HVL-2026-001109,4050.82,17,8,5161.64,-0.769,0,0,0,660,0.063,0,5360.55,1342906.9,3999.41,0,0.7848,0.7557,-1110.82,1.807,5,1,0,0.003016,8.30692,1,51.41,0.01269,1,0,0,0,1
HVL-2026-001110,1529.32,11,12,1153.0,1.166,0,0,0,4313,0.246,0,1119.55,2984484.21,1536.27,0,1.3264,1.366,376.32,11.808,1,0,0,0.000512,7.333234,1,6.95,0.00454,1,0,0,0,1
HVL-2026-001111,4710.81,13,7,5776.67,-0.659,0,0,0,4612,0.177,0,5763.5,3060995.83,4720.21,0,0.8155,0.8174,-1065.86,12.627,5,1,0,0.001539,8.457828,1,9.4,0.00199,1,0,0,0,1
HVL-2026-001112,1915.46,16,7,2011.94,-0.171,0,0,0,3717,0.225,0,1885.81,716851.27,1931.94,0,0.952,1.0157,-96.47,10.177,1,0,0,0.002672,7.558237,1,16.48,0.0086,1,0,0,0,1
HVL-2026-001113,1594.11,17,8,1420.79,0.436,0,0,0,1064,0.577,0,1353.84,1038631.26,1589.78,0,1.122,1.1775,173.32,2.913,5,1,0,0.001535,7.3747,1,4.34,0.00272,1,0,0,1,0
HVL-2026-001114,15931.91,7,5,15229.09,0.165,0,0,0,3484,0.59,0,15010.8,500967.18,15887.01,0,1.0461,1.0614,702.81,9.539,0,0,1,0.031802,9.676142,1,44.89,0.00282,1,0,0,0,1
HVL-2026-001115,15138.1,7,7,18264.33,-0.611,0,0,0,5094,0.254,0,18396.45,539928.01,14819.79,0,0.8288,0.8229,-3126.23,13.947,5,1,1,0.028037,9.625036,1,318.31,0.02103,0,1,0,0,1
HVL-2026-001116,5314.64,5,4,1968.57,6.071,0,0,0,3302,0.227,0,2072.22,818351.82,5327.3,0,2.6997,2.5647,3346.07,9.04,0,0,1,0.006494,8.578409,1,12.66,0.00238,0,1,0,0,1
HVL-2026-001117,2455.78,9,3,1072.31,4.608,0,1,0,2443,0.338,0,1029.76,2756566.72,0.0,1,2.2902,2.3848,1383.47,6.689,3,0,0,0.000891,7.806608,0,0.0,0.0,0,1,0,0,1
HVL-2026-001118,343.18,14,8,371.49,-0.272,0,0,0,837,0.425,0,354.98,2881183.65,342.34,0,0.9238,0.9668,-28.3,2.292,3,0,0,0.000119,5.841173,1,0.84,0.00246,0,1,0,1,0
HVL-2026-001119,3402.2,10,3,3199.53,0.226,0,0,0,3899,0.359,0,3004.04,903548.67,3434.79,0,1.0633,1.1325,202.67,10.675,4,0,0,0.003765,8.13247,1,32.6,0.00958,1,0,0,0,1
HVL-2026-001120,259.42,11,4,248.57,0.136,0,0,0,1763,0.414,0,265.69,2598627.8,0.0,0,1.0436,0.9764,10.85,4.827,6,1,0,0.0001,5.562288,0,0.0,0.0,1,0,0,0,1
HVL-2026-001121,3461.79,17,9,3324.92,0.147,0,0,0,3246,0.201,0,3098.98,1997847.05,3488.6,0,1.0412,1.1171,136.87,8.887,0,0,0,0.001733,8.149831,1,26.81,0.00774,1,0,0,1,0
HVL-2026-001122,719.68,9,5,603.67,0.686,0,0,0,4472,0.378,0,578.74,1690646.43,723.09,0,1.1922,1.2435,116.02,12.244,4,0,0,0.000426,6.580198,1,3.41,0.00473,1,0,0,1,0
HVL-2026-001123,1788.24,8,8,1564.68,0.51,0,0,0,3933,0.121,0,1597.59,966059.67,1776.36,0,1.1429,1.1193,223.55,10.768,4,0,0,0.001851,7.489545,1,11.88,0.00664,1,0,0,1,0
HVL-2026-001124,6577.03,13,12,5776.67,0.495,0,0,0,4612,0.177,0,5328.39,982719.95,6589.72,0,1.1386,1.2343,800.36,12.627,4,0,0,0.006693,8.791491,1,12.69,0.00193,0,1,0,0,1
HVL-2026-001125,2015.82,8,8,2009.13,0.012,0,0,0,1511,0.346,0,1916.4,1864646.19,2031.34,0,1.0033,1.0519,6.69,4.137,3,0,0,0.001081,7.609276,1,15.52,0.0077,1,0,0,0,1
HVL-2026-001126,3055.78,14,6,2708.33,0.458,0,0,0,5021,0.361,0,2510.31,2058733.74,3083.05,0,1.1283,1.2173,347.44,13.747,3,0,0,0.001484,8.025116,1,27.27,0.00892,0,0,1,1,0
HVL-2026-001127,1977.81,8,10,1682.61,0.627,0,0,0,1110,0.029,0,1597.58,1041217.5,1995.61,0,1.1754,1.238,295.2,3.039,5,1,0,0.0019,7.590249,1,17.81,0.009,1,0,0,0,1
HVL-2026-001128,2245.32,17,11,2691.24,-0.592,0,0,0,2409,0.19,0,2622.61,1504153.48,0.0,0,0.8343,0.8561,-445.92,6.595,0,0,0,0.001493,7.717048,0,0.0,0.0,1,0,0,1,0
HVL-2026-001129,6166.07,13,6,6744.84,-0.306,0,0,0,2616,0.634,0,7195.71,622265.89,6080.05,0,0.9142,0.8569,-578.77,7.162,0,0,0,0.009909,8.726979,1,86.02,0.01395,1,0,0,1,0
HVL-2026-001130,949.92,7,7,875.07,0.305,0,0,0,3426,0.394,0,896.26,1535319.35,950.38,0,1.0855,1.0599,74.85,9.38,1,0,1,0.000619,6.857431,1,0.46,0.00049,1,0,0,1,0
HVL-2026-001131,9548.74,9,6,18264.33,-1.704,0,0,0,5094,0.254,0,17665.8,569126.58,9533.92,0,0.5228,0.5405,-8715.58,13.947,3,0,0,0.016778,9.164269,1,14.82,0.00155,1,0,0,0,1
HVL-2026-001132,6462.81,16,10,6781.01,-0.168,0,0,0,3693,0.734,0,6514.53,2937827.45,6489.94,0,0.9531,0.9921,-318.2,10.111,4,0,0,0.0022,8.773974,1,27.13,0.0042,0,1,0,1,0
HVL-2026-001133,7787.99,15,7,6923.81,0.446,0,0,0,1566,0.354,0,6616.6,1987771.94,7753.25,0,1.1248,1.177,864.19,4.287,5,1,0,0.003918,8.960467,1,34.75,0.00446,0,1,0,1,0
HVL-2026-001134,1480.93,7,5,1306.89,0.476,0,0,0,3592,0.28,0,1370.03,780951.48,1485.84,0,1.1332,1.081,174.04,9.834,1,0,1,0.001896,7.301102,1,4.91,0.00332,1,0,0,0,1
HVL-2026-001135,7353.25,16,4,5826.79,0.936,0,0,0,1485,0.396,0,6184.4,2071628.58,7295.51,0,1.262,1.189,1526.46,4.066,3,0,0,0.00355,8.903034,1,57.74,0.00785,0,0,1,1,0
HVL-2026-001136,7956.9,5,4,6858.66,0.572,0,0,0,2571,0.063,0,7322.22,936812.03,7992.06,0,1.1601,1.0867,1098.23,7.039,6,1,1,0.008494,8.98192,1,35.16,0.00442,0,1,0,0,1
HVL-2026-001137,9704.89,10,2,2960.97,8.134,0,1,0,4175,0.417,0,2867.54,2516243.0,0.0,0,3.2776,3.3844,6743.91,11.431,4,0,0,0.003857,9.180488,0,0.0,0.0,1,0,0,1,0
HVL-2026-001138,884.07,22,3,410.6,4.118,0,1,1,4557,0.69,0,414.16,2658737.06,887.81,0,2.1531,2.1346,473.47,12.476,5,1,1,0.000333,6.785663,1,3.75,0.00424,1,0,0,1,0
HVL-2026-001139,2358.52,13,8,2193.13,0.269,0,0,0,195,0.27,0,2278.16,2877281.92,2375.01,0,1.0754,1.0353,165.39,0.534,0,0,0,0.00082,7.766213,1,16.49,0.00699,1,0,0,0,1
HVL-2026-001140,7959.52,15,4,7921.58,0.017,0,0,0,2692,0.307,0,7885.27,820571.92,7968.74,0,1.0048,1.0094,37.93,7.37,5,1,0,0.0097,8.982249,1,9.22,0.00116,0,0,1,1,0
HVL-2026-001141,10028.86,17,2,5022.04,3.561,0,1,0,3392,0.329,0,5416.03,2294158.32,0.0,0,1.997,1.8517,5006.82,9.287,2,0,0,0.004371,9.213322,0,0.0,0.0,1,0,0,1,0
HVL-2026-001142,3228.96,11,2,3199.53,0.033,0,0,0,3899,0.359,0,3185.55,2812080.31,3231.36,0,1.0092,1.0136,29.43,10.675,5,1,0,0.001148,8.080224,1,2.4,0.00074,1,0,0,0,1
HVL-2026-001143,3109.45,17,14,3216.47,-0.119,0,0,0,4933,0.47,0,3146.77,641249.6,3114.53,0,0.9667,0.9881,-107.02,13.506,5,1,0,0.004849,8.042522,1,5.09,0.00164,0,0,1,1,0
HVL-2026-001144,3108.59,15,5,2776.14,0.428,0,0,0,1079,0.195,0,2706.22,684726.57,3120.83,0,1.1198,1.1487,332.45,2.954,1,0,0,0.00454,8.042248,1,12.24,0.00394,1,0,0,1,0
HVL-2026-001145,2029.64,13,6,1782.04,0.496,0,0,0,337,0.156,0,1745.74,1712787.69,2049.61,0,1.1389,1.1626,247.6,0.923,2,0,0,0.001185,7.616105,1,19.97,0.00984,1,0,0,1,0
HVL-2026-001146,5086.38,16,7,4253.71,0.699,0,0,0,1424,0.223,0,4043.11,2761943.58,5087.7,0,1.1958,1.258,832.67,3.899,4,0,0,0.001842,8.534518,1,1.32,0.00026,0,0,1,1,0
HVL-2026-001147,23225.01,17,7,20263.16,0.522,0,0,0,4941,0.36,0,19883.01,2502910.03,23310.0,0,1.1462,1.1681,2961.84,13.528,1,0,0,0.009279,10.053028,1,84.99,0.00366,0,1,0,0,1
HVL-2026-001148,3419.01,18,8,3233.38,0.205,0,0,0,2253,0.308,0,3483.83,1636192.44,3471.79,0,1.0574,0.9814,185.63,6.168,0,0,0,0.00209,8.137397,1,52.78,0.01544,1,0,0,1,0
HVL-2026-001149,2513.4,18,8,2708.33,-0.257,0,0,0,5021,0.361,0,2802.68,2450051.65,2552.3,0,0.928,0.8968,-194.93,13.747,6,1,0,0.001026,7.82979,1,38.9,0.01548,0,0,1,1,0
HVL-2026-001150,5998.08,17,8,6923.81,-0.478,0,0,0,1566,0.354,0,7343.68,2471371.47,6072.01,0,0.8663,0.8168,-925.73,4.287,1,0,0,0.002427,8.699361,1,73.93,0.01233,1,0,0,0,1
HVL-2026-001151,360.73,12,5,410.6,-0.434,0,0,0,4557,0.59,0,416.62,1976753.31,359.74,0,0.8786,0.8659,-49.87,12.476,4,0,0,0.000182,5.89091,1,0.99,0.00275,1,0,0,1,0
HVL-2026-001152,12832.83,9,8,13005.93,-0.048,0,0,0,2474,0.411,0,13564.38,3133047.05,12964.35,0,0.9867,0.9461,-173.11,6.773,0,0,0,0.004096,9.45984,1,131.52,0.01025,1,0,0,0,1
HVL-2026-001153,1347.82,15,6,1306.89,0.112,0,0,0,3592,0.28,0,1386.89,2657524.94,1354.53,0,1.0313,0.9718,40.93,9.834,6,1,0,0.000507,7.206988,1,6.71,0.00498,1,0,0,0,1
HVL-2026-001154,1461.51,18,8,1364.19,0.255,0,0,0,2051,0.098,0,1411.09,2228734.97,1450.54,0,1.0713,1.0357,97.33,5.615,4,0,0,0.000656,7.287912,1,10.97,0.00751,0,1,0,1,0
HVL-2026-001155,5297.11,9,7,4482.4,0.649,0,0,0,3341,0.37,0,4149.35,2308641.28,0.0,0,1.1818,1.2766,814.71,9.147,5,1,0,0.002294,8.575105,0,0.0,0.0,1,0,0,1,0
HVL-2026-001156,365.35,8,7,414.6,-0.424,0,0,0,4130,0.302,0,386.9,2598826.9,363.29,0,0.8812,0.9443,-49.25,11.307,0,0,0,0.000141,5.903578,1,2.06,0.00564,1,0,0,0,1
HVL-2026-001157,5740.44,15,10,4996.01,0.532,0,0,0,4936,0.215,0,5048.83,1855318.87,5697.46,0,1.149,1.137,744.43,13.514,0,0,0,0.003094,8.655466,1,42.99,0.00749,1,0,0,1,0
HVL-2026-001158,7663.14,16,8,7921.58,-0.117,0,0,0,2692,0.307,0,8285.42,1764132.74,0.0,0,0.9674,0.9249,-258.45,7.37,1,0,0,0.004344,8.944307,0,0.0,0.0,1,0,0,0,1
HVL-2026-001159,7170.71,16,5,5664.74,0.949,0,0,0,1382,0.168,0,5939.35,1130036.5,7112.73,0,1.2658,1.2073,1505.96,3.784,6,1,0,0.006346,8.877899,1,57.98,0.00809,1,0,0,1,0
HVL-2026-001160,4479.92,13,7,5161.64,-0.472,0,0,0,660,0.063,0,5187.07,2245185.53,4493.32,0,0.8679,0.8637,-681.71,1.807,5,1,0,0.001995,8.407584,1,13.4,0.00299,1,0,0,0,1
HVL-2026-001161,7432.98,16,5,6923.81,0.263,0,0,0,1566,0.354,0,6968.16,2212132.55,7303.82,0,1.0735,1.0667,509.18,4.287,4,0,0,0.00336,8.913817,1,129.16,0.01738,1,0,0,1,0
HVL-2026-001162,5277.23,13,3,5664.74,-0.244,0,0,0,1382,0.168,0,6108.99,2212742.88,0.0,0,0.9316,0.8638,-387.51,3.784,3,0,0,0.002385,8.571347,0,0.0,0.0,0,1,0,0,1
HVL-2026-001163,6119.92,7,4,5664.74,0.287,0,0,0,1382,0.168,0,5655.7,2846336.49,6086.05,0,1.0804,1.0821,455.17,3.784,5,1,1,0.00215,8.719467,1,33.86,0.00553,1,0,0,1,0
HVL-2026-001164,7461.46,17,5,6744.84,0.379,0,0,0,2616,0.634,0,6751.7,2571273.24,7456.03,0,1.1062,1.1051,716.62,7.162,4,0,0,0.002902,8.91764,1,5.43,0.00073,1,0,0,0,1
HVL-2026-001165,6511.24,12,5,6923.81,-0.213,0,0,0,1566,0.354,0,7319.81,1324787.84,6491.48,0,0.9404,0.8895,-412.57,4.287,3,0,0,0.004915,8.781438,1,19.76,0.00303,1,0,0,1,0
HVL-2026-001166,9911.53,11,4,4996.01,3.514,0,0,0,4936,0.215,0,4879.26,1675460.55,9765.55,0,1.9839,2.0314,4915.52,13.514,6,1,0,0.005916,9.201555,1,145.98,0.01473,1,0,0,0,1
HVL-2026-001167,1281.17,12,7,1364.19,-0.217,0,0,0,2051,0.098,0,1450.94,2594198.98,1271.29,0,0.9391,0.883,-83.02,5.615,4,0,0,0.000494,7.156309,1,9.87,0.00771,0,1,0,0,1
HVL-2026-001168,358.82,15,8,376.6,-0.169,0,0,0,1341,0.139,0,364.88,1545507.06,360.58,0,0.9528,0.9834,-17.78,3.671,2,0,0,0.000232,5.885603,1,1.76,0.00489,1,0,0,0,1
HVL-2026-001169,5860.02,10,3,2490.88,4.831,1,0,0,3235,0.398,0,2323.32,1806115.84,5900.57,0,2.3526,2.5223,3369.14,8.857,5,1,0,0.003245,8.676079,1,40.56,0.00692,1,0,0,1,0
HVL-2026-001170,20330.73,17,7,20263.16,0.012,0,0,0,4941,0.36,0,20800.51,2006574.8,20274.17,0,1.0033,0.9774,67.56,13.528,4,0,0,0.010132,9.919938,1,56.56,0.00278,1,0,0,0,1
HVL-2026-001171,3305.0,9,4,3525.31,-0.223,0,0,0,924,0.169,0,3270.68,935546.75,3349.78,0,0.9375,1.0105,-220.31,2.53,4,0,0,0.003533,8.103496,1,44.77,0.01355,1,0,0,1,0
HVL-2026-001172,2629.25,13,4,2452.54,0.257,0,0,0,80,0.058,0,2590.53,2021936.96,2641.77,0,1.0721,1.0149,176.71,0.219,4,0,0,0.0013,7.874834,1,12.52,0.00476,1,0,0,1,0
HVL-2026-001173,12836.6,2,2,6486.89,3.496,0,0,1,957,0.99,1,6486.52,2058637.39,0.0,1,1.9789,1.979,6349.71,2.62,6,1,1,0.006235,9.460134,0,0.0,0.0,0,1,0,0,1
HVL-2026-001174,1127.39,7,5,1436.87,-0.769,0,0,0,4411,0.467,0,1347.22,1811409.03,1126.64,0,0.7846,0.8368,-309.48,12.077,4,0,1,0.000622,7.028544,1,0.75,0.00066,0,1,0,0,1
HVL-2026-001175,1803.56,14,3,2026.7,-0.393,0,0,0,2641,0.218,0,2043.02,2029935.35,0.0,0,0.8899,0.8828,-223.14,7.231,3,0,0,0.000888,7.498074,0,0.0,0.0,1,0,0,0,1
HVL-2026-001176,4111.27,8,3,3542.44,0.573,0,0,0,2861,0.372,0,3760.59,1051078.02,4105.25,0,1.1606,1.0933,568.82,7.833,5,1,0,0.003911,8.32173,1,6.02,0.00146,1,0,0,0,1
HVL-2026-001177,728.11,15,8,744.45,-0.078,0,0,0,778,0.185,0,692.53,2874736.5,0.0,0,0.9781,1.0514,-16.34,2.13,6,1,0,0.000253,6.591828,0,0.0,0.0,0,1,0,0,1
HVL-2026-001178,2357.99,17,4,2452.54,-0.138,0,0,0,80,0.058,0,2424.4,2308168.98,2337.0,0,0.9614,0.9726,-94.56,0.219,5,1,0,0.001022,7.765987,1,20.98,0.0089,0,1,0,0,1
HVL-2026-001179,1758.15,16,8,1898.39,-0.264,0,0,0,3011,0.121,0,2002.06,1820000.88,1766.6,0,0.9261,0.8782,-140.24,8.244,4,0,0,0.000966,7.472588,1,8.44,0.0048,0,1,0,0,1
HVL-2026-001180,2944.91,16,5,2960.97,-0.019,0,0,0,4175,0.317,0,3038.44,1535084.39,2894.79,0,0.9946,0.9692,-16.07,11.431,4,0,0,0.001918,7.988172,1,50.11,0.01702,0,1,0,0,1
HVL-2026-001181,1718.33,14,4,1450.06,0.661,0,0,0,1826,0.313,0,1444.58,2092041.11,1721.36,0,1.185,1.1895,268.27,4.999,4,0,0,0.000821,7.449691,1,3.03,0.00176,0,1,0,0,1
HVL-2026-001182,1770.94,7,8,1450.06,0.79,0,0,0,1826,0.313,0,1384.3,2276559.44,1794.14,0,1.2213,1.2793,320.88,4.999,0,0,1,0.000778,7.479828,1,23.2,0.0131,0,0,1,0,1
HVL-2026-001183,2264.55,11,4,2130.45,0.225,0,0,0,3136,0.346,0,2015.5,508602.37,2246.24,0,1.0629,1.1236,134.1,8.586,6,1,0,0.004453,7.725574,1,18.31,0.00809,1,0,0,1,0
HVL-2026-001184,6919.32,11,8,5830.54,0.667,0,0,0,2143,0.405,0,5485.72,2569411.44,6866.27,0,1.1867,1.2613,1088.77,5.867,2,0,0,0.002693,8.842217,1,53.04,0.00767,0,1,0,1,0
HVL-2026-001185,2145.9,6,8,2691.24,-0.724,0,0,0,2409,0.19,0,2480.4,1460671.06,2106.0,0,0.7974,0.8651,-545.34,6.595,6,1,1,0.001469,7.67178,1,39.9,0.01859,1,0,0,0,1
HVL-2026-001186,1634.58,16,9,1436.87,0.491,0,0,0,4411,0.467,0,1509.95,1065588.19,1647.41,0,1.1376,1.0825,197.71,12.077,4,0,0,0.001534,7.39975,1,12.83,0.00785,1,0,0,1,0
HVL-2026-001187,2066.73,10,9,2215.31,-0.24,0,0,0,4846,0.202,0,2151.79,1553219.17,2076.91,0,0.9329,0.9605,-148.58,13.268,3,0,0,0.001331,7.634205,1,10.19,0.00493,1,0,0,1,0
HVL-2026-001188,6960.94,14,9,7401.97,-0.213,0,0,0,2420,0.108,0,7593.18,2409770.4,6891.52,0,0.9404,0.9167,-441.03,6.626,6,1,0,0.002889,8.848213,1,69.42,0.00997,1,0,0,1,0
HVL-2026-001189,498.17,17,5,376.6,1.153,0,0,0,1341,0.139,0,372.01,830160.38,497.6,0,1.3228,1.3391,121.57,3.671,1,0,0,0.0006,6.212949,1,0.57,0.00115,0,1,0,1,0
HVL-2026-001190,629.01,10,9,860.0,-0.959,0,0,0,596,0.975,0,860.79,3207445.41,633.06,0,0.7314,0.7307,-230.98,1.632,6,1,0,0.000196,6.445741,1,4.05,0.00643,1,0,0,1,0
HVL-2026-001191,730.19,8,9,858.7,-0.534,0,0,0,4441,0.265,0,884.14,673292.43,728.84,0,0.8503,0.8259,-128.51,12.159,5,1,0,0.001085,6.594674,1,1.35,0.00185,0,1,0,0,1
HVL-2026-001192,2035.99,9,9,2026.7,0.016,0,0,0,2641,0.218,0,2147.4,2265026.43,2038.93,0,1.0046,0.9481,9.29,7.231,0,0,0,0.000899,7.619229,1,2.94,0.00144,1,0,0,1,0
HVL-2026-001193,4845.69,12,11,4537.95,0.242,0,0,0,2321,0.201,0,4828.38,3079261.66,4846.07,0,1.0678,1.0036,307.75,6.355,1,0,0,0.001574,8.486052,1,0.37,8e-05,1,0,0,1,0
HVL-2026-001194,2013.38,16,5,1782.04,0.464,0,0,0,337,0.156,0,1907.37,1881942.21,0.0,0,1.1298,1.0556,231.34,0.923,2,0,0,0.00107,7.608068,0,0.0,0.0,1,0,0,1,0
HVL-2026-001195,3695.96,16,1,1420.79,5.719,0,1,0,1064,0.677,0,1321.95,1828084.11,3682.37,0,2.6013,2.7958,2275.17,2.913,0,0,0,0.002022,8.215266,1,13.59,0.00368,1,0,0,1,0
HVL-2026-001196,17870.67,15,11,15778.88,0.473,0,0,0,3197,0.53,0,14615.68,1659987.74,18029.16,0,1.1326,1.2227,2091.79,8.753,3,0,0,0.010766,9.790972,1,158.49,0.00887,1,0,0,1,0
HVL-2026-001197,6479.84,17,8,7352.07,-0.424,0,0,0,3853,0.109,0,7015.71,692548.01,6492.32,0,0.8814,0.9236,-872.24,10.549,2,0,0,0.009357,8.776605,1,12.49,0.00193,1,0,0,1,0
HVL-2026-001198,1325.41,12,8,1420.79,-0.24,0,0,0,1064,0.577,0,1374.92,2225336.78,1326.19,0,0.9329,0.964,-95.39,2.913,1,0,0,0.000596,7.190229,1,0.78,0.00059,1,0,0,1,0
HVL-2026-001199,9083.66,13,4,10087.39,-0.355,0,0,0,1318,0.465,0,9696.03,2828212.94,9104.73,0,0.9005,0.9368,-1003.72,3.608,3,0,0,0.003212,9.114343,1,21.06,0.00232,0,1,0,1,0
HVL-2026-001200,10776.94,16,9,13005.93,-0.612,0,0,0,2474,0.411,0,13934.15,1993965.68,10706.62,0,0.8286,0.7734,-2228.99,6.773,6,1,0,0.005405,9.285256,1,70.32,0.00652,1,0,0,1,0
HVL-2026-001201,3126.77,11,5,2452.54,0.982,0,0,0,80,0.058,0,2627.45,2863028.29,3106.88,0,1.2749,1.19,674.22,0.219,3,0,0,0.001092,8.048075,1,19.89,0.00636,0,0,1,1,0
HVL-2026-001202,659.44,9,5,846.86,-0.79,0,0,0,3328,0.225,0,871.29,1684067.12,662.29,0,0.7787,0.7569,-187.42,9.112,0,0,0,0.000392,6.492904,1,2.85,0.00432,1,0,0,1,0
HVL-2026-001203,21831.57,3,4,6486.89,8.448,0,0,1,957,0.99,1,6945.49,1783906.1,21756.28,0,3.3655,3.1433,15344.68,2.62,1,0,1,0.012238,9.991158,1,75.28,0.00345,0,1,0,1,0
HVL-2026-001204,2044.87,16,7,2130.45,-0.143,0,0,0,3136,0.346,0,2158.09,1692573.25,2049.11,0,0.9598,0.9475,-85.58,8.586,0,0,0,0.001208,7.623578,1,4.24,0.00207,1,0,0,1,0
HVL-2026-001205,5842.29,13,6,6744.84,-0.478,0,0,0,2616,0.634,0,6903.45,2674799.88,5838.4,0,0.8662,0.8463,-902.55,7.162,2,0,0,0.002184,8.673049,1,3.89,0.00067,1,0,0,1,0
HVL-2026-001206,3081.96,13,8,2747.54,0.435,0,0,0,5088,0.26,0,2861.86,2196291.02,3062.36,0,1.1217,1.0769,334.42,13.93,4,0,0,0.001403,8.033644,1,19.6,0.00636,1,0,0,1,0
HVL-2026-001207,2241.76,7,6,2452.55,-0.307,0,0,0,3935,0.283,0,2272.85,1255210.45,2249.22,0,0.914,0.9863,-210.8,10.773,0,0,1,0.001786,7.715461,1,7.47,0.00333,1,0,0,0,1
HVL-2026-001208,1794.33,8,3,2121.94,-0.551,0,0,0,3054,0.446,0,2247.88,1899945.22,1775.16,0,0.8456,0.7982,-327.61,8.361,2,0,0,0.000944,7.492941,1,19.17,0.01068,0,1,0,0,1
HVL-2026-001209,1069.32,11,6,973.94,0.35,0,0,0,3424,0.161,0,963.25,2754421.29,1077.7,0,1.0979,1.1101,95.38,9.374,0,0,0,0.000388,6.975714,1,8.38,0.00784,1,0,0,0,1
HVL-2026-001210,2378.41,14,9,2691.24,-0.415,0,0,0,2409,0.19,0,2613.73,532878.27,2376.55,0,0.8838,0.91,-312.82,6.595,1,0,0,0.004463,7.774608,1,1.86,0.00078,1,0,0,0,1
HVL-2026-001211,9985.32,12,3,3542.44,6.496,0,0,0,2861,0.372,0,3526.12,2428454.92,10034.56,0,2.8188,2.8318,6442.88,7.833,3,0,0,0.004112,9.208971,1,49.24,0.00493,0,1,0,1,0
HVL-2026-001212,17636.43,12,7,20263.16,-0.463,0,0,0,4941,0.36,0,21413.13,661580.65,17926.45,0,0.8704,0.8236,-2626.73,13.528,3,0,0,0.026658,9.777779,1,290.01,0.01644,0,0,1,1,0
HVL-2026-001213,1321.24,10,6,1459.03,-0.337,0,0,0,4146,0.026,0,1350.84,722740.44,1306.65,0,0.9056,0.9781,-137.8,11.351,3,0,0,0.001828,7.187079,1,14.59,0.01104,1,0,0,1,0
HVL-2026-001214,2121.17,15,7,2490.88,-0.53,0,0,0,3235,0.278,0,2618.17,2522182.53,2137.27,0,0.8516,0.8102,-369.71,8.857,0,0,0,0.000841,7.660194,1,16.1,0.00759,1,0,0,0,1
HVL-2026-001215,382.99,12,5,377.33,0.053,0,0,0,4066,0.401,0,362.02,1150248.6,383.16,0,1.015,1.0579,5.65,11.132,2,0,0,0.000333,5.950608,1,0.17,0.00045,0,1,0,0,1
HVL-2026-001216,836.34,17,10,858.7,-0.093,0,0,0,4441,0.265,0,904.27,2077023.57,829.05,0,0.974,0.9249,-22.35,12.159,3,0,0,0.000403,6.730236,1,7.29,0.00872,0,1,0,1,0
HVL-2026-001217,1199.73,14,7,1128.38,0.226,0,0,0,4047,0.22,0,1191.79,881441.9,1202.65,0,1.0632,1.0067,71.35,11.08,0,0,0,0.001361,7.090685,1,2.92,0.00244,0,1,0,0,1
HVL-2026-001218,2799.97,13,9,2635.6,0.223,0,0,0,4423,0.269,0,2479.85,1301044.13,2795.08,0,1.0624,1.1291,164.37,12.11,4,0,0,0.002152,7.937722,1,4.9,0.00175,0,1,0,1,0
HVL-2026-001219,1845.98,18,6,1690.58,0.328,0,0,0,914,0.187,0,1780.65,3119558.98,1843.62,0,1.0919,1.0367,155.4,2.502,0,0,0,0.000592,7.521309,1,2.37,0.00128,1,0,0,1,0
HVL-2026-001220,2338.03,12,5,2121.94,0.364,0,0,0,3054,0.446,0,2263.5,564960.25,2299.83,0,1.1018,1.0329,216.09,8.361,6,1,0,0.004138,7.75749,1,38.19,0.01633,1,0,0,1,0
HVL-2026-001221,2625.36,8,8,3324.92,-0.751,0,0,0,3246,0.201,0,3503.39,1225884.27,2653.65,0,0.7896,0.7494,-699.56,8.887,2,0,0,0.002142,7.873354,1,28.29,0.01077,1,0,0,0,1
HVL-2026-001222,6616.85,15,3,7707.61,-0.505,0,0,0,3928,0.28,0,7629.07,616325.31,6527.76,0,0.8585,0.8673,-1090.76,10.754,1,0,0,0.010736,8.797526,1,89.09,0.01346,1,0,0,1,0
HVL-2026-001223,2238.39,8,6,2166.75,0.118,0,0,0,1981,0.429,0,2077.43,891540.17,2248.67,0,1.0331,1.0775,71.65,5.424,3,0,0,0.002511,7.71396,1,10.27,0.00459,0,1,0,1,0
HVL-2026-001224,2991.88,8,11,2747.54,0.318,0,0,0,5088,0.26,0,2866.2,2551579.24,2994.4,0,1.0889,1.0438,244.34,13.93,3,0,0,0.001173,8.00399,1,2.53,0.00084,1,0,0,1,0
HVL-2026-001225,6055.91,15,10,5664.74,0.247,0,0,0,1382,0.168,0,5366.03,2915127.69,6015.61,0,1.0691,1.1286,391.17,3.784,0,0,0,0.002077,8.708955,1,40.3,0.00665,0,1,0,1,0
HVL-2026-001226,4284.72,17,6,3525.31,0.769,0,0,0,924,0.169,0,3761.59,1399495.23,4277.62,0,1.2154,1.1391,759.4,2.53,3,0,0,0.003062,8.363043,1,7.1,0.00166,1,0,0,1,0
HVL-2026-001227,1727.03,8,6,1603.64,0.275,0,0,0,1766,0.055,0,1542.87,1060563.44,1728.13,0,1.0769,1.1194,123.39,4.835,2,0,0,0.001628,7.454737,1,1.1,0.00064,1,0,0,1,0
HVL-2026-001228,2482.78,16,7,3233.38,-0.829,0,0,0,2253,0.308,0,3038.31,1246400.56,2477.0,0,0.7679,0.8172,-750.6,6.168,4,0,0,0.001992,7.817537,1,5.78,0.00233,1,0,0,0,1
HVL-2026-001229,2633.2,12,14,2635.6,-0.003,0,0,0,4423,0.269,0,2451.03,731587.55,2616.97,0,0.9991,1.0743,-2.41,12.11,4,0,0,0.003599,7.876333,1,16.23,0.00616,0,1,0,1,0
HVL-2026-001230,5604.76,16,8,6744.84,-0.604,0,0,0,2616,0.634,0,6437.05,3076726.99,5605.02,0,0.831,0.8707,-1140.08,7.162,5,1,0,0.001822,8.631549,1,0.26,5e-05,1,0,0,0,1
HVL-2026-001231,6437.41,8,8,6858.66,-0.219,0,0,0,2571,0.063,0,6469.75,884838.78,6435.43,0,0.9386,0.995,-421.25,7.039,1,0,0,0.007275,8.770037,1,1.98,0.00031,1,0,0,0,1
HVL-2026-001232,1768.62,18,9,1603.64,0.367,0,0,0,1766,0.055,0,1519.32,2027940.36,1791.05,0,1.1029,1.1641,164.98,4.835,4,0,0,0.000872,7.478521,1,22.43,0.01268,1,0,0,1,0
HVL-2026-001233,5370.83,10,5,5098.62,0.191,0,0,0,2238,0.645,0,5122.41,1798769.74,5379.53,0,1.0534,1.0485,272.2,6.127,5,1,0,0.002986,8.588923,1,8.7,0.00162,0,1,0,1,0
HVL-2026-001234,1352.74,8,9,1364.19,-0.03,0,0,0,2051,0.098,0,1405.52,2328980.83,1340.68,0,0.9916,0.9624,-11.45,5.615,4,0,0,0.000581,7.210627,1,12.06,0.00892,0,0,1,1,0
HVL-2026-001235,29548.08,15,2,15778.88,3.117,0,0,0,3197,0.53,0,15150.1,2131148.04,29350.36,0,1.8726,1.9504,13769.2,8.753,1,0,0,0.013865,10.293808,1,197.73,0.00669,0,0,1,1,0
HVL-2026-001236,2084.12,9,6,1866.31,0.417,0,0,0,264,0.199,0,1924.75,807301.36,2075.79,0,1.1167,1.0828,217.81,0.723,4,0,0,0.002582,7.642584,1,8.33,0.004,1,0,0,1,0
HVL-2026-001237,3627.51,15,7,4315.98,-0.57,0,0,0,4029,0.249,0,4096.45,990675.03,0.0,0,0.8405,0.8855,-688.47,11.031,6,1,0,0.003662,8.196577,0,0.0,0.0,1,0,0,0,1
HVL-2026-001238,3637.78,17,5,4996.01,-0.971,0,0,0,4936,0.215,0,5131.83,1929371.02,3652.09,0,0.7281,0.7089,-1358.23,13.514,3,0,0,0.001885,8.199404,1,14.31,0.00393,0,1,0,1,0
HVL-2026-001239,1685.22,17,5,1782.04,-0.194,0,0,0,337,0.156,0,1716.58,2363765.72,1673.38,0,0.9457,0.9817,-96.81,0.923,4,0,0,0.000713,7.430248,1,11.84,0.00703,1,0,0,0,1
HVL-2026-001240,1524.28,11,7,1448.1,0.188,0,0,0,2211,0.492,0,1367.66,943487.1,1530.81,0,1.0526,1.1145,76.18,6.053,6,1,0,0.001616,7.329931,1,6.54,0.00429,1,0,0,0,1
HVL-2026-001241,1506.39,12,9,1560.89,-0.125,0,0,0,1483,0.161,0,1658.33,1365235.94,1506.97,0,0.9651,0.9084,-54.5,4.06,6,1,0,0.001103,7.318134,1,0.59,0.00039,1,0,0,1,0
HVL-2026-001242,6270.59,13,6,6200.62,0.04,0,0,0,1574,0.257,0,6335.33,2092992.17,0.0,0,1.0113,0.9898,69.97,4.309,4,0,0,0.002996,8.743785,0,0.0,0.0,1,0,0,0,1
HVL-2026-001243,2918.66,8,8,2452.54,0.679,0,0,0,80,0.058,0,2523.68,2422616.95,2892.5,0,1.1901,1.1565,466.12,0.219,0,0,0,0.001205,7.979223,1,26.17,0.00897,1,0,0,0,1
HVL-2026-001244,796.94,7,10,744.45,0.252,0,0,0,778,0.185,0,721.45,752140.81,789.88,0,1.0705,1.1046,52.48,2.13,3,0,1,0.00106,6.682029,1,7.06,0.00885,1,0,0,1,0
HVL-2026-001245,8834.89,18,9,6923.81,0.986,0,0,0,1566,0.354,0,6954.85,543904.67,8839.61,0,1.276,1.2703,1911.09,4.287,0,0,0,0.016243,9.086577,1,4.72,0.00053,0,0,1,1,0
HVL-2026-001246,15733.02,15,10,15778.88,-0.01,0,0,0,3197,0.53,0,14776.91,2612386.65,15606.32,0,0.9971,1.0647,-45.87,8.753,0,0,0,0.006022,9.66358,1,126.7,0.00805,1,0,0,1,0
HVL-2026-001247,6809.53,8,5,6486.89,0.178,0,0,0,957,0.99,1,6984.54,499012.17,6808.46,0,1.0497,0.9749,322.64,2.62,4,0,0,0.013646,8.826225,1,1.08,0.00016,1,0,0,1,0
HVL-2026-001248,1269.72,13,5,1032.94,0.819,0,0,0,661,0.227,0,1015.2,1325916.37,1281.68,0,1.2292,1.2507,236.77,1.81,3,0,0,0.000958,7.147335,1,11.97,0.00943,1,0,0,0,1
HVL-2026-001249,3474.06,21,7,4537.95,-0.837,0,0,0,2321,0.201,0,4598.06,940551.44,3403.06,0,0.7656,0.7555,-1063.89,6.355,4,0,1,0.003694,8.153366,1,71.0,0.02044,1,0,0,0,1
HVL-2026-001250,3707.35,12,8,4537.95,-0.654,0,0,0,2321,0.201,0,4753.3,3127740.94,0.0,0,0.817,0.78,-830.6,6.355,0,0,0,0.001185,8.218342,0,0.0,0.0,1,0,0,1,0
