invoice_id,invoice_amount,submission_hour,supplier_invoice_count_30d,supplier_avg_amount_90d,invoice_amount_zscore,duplicate_invoice_flag,split_invoice_flag,late_night_submission_flag,supplier_age_days,supplier_risk_score,blacklisted_flag,avg_invoice_amount,annual_budget,ocr_total_extracted,image_tamper_flag,amount_to_supplier_90d_avg_ratio,amount_to_supplier_avg_ratio,amount_diff_supplier_90d_avg,supplier_age_years,invoice_day_of_week,weekend_invoice_flag,outside_business_hours_flag,invoice_to_department_budget_ratio,log_invoice_amount,image_metadata_available_flag,invoice_ocr_amount_diff,invoice_ocr_relative_diff,payment_terms_NET30,payment_terms_NET60,payment_terms_NET90,invoice_type_GOODS,invoice_type_SERVICES
NBM-2026-000001,2912.77,16,6,2876.97,0.044,0,0,0,1386,0.056,0,3037.35,2974748.45,2901.43,0,1.0124,0.959,35.79,3.795,6,1,0,0.000979,7.977201,1,11.34,0.00389,1,0,0,0,1
NBM-2026-000002,13702.2,12,7,14186.61,-0.122,0,0,0,3670,0.787,0,13813.08,2069744.75,13739.83,0,0.9659,0.992,-484.41,10.048,4,0,0,0.00662,9.525385,1,37.63,0.00275,0,0,1,1,0
NBM-2026-000003,6185.79,12,10,6118.96,0.039,0,0,0,4064,0.096,0,6161.1,2286080.57,6165.88,0,1.0109,1.004,66.83,11.127,0,0,0,0.002706,8.730171,1,19.91,0.00322,0,1,0,0,1
NBM-2026-000004,1677.32,8,3,1482.32,0.47,0,0,0,1927,0.944,0,1475.29,3960370.29,1678.24,0,1.1316,1.1369,195.01,5.276,6,1,0,0.000424,7.425551,1,0.92,0.00055,0,1,0,1,0
NBM-2026-000005,11568.8,15,3,10878.56,0.227,0,0,0,3268,0.211,0,10026.56,3488569.02,11624.81,0,1.0634,1.1538,690.24,8.947,3,0,0,0.003316,9.356153,1,56.01,0.00484,1,0,0,1,0
NBM-2026-000006,6651.52,7,9,6505.53,0.08,0,0,0,3103,0.205,0,6465.03,3822996.64,6592.61,0,1.0224,1.0288,145.99,8.496,0,0,1,0.00174,8.802751,1,58.91,0.00886,1,0,0,0,1
NBM-2026-000007,6240.7,18,6,6399.34,-0.089,0,0,0,1028,0.495,0,6262.46,1521180.36,6238.68,0,0.9752,0.9965,-158.64,2.815,4,0,0,0.004103,8.739007,1,2.02,0.00032,1,0,0,1,0
NBM-2026-000008,12385.48,14,5,12822.06,-0.122,0,0,0,2165,0.827,0,13308.0,2892711.53,12298.42,0,0.966,0.9307,-436.58,5.927,1,0,0,0.004282,9.424361,1,87.06,0.00703,0,1,0,1,0
NBM-2026-000009,503.41,18,7,638.85,-0.757,0,0,0,4905,0.109,0,632.62,1471038.31,504.34,0,0.788,0.7958,-135.44,13.429,6,1,0,0.000342,6.223398,1,0.93,0.00184,1,0,0,1,0
NBM-2026-000010,1778.05,9,7,1498.56,0.666,0,0,0,2936,0.067,0,1602.27,911951.73,1786.14,0,1.1865,1.1097,279.49,8.038,6,1,0,0.00195,7.483834,1,8.09,0.00455,1,0,0,0,1
NBM-2026-000011,6688.27,14,3,6505.53,0.1,0,0,0,3103,0.205,0,6694.28,2540064.31,6630.02,0,1.0281,0.9991,182.74,8.496,4,0,0,0.002633,8.80826,1,58.25,0.00871,1,0,0,1,0
NBM-2026-000012,3092.29,17,9,2537.83,0.78,0,0,0,4586,0.195,0,2351.02,2962604.28,3102.98,0,1.2185,1.3153,554.45,12.556,6,1,0,0.001044,8.03699,1,10.69,0.00346,1,0,0,0,1
NBM-2026-000013,4549.56,8,10,5281.74,-0.495,0,0,0,2153,0.47,0,5171.25,4200390.11,4554.92,0,0.8614,0.8798,-732.18,5.895,6,1,0,0.001083,8.423006,1,5.36,0.00118,1,0,0,0,1
NBM-2026-000014,896.76,15,8,1183.68,-0.866,0,0,0,1442,0.206,0,1226.58,1110715.85,893.86,0,0.7576,0.7311,-286.93,3.948,0,0,0,0.000807,6.7999,1,2.9,0.00323,0,1,0,0,1
NBM-2026-000015,1928.72,12,5,1849.78,0.152,0,0,0,263,0.156,0,1983.08,3068307.67,1939.62,0,1.0427,0.9726,78.94,0.72,6,1,0,0.000629,7.565128,1,10.91,0.00566,0,0,1,0,1
NBM-2026-000016,2062.33,11,10,2627.48,-0.768,0,0,0,3373,0.157,0,2739.28,2045214.33,2042.84,0,0.7849,0.7529,-565.16,9.235,2,0,0,0.001008,7.632074,1,19.48,0.00945,0,1,0,1,0
NBM-2026-000017,2621.17,13,5,2367.24,0.383,0,0,0,4661,0.267,0,2500.9,747442.0,2636.16,0,1.1073,1.0481,253.92,12.761,5,1,0,0.003507,7.871756,1,14.99,0.00572,1,0,0,1,0
NBM-2026-000018,4624.87,15,4,5418.23,-0.523,0,0,0,424,0.424,0,5751.9,3782828.69,4570.21,0,0.8536,0.8041,-793.36,1.161,3,0,0,0.001223,8.439419,1,54.66,0.01182,1,0,0,1,0
NBM-2026-000019,2961.67,10,6,2985.48,-0.028,0,0,0,3200,0.206,0,3127.42,1542913.45,2964.68,0,0.992,0.947,-23.81,8.761,0,0,0,0.00192,7.993845,1,3.02,0.00102,0,1,0,1,0
NBM-2026-000020,1758.78,15,5,2028.11,-0.474,0,0,0,334,0.26,0,1949.83,1111670.84,1751.08,0,0.8672,0.902,-269.32,0.914,4,0,0,0.001582,7.472946,1,7.7,0.00438,1,0,0,1,0
NBM-2026-000021,998.35,10,12,1053.86,-0.188,0,0,0,244,0.145,0,1037.13,2344519.77,985.28,0,0.9473,0.9626,-55.52,0.668,4,0,0,0.000426,6.907102,1,13.06,0.01308,1,0,0,0,1
NBM-2026-000022,4512.26,11,7,4141.47,0.32,0,0,0,3829,0.613,0,4019.06,3628901.81,4471.35,0,1.0895,1.1227,370.79,10.483,0,0,0,0.001243,8.414775,1,40.91,0.00907,0,1,0,1,0
NBM-2026-000023,2280.78,7,5,2302.63,-0.034,0,0,0,4198,0.135,0,2372.88,3272624.78,2273.61,0,0.9905,0.9612,-21.85,11.493,3,0,1,0.000697,7.73271,1,7.16,0.00314,0,1,0,1,0
NBM-2026-000024,5032.06,11,7,4624.52,0.315,0,0,0,3812,0.069,0,4738.43,795719.68,5079.61,0,1.0881,1.062,407.54,10.437,4,0,0,0.006324,8.523784,1,47.55,0.00945,1,0,0,1,0
NBM-2026-000025,3199.86,9,5,2745.45,0.591,0,0,0,1384,0.076,0,2555.84,3138503.05,3177.26,0,1.1655,1.252,454.41,3.789,6,1,0,0.00102,8.071175,1,22.6,0.00706,1,0,0,1,0
NBM-2026-000026,1840.14,8,6,2008.53,-0.299,0,0,0,2820,0.071,0,2103.71,1067966.64,1843.06,0,0.9162,0.8747,-168.39,7.721,2,0,0,0.001723,7.518141,1,2.92,0.00158,1,0,0,0,1
NBM-2026-000027,1844.79,11,8,1500.84,0.818,0,0,0,2077,0.25,0,1504.72,2661063.91,1824.34,0,1.2292,1.226,343.95,5.687,1,0,0,0.000693,7.520661,1,20.45,0.01109,0,1,0,1,0
NBM-2026-000028,1298.65,16,8,1500.84,-0.481,0,0,0,2077,0.25,0,1447.84,624330.47,1304.16,0,0.8653,0.897,-202.19,5.687,4,0,0,0.00208,7.169847,1,5.52,0.00425,1,0,0,1,0
NBM-2026-000029,1276.38,12,3,1498.56,-0.53,0,0,0,2936,0.067,0,1483.66,1733904.92,1268.72,0,0.8517,0.8603,-222.18,8.038,3,0,0,0.000736,7.152563,1,7.65,0.006,1,0,0,1,0
NBM-2026-000030,2033.1,13,6,1688.12,0.73,0,0,0,2703,0.093,0,1751.27,3584773.27,2005.94,0,1.2044,1.1609,344.97,7.4,2,0,0,0.000567,7.617807,1,27.16,0.01336,1,0,0,1,0
NBM-2026-000031,2253.44,17,3,2245.05,0.013,0,0,0,2458,0.212,0,2067.19,4190074.6,2217.9,0,1.0037,1.0901,8.39,6.73,1,0,0,0.000538,7.720657,1,35.54,0.01577,0,0,1,1,0
NBM-2026-000032,13191.57,16,10,11373.47,0.571,0,0,0,2975,0.231,0,11102.47,1669537.68,13157.07,0,1.1599,1.1882,1818.1,8.145,3,0,0,0.007901,9.487409,1,34.5,0.00262,1,0,0,0,1
NBM-2026-000033,1693.15,21,6,1572.74,0.273,0,0,0,2441,0.07,0,1572.04,3415844.23,1692.27,0,1.0766,1.077,120.41,6.683,2,0,1,0.000496,7.434935,1,0.88,0.00052,0,0,1,0,1
NBM-2026-000034,4130.8,8,3,1480.76,6.392,0,0,0,4511,0.403,0,1563.16,3905209.92,0.0,0,2.7896,2.6426,2650.04,12.35,0,0,0,0.001058,8.326468,0,0.0,0.0,0,0,1,0,1
NBM-2026-000035,2269.15,13,7,1744.87,1.073,0,0,0,2920,0.202,0,1863.94,1287994.45,2272.34,0,1.3005,1.2174,524.27,7.995,3,0,0,0.001762,7.7276,1,3.2,0.00141,1,0,0,1,0
NBM-2026-000036,2769.28,10,4,2367.24,0.607,0,0,0,4661,0.267,0,2229.36,3327591.95,2790.92,0,1.1698,1.2422,402.04,12.761,1,0,0,0.000832,7.926705,1,21.64,0.00781,1,0,0,0,1
NBM-2026-000037,6571.96,16,4,2972.03,4.326,0,0,0,3802,0.253,0,3147.4,2125341.87,6565.38,0,2.2113,2.0881,3599.93,10.409,6,1,0,0.003092,8.79072,1,6.58,0.001,1,0,0,1,0
NBM-2026-000038,1278.13,7,7,1194.41,0.25,0,0,0,1234,0.179,0,1280.52,1938325.25,0.0,0,1.0701,0.9981,83.73,3.379,0,0,1,0.000659,7.153936,0,0.0,0.0,1,0,0,1,0
NBM-2026-000039,11793.0,18,10,13381.57,-0.424,0,0,0,3381,0.059,0,12873.74,3934854.13,11763.2,0,0.8813,0.9161,-1588.57,9.257,6,1,0,0.002997,9.375347,1,29.8,0.00253,1,0,0,0,1
NBM-2026-000040,2793.97,12,11,2537.83,0.36,0,0,0,4586,0.195,0,2716.9,1234592.51,2776.74,0,1.1009,1.0284,256.14,12.556,6,1,0,0.002263,7.935577,1,17.23,0.00617,0,1,0,0,1
NBM-2026-000041,658.18,12,10,915.08,-1.003,0,0,0,4311,0.117,0,877.32,2791121.91,657.53,0,0.7193,0.7502,-256.9,11.803,0,0,0,0.000236,6.491003,1,0.65,0.00099,0,1,0,0,1
NBM-2026-000042,2129.94,15,9,1953.96,0.322,0,0,0,155,0.37,0,1942.09,2037619.32,2098.09,0,1.0901,1.0967,175.98,0.424,2,0,0,0.001045,7.664318,1,31.85,0.01496,1,0,0,0,1
NBM-2026-000043,852.08,13,5,915.08,-0.246,0,0,0,4311,0.117,0,893.39,3892609.26,850.45,0,0.9312,0.9538,-63.0,11.803,4,0,0,0.000219,6.748858,1,1.63,0.00191,0,1,0,0,1
NBM-2026-000044,19117.24,7,7,16184.51,0.647,0,0,0,203,0.314,0,14924.27,1642177.14,19082.08,0,1.1812,1.2809,2932.73,0.556,0,0,1,0.011641,9.858398,1,35.17,0.00184,1,0,0,0,1
NBM-2026-000045,3174.28,17,7,3276.08,-0.111,0,0,0,447,0.101,0,3318.72,4209351.9,3215.3,0,0.9689,0.9565,-101.79,1.224,6,1,0,0.000754,8.063152,1,41.01,0.01292,1,0,0,1,0
NBM-2026-000046,3569.91,11,2,3025.65,0.642,0,0,0,2539,0.437,0,2848.52,2781989.31,3519.94,0,1.1799,1.2533,544.26,6.951,3,0,0,0.001283,8.180575,1,49.96,0.014,1,0,0,0,1
NBM-2026-000047,6622.87,6,5,6058.16,0.333,0,0,0,3698,0.143,0,6147.82,851168.14,6660.46,0,1.0932,1.0773,564.71,10.125,4,0,1,0.007781,8.798436,1,37.58,0.00567,1,0,0,1,0
NBM-2026-000048,1899.74,18,8,2245.05,-0.549,0,0,0,2458,0.212,0,2417.36,769493.04,0.0,0,0.8462,0.7859,-345.3,6.73,0,0,0,0.002469,7.550001,0,0.0,0.0,1,0,0,1,0
NBM-2026-000049,3520.19,12,8,3622.17,-0.101,0,0,0,161,0.481,0,3447.89,1776737.23,3536.26,0,0.9718,1.021,-101.99,0.441,0,0,0,0.001981,8.166553,1,16.08,0.00457,0,1,0,1,0
NBM-2026-000050,9832.25,15,1,10502.81,-0.228,0,0,0,687,0.589,0,9908.86,1639758.89,9697.55,0,0.9362,0.9923,-670.56,1.881,1,0,0,0.005996,9.193525,1,134.69,0.0137,1,0,0,0,1
NBM-2026-000051,8141.94,7,14,6770.82,0.723,0,0,0,842,0.175,0,6403.69,2667460.6,8114.98,0,1.2025,1.2714,1371.12,2.305,5,1,1,0.003052,9.004906,1,26.96,0.00331,1,0,0,0,1
NBM-2026-000052,12465.62,8,15,12822.06,-0.099,0,0,0,2165,0.827,0,13237.85,1280501.06,12232.38,0,0.9722,0.9417,-356.44,5.927,3,0,0,0.009735,9.43081,1,233.24,0.01871,1,0,0,1,0
NBM-2026-000053,3601.1,10,4,3407.86,0.203,0,0,0,886,0.055,0,3414.34,700830.25,3622.76,0,1.0567,1.0547,193.24,2.426,1,0,0,0.005138,8.189271,1,21.66,0.00602,0,1,0,1,0
NBM-2026-000054,3168.61,7,5,1243.33,5.53,0,1,0,2280,0.428,0,1145.78,2858718.77,3226.77,0,2.5485,2.7655,1925.28,6.242,5,1,1,0.001108,8.061365,1,58.16,0.01835,1,0,0,1,0
NBM-2026-000055,15294.56,23,3,6399.34,4.964,0,0,1,1028,0.495,0,6757.16,4118232.25,15476.48,0,2.39,2.2635,8895.22,2.815,4,0,1,0.003714,9.635318,1,181.93,0.01189,1,0,0,0,1
NBM-2026-000056,3138.65,15,13,3407.86,-0.282,0,0,0,886,0.055,0,3532.46,715772.45,3123.92,0,0.921,0.8885,-269.21,2.426,5,1,0,0.004385,8.051868,1,14.73,0.00469,1,0,0,0,1
NBM-2026-000057,1505.93,9,7,1396.55,0.28,0,0,0,1578,0.428,0,1431.16,927502.52,1495.7,0,1.0783,1.0522,109.39,4.32,2,0,0,0.001624,7.31783,1,10.23,0.00679,1,0,0,0,1
NBM-2026-000058,1419.18,9,6,1498.56,-0.189,0,0,0,2936,0.067,0,1394.18,3229860.99,1426.68,0,0.947,1.0179,-79.37,8.038,3,0,0,0.000439,7.258542,1,7.5,0.00528,0,1,0,0,1
NBM-2026-000059,14707.05,17,9,11373.47,1.047,0,0,0,2975,0.231,0,12263.95,2579269.05,14795.15,0,1.2931,1.1992,3333.58,8.145,3,0,0,0.005702,9.59615,1,88.1,0.00599,1,0,0,0,1
NBM-2026-000060,3764.61,12,10,4335.94,-0.471,0,0,0,651,0.316,0,4401.87,912117.26,3775.34,0,0.8682,0.8552,-571.32,1.782,2,0,0,0.004127,8.233666,1,10.72,0.00285,1,0,0,0,1
NBM-2026-000061,2005.98,12,8,2171.13,-0.272,0,0,0,2428,0.21,0,2043.38,3610165.07,2007.68,0,0.9239,0.9817,-165.16,6.648,3,0,0,0.000556,7.604385,1,1.71,0.00085,1,0,0,1,0
NBM-2026-000062,2956.92,8,10,3276.08,-0.348,0,0,0,447,0.101,0,3296.51,2520473.45,2964.77,0,0.9026,0.897,-319.16,1.224,1,0,0,0.001173,7.992241,1,7.85,0.00265,0,1,0,0,1
NBM-2026-000063,16271.75,14,6,14186.61,0.525,0,0,0,3670,0.787,0,14801.29,3102451.56,16206.92,0,1.147,1.0993,2085.14,10.048,2,0,0,0.005245,9.697247,1,64.83,0.00398,1,0,0,1,0
NBM-2026-000064,2529.64,5,7,2627.48,-0.133,0,0,0,3373,0.157,0,2690.73,2746672.31,2509.63,0,0.9628,0.9401,-97.84,9.235,5,1,1,0.000921,7.836227,1,20.01,0.00791,0,1,0,1,0
NBM-2026-000065,3069.15,5,5,2779.73,0.372,0,0,0,366,0.143,0,2884.19,3986423.84,3097.1,0,1.1041,1.0641,289.41,1.002,2,0,1,0.00077,8.02948,1,27.96,0.00911,0,1,0,0,1
NBM-2026-000066,1321.43,16,4,1183.68,0.416,0,0,0,1442,0.206,0,1111.54,1330475.9,1310.59,0,1.1164,1.1888,137.75,3.948,0,0,0,0.000993,7.18723,1,10.84,0.00821,1,0,0,1,0
NBM-2026-000067,2026.82,9,10,1710.93,0.659,0,0,0,220,0.179,0,1719.18,3667421.7,2058.27,0,1.1846,1.1789,315.89,0.602,1,0,0,0.000553,7.614715,1,31.45,0.01552,0,0,1,1,0
NBM-2026-000068,1758.05,15,10,2181.22,-0.693,0,0,0,2598,0.108,0,2073.52,2026487.31,1746.94,0,0.806,0.8479,-423.17,7.113,2,0,0,0.000868,7.472529,1,11.11,0.00632,1,0,0,0,1
NBM-2026-000069,4437.65,11,9,3622.17,0.804,0,0,0,161,0.481,0,3415.65,3737971.79,4410.44,0,1.2251,1.2992,815.48,0.441,2,0,0,0.001187,8.398106,1,27.21,0.00613,1,0,0,0,1
NBM-2026-000070,12485.19,21,9,10502.81,0.674,0,0,0,687,0.589,0,9803.03,3671042.54,12337.82,0,1.1887,1.2736,1982.38,1.881,5,1,1,0.003401,9.432378,1,147.37,0.0118,1,0,0,1,0
NBM-2026-000071,885.44,14,7,2080.22,-2.051,0,0,0,812,0.024,0,2007.06,2533737.61,889.17,0,0.4256,0.4412,-1194.79,2.223,1,0,0,0.000349,6.787212,1,3.74,0.00422,1,0,0,1,0
NBM-2026-000072,1146.98,11,5,1200.09,-0.158,0,0,0,1299,0.243,0,1160.8,1967583.28,1143.68,0,0.9557,0.9881,-53.11,3.556,1,0,0,0.000583,7.045758,1,3.3,0.00288,0,1,0,0,1
NBM-2026-000073,14757.67,13,4,16184.51,-0.315,0,0,0,203,0.314,0,16029.1,3889501.64,0.0,0,0.9118,0.9207,-1426.84,0.556,3,0,0,0.003794,9.599586,0,0.0,0.0,0,1,0,1,0
NBM-2026-000074,3081.59,9,6,3025.65,0.066,0,0,0,2539,0.437,0,3168.45,3638432.53,3119.11,0,1.0185,0.9726,55.94,6.951,6,1,0,0.000847,8.033527,1,37.51,0.01217,1,0,0,1,0
NBM-2026-000075,5737.57,12,7,5830.24,-0.057,0,0,0,4419,0.146,0,5853.85,4259219.92,5799.73,0,0.9841,0.9801,-92.67,12.099,5,1,0,0.001347,8.654965,1,62.17,0.01083,1,0,0,1,0
NBM-2026-000076,1144.24,14,11,1031.53,0.39,0,0,0,4686,0.124,0,994.9,1760667.45,1149.73,0,1.1093,1.1501,112.71,12.83,5,1,0,0.00065,7.043372,1,5.48,0.00479,1,0,0,0,1
NBM-2026-000077,2599.27,14,2,2537.83,0.086,0,0,0,4586,0.195,0,2355.08,2637228.89,2603.38,0,1.0242,1.1037,61.44,12.556,4,0,0,0.000986,7.863372,1,4.11,0.00158,1,0,0,0,1
NBM-2026-000078,5254.59,12,4,6957.32,-0.874,0,0,0,1365,0.176,0,6791.65,1895860.44,5257.38,0,0.7553,0.7737,-1702.73,3.737,5,1,0,0.002772,8.567048,1,2.79,0.00053,1,0,0,0,1
NBM-2026-000079,2758.62,13,5,2779.73,-0.027,0,0,0,366,0.143,0,2799.23,1971824.32,2758.34,0,0.9924,0.9855,-21.11,1.002,6,1,0,0.001399,7.922849,1,0.28,0.0001,1,0,0,1,0
NBM-2026-000080,1755.48,18,6,1744.87,0.022,0,0,0,2920,0.202,0,1762.56,2331109.97,1768.9,0,1.0061,0.996,10.61,7.995,3,0,0,0.000753,7.471069,1,13.41,0.00764,1,0,0,1,0
NBM-2026-000081,6260.79,7,6,6399.34,-0.077,0,0,0,1028,0.495,0,6746.91,1554025.57,6255.39,0,0.9783,0.928,-138.55,2.815,0,0,1,0.004029,8.742222,1,5.41,0.00086,0,0,1,0,1
NBM-2026-000082,1695.44,17,6,1688.12,0.015,0,0,0,2703,0.093,0,1623.78,2420373.23,1708.91,0,1.0043,1.0441,7.32,7.4,1,0,0,0.0007,7.43629,1,13.47,0.00794,1,0,0,0,1
NBM-2026-000083,4854.57,20,8,4905.48,-0.037,0,0,0,3338,0.244,0,5222.46,1368663.48,4856.88,0,0.9896,0.9296,-50.91,9.139,5,1,1,0.003547,8.487882,1,2.31,0.00047,1,0,0,1,0
NBM-2026-000084,3827.31,12,8,3455.75,0.384,0,0,0,3780,0.288,0,3448.65,3314219.57,0.0,0,1.1075,1.1098,371.56,10.349,0,0,0,0.001155,8.250178,0,0.0,0.0,1,0,0,0,1
NBM-2026-000085,368.02,10,8,402.7,-0.308,0,0,0,681,0.101,0,389.39,3957498.56,367.94,0,0.9139,0.9451,-34.68,1.864,5,1,0,9.3e-05,5.910853,1,0.08,0.00021,0,1,0,1,0
NBM-2026-000086,1092.44,18,8,1307.02,-0.586,0,0,0,326,0.185,0,1348.83,707047.05,1087.7,0,0.8358,0.8099,-214.59,0.893,6,1,0,0.001545,6.997082,1,4.74,0.00433,0,1,0,1,0
NBM-2026-000087,1509.64,6,5,1744.87,-0.481,0,0,0,2920,0.202,0,1766.2,2621096.74,1497.47,0,0.8652,0.8547,-235.23,7.995,3,0,1,0.000576,7.320288,1,12.17,0.00806,0,0,1,1,0
NBM-2026-000088,2915.76,11,10,3414.09,-0.521,0,0,0,1257,0.375,0,3534.16,766025.09,2883.61,0,0.854,0.825,-498.33,3.441,4,0,0,0.003806,7.978228,1,32.15,0.01103,1,0,0,1,0
NBM-2026-000089,2464.34,16,3,1885.63,1.096,0,0,0,4578,0.199,0,1894.8,3558755.56,2831.46,0,1.3069,1.3006,578.7,12.534,1,0,0,0.000692,7.810083,1,367.12,0.14897,1,0,0,1,0
NBM-2026-000090,1245.29,8,5,1194.41,0.152,0,0,0,1234,0.179,0,1184.66,3877062.22,1240.74,0,1.0426,1.0512,50.88,3.379,1,0,0,0.000321,7.127927,1,4.55,0.00365,1,0,0,0,1
NBM-2026-000091,16141.36,14,4,14186.61,0.492,0,0,0,3670,0.787,0,13212.77,2434662.55,15953.99,0,1.1378,1.2216,1954.75,10.048,4,0,0,0.00663,9.689202,1,187.37,0.01161,1,0,0,1,0
NBM-2026-000092,1014.96,15,6,930.43,0.324,0,0,0,2091,0.81,0,892.19,3027779.83,1016.95,0,1.0909,1.1376,84.54,5.725,0,0,0,0.000335,6.923591,1,1.99,0.00196,1,0,0,1,0
NBM-2026-000093,17715.99,18,8,18553.82,-0.161,0,0,0,2857,0.509,0,19793.25,3069071.99,0.0,0,0.9548,0.8951,-837.83,7.822,2,0,0,0.005772,9.782279,0,0.0,0.0,0,1,0,0,1
NBM-2026-000094,550.36,11,6,1398.92,-2.166,0,0,0,4013,0.079,0,1466.29,2918344.92,552.52,0,0.3934,0.3753,-848.56,10.987,3,0,0,0.000189,6.312391,1,2.16,0.00392,0,0,1,1,0
NBM-2026-000095,7220.1,16,8,7314.25,-0.046,0,0,0,3312,0.036,0,7289.72,1645847.12,7287.84,0,0.9871,0.9904,-94.15,9.068,4,0,0,0.004387,8.884762,1,67.74,0.00938,1,0,0,1,0
NBM-2026-000096,664.4,15,8,582.02,0.505,0,0,0,4458,0.334,0,598.48,2630551.65,656.77,0,1.1415,1.1101,82.37,12.205,5,1,0,0.000253,6.500382,1,7.63,0.01148,1,0,0,1,0
NBM-2026-000097,1787.89,13,7,1695.06,0.196,0,0,0,2969,0.158,0,1587.82,2490382.41,1790.3,0,1.0548,1.126,92.83,8.129,5,1,0,0.000718,7.489352,1,2.41,0.00135,1,0,0,1,0
NBM-2026-000098,2310.86,9,1,2514.79,-0.29,0,0,0,3279,0.185,0,2488.4,972387.82,2326.45,0,0.9189,0.9287,-203.93,8.977,2,0,0,0.002376,7.745806,1,15.6,0.00675,1,0,0,0,1
NBM-2026-000099,1169.08,12,7,1307.02,-0.377,0,0,0,326,0.185,0,1259.48,3578203.07,1180.79,0,0.8945,0.9282,-137.95,0.893,6,1,0,0.000327,7.064825,1,11.71,0.01002,1,0,0,0,1
NBM-2026-000100,1371.61,9,7,1396.55,-0.064,0,0,0,1578,0.428,0,1341.97,2550051.42,1377.9,0,0.9821,1.0221,-24.94,4.32,5,1,0,0.000538,7.224469,1,6.29,0.00458,0,1,0,0,1
NBM-2026-000101,1955.17,7,12,2819.03,-1.094,0,0,0,4058,0.22,0,3015.7,2779742.31,0.0,0,0.6936,0.6483,-863.85,11.11,0,0,1,0.000703,7.578745,0,0.0,0.0,1,0,0,1,0
NBM-2026-000102,2503.86,14,6,1885.63,1.171,0,0,0,4578,0.199,0,1926.32,3179026.87,2512.67,0,1.3279,1.2998,618.23,12.534,6,1,0,0.000788,7.825987,1,8.82,0.00352,1,0,0,1,0
NBM-2026-000103,4731.71,13,5,4945.97,-0.155,0,0,0,3299,0.116,0,5141.04,1597155.78,4641.65,0,0.9567,0.9204,-214.26,9.032,3,0,0,0.002963,8.462254,1,90.06,0.01903,1,0,0,1,0
NBM-2026-000104,2930.98,16,9,2402.69,0.785,0,0,0,3482,0.108,0,2495.2,4001919.77,2950.77,0,1.2199,1.1746,528.29,9.533,0,0,0,0.000732,7.983434,1,19.79,0.00675,1,0,0,0,1
NBM-2026-000105,12559.81,8,10,13283.8,-0.195,0,0,0,4303,0.229,0,12492.46,3592815.65,12448.84,0,0.9455,1.0054,-723.99,11.781,2,0,0,0.003496,9.438337,1,110.97,0.00884,1,0,0,0,1
NBM-2026-000106,4244.05,12,7,4025.99,0.193,0,0,0,1528,0.342,0,3774.93,3856679.22,4247.57,0,1.0542,1.1243,218.05,4.183,3,0,0,0.0011,8.353508,1,3.52,0.00083,0,1,0,1,0
NBM-2026-000107,6748.85,16,5,6034.86,0.423,0,0,0,4735,0.253,0,5692.82,4276822.14,6779.95,0,1.1183,1.1855,713.98,12.964,3,0,0,0.001578,8.817275,1,31.1,0.00461,1,0,0,0,1
NBM-2026-000108,327.89,17,6,389.61,-0.566,0,0,0,1245,0.258,0,389.46,1205039.31,328.31,0,0.8416,0.8419,-61.72,3.409,2,0,0,0.000272,5.795731,1,0.42,0.00127,0,1,0,0,1
NBM-2026-000109,5452.69,14,4,5656.78,-0.129,0,0,0,3020,0.27,0,5941.44,1418524.14,5536.33,0,0.9639,0.9177,-204.1,8.268,0,0,0,0.003844,8.604047,1,83.64,0.01534,1,0,0,0,1
NBM-2026-000110,4706.77,7,13,6118.96,-0.824,0,0,0,4064,0.096,0,6566.99,2971471.39,4773.91,0,0.7692,0.7167,-1412.19,11.127,2,0,1,0.001584,8.456969,1,67.14,0.01427,0,1,0,1,0
NBM-2026-000111,4130.21,15,5,3407.86,0.757,0,0,0,886,0.055,0,3557.07,3423629.07,4039.47,0,1.212,1.1611,722.35,2.426,6,1,0,0.001206,8.326327,1,90.74,0.02197,1,0,0,0,1
NBM-2026-000112,1670.16,15,8,1572.74,0.221,0,0,0,2441,0.07,0,1617.43,3528049.39,1635.09,0,1.0619,1.0326,97.42,6.683,4,0,0,0.000473,7.42127,1,35.06,0.02099,0,1,0,1,0
NBM-2026-000113,1830.98,15,6,1615.49,0.476,0,0,0,2011,0.432,0,1491.6,2052341.85,1823.18,0,1.1334,1.2275,215.48,5.506,2,0,0,0.000892,7.51315,1,7.8,0.00426,0,1,0,0,1
NBM-2026-000114,2371.09,16,7,2402.69,-0.047,0,0,0,3482,0.108,0,2529.78,986637.79,2347.39,0,0.9868,0.9373,-31.6,9.533,0,0,0,0.002403,7.771526,1,23.7,0.01,0,1,0,0,1
NBM-2026-000115,3649.72,12,7,4364.16,-0.585,0,0,0,2772,0.193,0,4213.36,1738085.92,3715.18,0,0.8363,0.8662,-714.44,7.589,0,0,0,0.0021,8.202681,1,65.46,0.01794,1,0,0,1,0
NBM-2026-000116,6254.36,7,10,4615.9,1.268,0,0,0,1271,0.129,0,4864.0,3691320.04,6279.48,0,1.355,1.2858,1638.45,3.48,5,1,1,0.001694,8.741194,1,25.12,0.00402,1,0,0,0,1
NBM-2026-000117,1252.4,18,5,1523.1,-0.635,0,0,0,2351,0.153,0,1596.34,3771728.83,1253.21,0,0.8223,0.7845,-270.69,6.437,4,0,0,0.000332,7.133617,1,0.8,0.00064,0,1,0,0,1
NBM-2026-000118,7991.77,18,6,3025.65,5.862,0,0,0,2539,0.437,0,3013.22,2125728.81,8865.23,1,2.6413,2.6522,4966.12,6.951,4,0,0,0.00376,8.986292,1,873.47,0.1093,1,0,0,1,0
NBM-2026-000119,11184.52,18,7,13381.57,-0.586,0,0,0,3381,0.059,0,12555.82,2410601.18,11148.48,0,0.8358,0.8908,-2197.05,9.257,3,0,0,0.00464,9.322375,1,36.04,0.00322,0,0,1,0,1
NBM-2026-000120,1146.78,12,5,1724.98,-1.197,0,0,0,2603,0.206,0,1703.03,4303020.49,1137.35,0,0.6648,0.6734,-578.2,7.127,1,0,0,0.000267,7.045584,1,9.43,0.00822,1,0,0,0,1
NBM-2026-000121,4274.89,7,13,5281.74,-0.681,0,0,0,2153,0.47,0,5439.93,1404820.09,4238.48,0,0.8094,0.7858,-1006.84,5.895,4,0,1,0.003043,8.360749,1,36.42,0.00852,1,0,0,0,1
NBM-2026-000122,1928.35,12,7,2181.22,-0.414,0,0,0,2598,0.108,0,2217.75,3634438.01,1898.57,0,0.8841,0.8695,-252.87,7.113,3,0,0,0.000531,7.564939,1,29.78,0.01544,1,0,0,1,0
NBM-2026-000123,3588.19,18,2,1450.06,5.266,0,0,0,412,0.927,1,1450.66,1862370.27,3580.91,0,2.4745,2.4735,2138.13,1.128,6,1,0,0.001927,8.185683,1,7.29,0.00203,0,1,0,0,1
NBM-2026-000124,17671.18,12,8,17801.94,-0.026,0,0,0,3901,0.478,0,19037.5,3781187.55,17859.17,0,0.9927,0.9282,-130.76,10.68,5,1,0,0.004673,9.779747,1,187.99,0.01064,0,1,0,0,1
NBM-2026-000125,2708.25,8,5,2876.97,-0.209,0,0,0,1386,0.056,0,3047.78,2134388.37,2704.66,0,0.9414,0.8886,-168.72,3.795,4,0,0,0.001269,7.904426,1,3.59,0.00132,1,0,0,0,1
NBM-2026-000126,11734.86,9,9,4615.9,5.508,0,0,0,1271,0.129,0,4490.14,2645237.15,11782.69,0,2.5423,2.6135,7118.95,3.48,1,0,0,0.004436,9.370404,1,47.83,0.00408,1,0,0,1,0
NBM-2026-000127,6056.02,10,2,4624.52,1.106,0,0,0,3812,0.069,0,4913.25,1698318.01,6025.71,0,1.3095,1.2326,1431.49,10.437,0,0,0,0.003566,8.708973,1,30.31,0.00501,1,0,0,1,0
NBM-2026-000128,2882.32,16,11,3445.7,-0.584,0,0,0,3351,0.283,0,3530.53,2875526.35,2866.61,0,0.8365,0.8164,-563.38,9.175,3,0,0,0.001002,7.966697,1,15.71,0.00545,0,1,0,1,0
NBM-2026-000129,5242.62,14,9,7314.25,-1.012,0,0,0,3312,0.036,0,7140.97,2685960.51,5243.68,0,0.7168,0.7342,-2071.63,9.068,3,0,0,0.001952,8.564768,1,1.06,0.0002,0,1,0,1,0
NBM-2026-000130,14792.31,15,4,17801.94,-0.604,0,0,0,3901,0.478,0,19036.27,857756.91,14735.2,0,0.8309,0.7771,-3009.63,10.68,4,0,0,0.017245,9.60193,1,57.11,0.00386,0,1,0,0,1
NBM-2026-000131,4087.14,16,8,4389.65,-0.246,0,0,0,3925,0.211,0,4059.9,2118762.21,4097.67,0,0.9311,1.0067,-302.51,10.746,5,1,0,0.001929,8.315845,1,10.53,0.00258,1,0,0,0,1
NBM-2026-000132,5511.05,8,7,6399.34,-0.496,0,0,0,1028,0.495,0,5917.09,3452810.96,5472.27,0,0.8612,0.9314,-888.29,2.815,0,0,0,0.001596,8.614692,1,38.79,0.00704,1,0,0,1,0
NBM-2026-000133,2470.0,7,7,2302.63,0.26,0,0,0,4198,0.135,0,2138.67,3424976.7,2480.93,0,1.0727,1.1549,167.37,11.493,0,0,1,0.000721,7.812377,1,10.93,0.00443,1,0,0,0,1
NBM-2026-000134,2488.03,5,8,2537.83,-0.07,0,0,0,4586,0.195,0,2521.48,3989310.49,0.0,0,0.9804,0.9867,-49.8,12.556,2,0,1,0.000624,7.81965,0,0.0,0.0,0,1,0,1,0
NBM-2026-000135,2235.78,12,11,2302.63,-0.104,0,0,0,4198,0.135,0,2148.68,2192425.48,2233.69,0,0.971,1.0405,-66.85,11.493,2,0,0,0.00102,7.712794,1,2.09,0.00094,1,0,0,1,0
NBM-2026-000136,10532.51,9,5,10502.81,0.01,0,0,0,687,0.589,0,10472.47,1314196.18,10414.33,0,1.0028,1.0057,29.7,1.881,1,0,0,0.008014,9.262317,1,118.18,0.01122,1,0,0,1,0
NBM-2026-000137,6084.22,7,5,5704.35,0.238,0,0,0,438,0.334,0,5647.78,2220432.43,6073.44,0,1.0666,1.0773,379.87,1.199,4,0,1,0.00274,8.713618,1,10.78,0.00177,1,0,0,1,0
NBM-2026-000138,1628.56,7,7,1366.84,0.684,0,0,0,2578,0.148,0,1283.51,2107483.51,1623.73,0,1.1915,1.2688,261.73,7.058,2,0,1,0.000773,7.396067,1,4.83,0.00297,1,0,0,0,1
NBM-2026-000139,879.63,15,10,915.08,-0.138,0,0,0,4311,0.117,0,922.2,2711373.66,882.29,0,0.9613,0.9538,-35.45,11.803,4,0,0,0.000324,6.780638,1,2.66,0.00302,0,0,1,0,1
NBM-2026-000140,3846.04,17,4,4389.65,-0.442,0,0,0,3925,0.211,0,4388.03,2208868.76,3937.14,0,0.8762,0.8765,-543.61,10.746,1,0,0,0.001741,8.255059,1,91.1,0.02369,0,1,0,1,0
NBM-2026-000141,9400.76,12,3,10878.56,-0.485,0,0,0,3268,0.211,0,10734.47,1993545.16,0.0,0,0.8642,0.8758,-1477.8,8.947,3,0,0,0.004716,9.148652,0,0.0,0.0,1,0,0,1,0
NBM-2026-000142,1266.34,18,6,1293.61,-0.075,0,0,0,610,0.94,1,1312.73,737873.74,1262.13,0,0.9789,0.9647,-27.28,1.67,3,0,0,0.001716,7.144674,1,4.21,0.00332,1,0,0,1,0
NBM-2026-000143,9499.7,13,4,11373.47,-0.588,0,0,0,2975,0.231,0,11482.59,968375.73,9449.76,0,0.8353,0.8273,-1873.76,8.145,4,0,0,0.00981,9.159121,1,49.94,0.00526,1,0,0,0,1
NBM-2026-000144,1954.23,15,9,2008.53,-0.097,0,0,0,2820,0.071,0,2048.24,2322033.43,1965.66,0,0.973,0.9541,-54.3,7.721,6,1,0,0.000842,7.578262,1,11.43,0.00585,1,0,0,0,1
NBM-2026-000145,2406.97,12,9,2367.24,0.06,0,0,0,4661,0.267,0,2473.37,1613515.08,2379.13,0,1.0168,0.9732,39.73,12.761,1,0,0,0.001492,7.786541,1,27.84,0.01157,1,0,0,1,0
NBM-2026-000146,15687.78,11,11,13975.95,0.437,0,0,0,4431,0.089,0,13173.62,2583686.57,15775.01,0,1.1225,1.1908,1711.83,12.131,3,0,0,0.006072,9.660701,1,87.23,0.00556,0,0,1,1,0
NBM-2026-000147,1003.28,7,5,837.19,0.709,0,0,0,5071,0.061,0,901.32,3410581.63,992.85,0,1.1984,1.1131,166.09,13.884,4,0,1,0.000294,6.912023,1,10.43,0.0104,1,0,0,1,0
NBM-2026-000148,5176.35,17,4,5419.61,-0.16,0,0,0,2924,0.132,0,5296.8,1429232.81,5165.95,0,0.9551,0.9773,-243.26,8.005,6,1,0,0.003622,8.552049,1,10.4,0.00201,0,0,1,0,1
NBM-2026-000149,17514.83,10,6,17801.94,-0.058,0,0,0,3901,0.478,0,18541.59,1583148.47,17640.41,0,0.9839,0.9446,-287.11,10.68,5,1,0,0.011063,9.77086,1,125.58,0.00717,1,0,0,0,1
NBM-2026-000150,11981.34,5,6,13283.8,-0.35,0,0,0,4303,0.229,0,13409.47,3093975.37,11914.78,0,0.902,0.8935,-1302.46,11.781,2,0,1,0.003872,9.391189,1,66.56,0.00556,0,0,1,0,1
NBM-2026-000151,1390.98,20,9,1500.84,-0.261,0,0,0,2077,0.25,0,1432.53,3644803.88,1383.36,0,0.9268,0.971,-109.85,5.687,4,0,1,0.000382,7.238485,1,7.63,0.00548,0,1,0,1,0
NBM-2026-000152,1775.65,10,8,1688.12,0.185,0,0,0,2703,0.093,0,1625.15,2769238.55,1800.97,0,1.0518,1.0926,87.53,7.4,0,0,0,0.000641,7.482485,1,25.32,0.01426,0,1,0,0,1
NBM-2026-000153,3462.18,15,7,2819.03,0.815,0,0,0,4058,0.22,0,2932.7,3747634.3,3476.83,0,1.2281,1.1805,643.15,11.11,6,1,0,0.000924,8.149942,1,14.65,0.00423,1,0,0,0,1
NBM-2026-000154,1476.67,6,7,1120.47,1.135,0,0,0,3554,0.235,0,1055.78,3886827.69,1478.69,0,1.3179,1.3987,356.2,9.73,3,0,1,0.00038,7.298223,1,2.02,0.00137,1,0,0,0,1
NBM-2026-000155,1446.49,21,6,1482.32,-0.086,0,0,0,1927,0.944,0,1425.11,2683130.25,1451.95,0,0.9758,1.015,-35.82,5.276,1,0,1,0.000539,7.277588,1,5.46,0.00377,1,0,0,0,1
NBM-2026-000156,3425.7,14,5,3497.04,-0.073,0,0,0,933,0.152,0,3693.81,2844104.79,3444.06,0,0.9796,0.9274,-71.34,2.554,5,1,0,0.001204,8.139354,1,18.36,0.00536,1,0,0,1,0
NBM-2026-000157,2322.33,12,3,2745.45,-0.55,0,0,0,1384,0.076,0,2534.86,2847553.09,2310.08,0,0.8459,0.9162,-423.12,3.789,2,0,0,0.000816,7.750757,1,12.25,0.00527,1,0,0,0,1
NBM-2026-000158,7321.54,7,10,9029.36,-0.676,0,0,0,3868,0.104,0,9102.28,3248326.07,7383.45,0,0.8109,0.8044,-1707.81,10.59,2,0,1,0.002254,8.898713,1,61.9,0.00846,1,0,0,0,1
NBM-2026-000159,1409.09,9,3,1285.76,0.343,0,0,0,3459,0.051,0,1194.53,2344723.16,1410.17,0,1.0959,1.1796,123.33,9.47,3,0,0,0.000601,7.251407,1,1.08,0.00077,1,0,0,1,0
NBM-2026-000160,6439.17,16,7,6770.82,-0.175,0,0,0,842,0.175,0,7049.78,3428887.58,6522.48,0,0.951,0.9134,-331.64,2.305,4,0,0,0.001878,8.770311,1,83.31,0.01294,0,1,0,1,0
NBM-2026-000161,3644.67,8,4,4165.4,-0.446,0,0,0,4087,0.163,0,4107.37,1091851.58,3661.93,0,0.875,0.8873,-520.73,11.19,6,1,0,0.003338,8.201296,1,17.26,0.00474,1,0,0,1,0
NBM-2026-000162,3732.37,18,8,4165.4,-0.371,0,0,0,4087,0.163,0,4277.94,1215364.72,3774.19,0,0.896,0.8725,-433.03,11.19,1,0,0,0.003071,8.225067,1,41.82,0.0112,0,1,0,1,0
NBM-2026-000163,1629.87,17,7,1885.63,-0.484,0,0,0,4578,0.199,0,1746.03,1535705.79,1635.97,0,0.8644,0.9335,-255.76,12.534,6,1,0,0.001061,7.396871,1,6.1,0.00374,0,1,0,0,1
NBM-2026-000164,949.26,12,7,638.85,1.735,0,1,0,4905,0.209,0,653.22,1677652.81,935.6,0,1.4859,1.4532,310.4,13.429,3,0,0,0.000566,6.856733,1,13.65,0.01438,0,0,1,0,1
NBM-2026-000165,7870.9,10,8,7758.99,0.052,0,0,0,1017,0.371,0,8161.35,4092457.19,7844.89,0,1.0144,0.9644,111.9,2.784,6,1,0,0.001923,8.971054,1,26.01,0.0033,1,0,0,1,0
NBM-2026-000166,4805.87,13,2,4165.4,0.549,0,0,0,4087,0.163,0,4048.19,3119701.41,4821.96,0,1.1538,1.1872,640.48,11.19,6,1,0,0.00154,8.477802,1,16.08,0.00335,0,1,0,1,0
NBM-2026-000167,1399.92,12,6,1366.84,0.086,0,0,0,2578,0.148,0,1449.82,3882513.9,1392.15,0,1.0242,0.9656,33.08,7.058,0,0,0,0.000361,7.244884,1,7.77,0.00555,0,1,0,1,0
NBM-2026-000168,1786.23,7,5,1500.84,0.679,0,0,0,2077,0.25,0,1532.7,2135830.02,1788.98,0,1.1902,1.1654,285.4,5.687,5,1,1,0.000836,7.488424,1,2.75,0.00154,1,0,0,0,1
NBM-2026-000169,3420.76,11,6,3527.38,-0.108,0,0,0,153,0.531,0,3297.93,1057330.58,3439.45,0,0.9698,1.0372,-106.62,0.419,0,0,0,0.003235,8.13791,1,18.69,0.00546,0,1,0,0,1
NBM-2026-000170,2290.88,16,7,1949.21,0.626,0,0,0,1778,0.893,0,1864.51,661794.69,2247.93,0,1.1753,1.2287,341.67,4.868,5,1,0,0.003462,7.737128,1,42.95,0.01875,1,0,0,1,0
NBM-2026-000171,1720.53,10,7,2237.84,-0.826,0,0,0,2655,0.206,0,2160.97,3434971.54,1700.78,0,0.7688,0.7962,-517.31,7.269,0,0,0,0.000501,7.450968,1,19.74,0.01148,0,1,0,1,0
NBM-2026-000172,478.63,10,5,527.86,-0.333,0,0,0,3905,0.468,0,517.58,2949189.59,481.71,0,0.9067,0.9248,-49.23,10.691,5,1,0,0.000162,6.173013,1,3.08,0.00644,1,0,0,1,0
NBM-2026-000173,1377.13,8,10,1450.06,-0.18,0,0,0,412,0.927,1,1562.12,3741729.33,1381.77,0,0.9497,0.8816,-72.93,1.128,4,0,0,0.000368,7.228485,1,4.63,0.00337,1,0,0,0,1
NBM-2026-000174,3876.65,12,9,3407.86,0.491,0,0,0,886,0.055,0,3234.15,666348.68,3881.78,0,1.1376,1.1987,468.79,2.426,3,0,0,0.005818,8.262985,1,5.13,0.00132,0,1,0,1,0
NBM-2026-000175,514.61,17,13,638.85,-0.695,0,0,0,4905,0.109,0,667.45,1918999.01,516.1,0,0.8055,0.771,-124.24,13.429,1,0,0,0.000268,6.245355,1,1.49,0.00289,1,0,0,1,0
NBM-2026-000176,4139.1,9,6,2985.48,1.38,0,0,0,3200,0.206,0,3023.14,1195030.39,4124.13,0,1.3864,1.3691,1153.63,8.761,0,0,0,0.003464,8.328476,1,14.97,0.00362,1,0,0,1,0
NBM-2026-000177,5496.56,13,5,5842.64,-0.212,0,0,0,5112,0.092,0,5900.44,3219207.88,5479.61,0,0.9408,0.9316,-346.08,13.996,5,1,0,0.001707,8.61206,1,16.95,0.00308,0,0,1,1,0
NBM-2026-000178,1074.6,15,3,1035.83,0.134,0,0,0,4407,0.335,0,962.48,1817809.63,1083.06,0,1.0374,1.1165,38.77,12.066,1,0,0,0.000591,6.980632,1,8.46,0.00787,1,0,0,1,0
NBM-2026-000179,1351.35,9,5,1615.49,-0.584,0,0,0,2011,0.432,0,1689.11,2499688.81,1355.45,0,0.8365,0.8,-264.14,5.506,2,0,0,0.000541,7.209599,1,4.1,0.00304,1,0,0,0,1
NBM-2026-000180,4516.57,17,9,4945.97,-0.31,0,0,0,3299,0.116,0,4796.5,3401947.43,4488.35,0,0.9132,0.9416,-429.4,9.032,3,0,0,0.001328,8.41573,1,28.22,0.00625,1,0,0,1,0
NBM-2026-000181,5940.4,11,6,5766.17,0.108,0,0,0,1067,0.138,0,5330.64,808067.04,6004.82,0,1.0302,1.1144,174.23,2.921,5,1,0,0.007351,8.6897,1,64.42,0.01084,1,0,0,1,0
NBM-2026-000182,12711.34,8,7,13975.95,-0.323,0,0,0,4431,0.089,0,13508.54,2397031.76,0.0,0,0.9095,0.941,-1264.61,12.131,2,0,0,0.005303,9.450329,0,0.0,0.0,1,0,0,1,0
NBM-2026-000183,2769.46,15,6,2237.84,0.848,0,0,0,2655,0.206,0,2102.05,1457186.6,2721.51,0,1.2376,1.3175,531.62,7.269,2,0,0,0.001901,7.926768,1,47.95,0.01731,1,0,0,0,1
NBM-2026-000184,1211.18,18,4,1523.1,-0.731,0,0,0,2351,0.153,0,1589.72,2734651.37,1202.99,0,0.7952,0.7619,-311.92,6.437,0,0,0,0.000443,7.100175,1,8.19,0.00676,1,0,0,1,0
NBM-2026-000185,3690.6,7,7,3899.75,-0.192,0,0,0,4863,0.089,0,3781.09,875794.5,3681.44,0,0.9464,0.9761,-209.16,13.314,4,0,1,0.004214,8.213814,1,9.15,0.00248,0,1,0,1,0
NBM-2026-000186,351.28,8,4,389.61,-0.351,0,0,0,1245,0.258,0,372.11,1965939.22,352.36,0,0.9016,0.944,-38.33,3.409,6,1,0,0.000179,5.864433,1,1.08,0.00307,1,0,0,1,0
NBM-2026-000187,3159.56,8,6,2537.83,0.875,0,0,0,4586,0.195,0,2616.97,3469901.49,3168.75,0,1.245,1.2073,621.72,12.556,2,0,0,0.000911,8.058504,1,9.19,0.00291,1,0,0,1,0
NBM-2026-000188,822.52,18,10,837.19,-0.063,0,0,0,5071,0.061,0,780.81,1055003.66,822.72,0,0.9825,1.0534,-14.67,13.884,6,1,0,0.00078,6.713582,1,0.21,0.00025,0,0,1,1,0
NBM-2026-000189,5005.5,16,6,5327.79,-0.216,0,0,0,4121,0.198,0,5704.21,4288594.81,4997.35,0,0.9395,0.8775,-322.29,11.283,2,0,0,0.001167,8.518492,1,8.15,0.00163,1,0,0,0,1
NBM-2026-000190,1337.04,11,7,1523.1,-0.436,0,0,0,2351,0.153,0,1536.04,664949.26,0.0,0,0.8778,0.8704,-186.06,6.437,2,0,0,0.002011,7.198959,0,0.0,0.0,0,1,0,0,1
NBM-2026-000191,3540.67,15,6,3811.99,-0.254,0,0,0,2468,0.05,0,3776.49,3331619.28,3564.49,0,0.9288,0.9376,-271.33,6.757,5,1,0,0.001063,8.172353,1,23.82,0.00673,1,0,0,0,1
NBM-2026-000192,1740.18,10,9,1523.1,0.509,0,0,0,2351,0.153,0,1640.14,1439473.15,1746.08,0,1.1425,1.061,217.09,6.437,0,0,0,0.001209,7.462319,1,5.9,0.00339,1,0,0,1,0
NBM-2026-000193,17092.12,13,5,12512.73,1.307,0,0,0,3033,0.511,0,11816.18,3825723.28,17074.2,0,1.366,1.4465,4579.4,8.304,2,0,0,0.004468,9.746432,1,17.93,0.00105,0,0,1,0,1
NBM-2026-000194,1607.36,9,9,1695.06,-0.185,0,0,0,2969,0.158,0,1628.4,1422750.58,1597.55,0,0.9483,0.9871,-87.71,8.129,6,1,0,0.00113,7.382969,1,9.81,0.0061,1,0,0,0,1
NBM-2026-000195,4465.43,12,4,4364.16,0.083,0,0,0,2772,0.193,0,4059.9,1249583.24,4480.8,0,1.0232,1.0999,101.26,7.589,5,1,0,0.003574,8.404344,1,15.38,0.00344,0,1,0,1,0
NBM-2026-000196,3284.18,18,7,3414.09,-0.136,0,0,0,1257,0.375,0,3548.59,4147107.28,3321.01,0,0.9619,0.9255,-129.92,3.441,5,1,0,0.000792,8.097175,1,36.83,0.01122,0,0,1,1,0
NBM-2026-000197,1427.77,16,3,1480.76,-0.128,0,0,0,4511,0.403,0,1434.45,3530643.32,1424.12,0,0.9642,0.9953,-52.99,12.35,3,0,0,0.000404,7.264568,1,3.65,0.00256,1,0,0,1,0
NBM-2026-000198,15061.41,4,5,4905.48,7.394,0,0,1,3338,0.244,0,4951.05,2254760.21,14892.91,0,3.0703,3.0421,10155.93,9.139,1,0,1,0.00668,9.619957,1,168.5,0.01119,0,1,0,1,0
NBM-2026-000199,8551.31,18,8,10069.78,-0.539,0,0,0,2043,0.316,0,10555.55,3742993.6,8558.28,0,0.8492,0.8101,-1518.47,5.593,6,1,0,0.002285,9.053956,1,6.98,0.00082,0,0,1,0,1
NBM-2026-000200,6620.64,9,6,5418.23,0.793,0,0,0,424,0.424,0,5302.6,2057317.35,6584.72,0,1.2219,1.2486,1202.41,1.161,4,0,0,0.003218,8.798098,1,35.92,0.00542,0,1,0,0,1
NBM-2026-000201,2127.8,12,10,2237.84,-0.176,0,0,0,2655,0.206,0,2142.36,2164986.34,2116.02,0,0.9508,0.9932,-110.04,7.269,4,0,0,0.000983,7.663313,1,11.78,0.00554,0,0,1,0,1
NBM-2026-000202,1695.73,8,5,1194.41,1.499,0,0,0,1234,0.179,0,1106.96,1356948.09,0.0,0,1.4197,1.5319,501.33,3.379,4,0,0,0.00125,7.43646,0,0.0,0.0,0,1,0,1,0
NBM-2026-000203,7136.81,11,2,6957.32,0.092,0,0,0,1365,0.176,0,6475.0,2254092.3,7099.85,0,1.0258,1.1022,179.5,3.737,6,1,0,0.003166,8.873162,1,36.97,0.00518,1,0,0,1,0
NBM-2026-000204,1113.83,18,4,1885.63,-1.462,0,0,0,4578,0.199,0,1929.41,3042795.29,1129.71,0,0.5907,0.5773,-771.8,12.534,1,0,0,0.000366,7.016456,1,15.89,0.01426,1,0,0,1,0
NBM-2026-000205,13025.11,18,6,11787.26,0.375,0,0,0,1380,0.482,0,12682.22,1517002.47,13054.68,0,1.105,1.027,1237.85,3.778,3,0,0,0.008586,9.474711,1,29.56,0.00227,0,0,1,1,0
NBM-2026-000206,687.05,15,8,638.85,0.269,0,0,0,4905,0.109,0,670.65,3399497.68,684.31,0,1.0754,1.0245,48.2,13.429,6,1,0,0.000202,6.533864,1,2.75,0.004,1,0,0,1,0
NBM-2026-000207,6383.6,12,6,6991.58,-0.311,0,0,0,755,0.066,0,7017.72,4017443.8,6351.27,0,0.913,0.9096,-607.98,2.067,2,0,0,0.001589,8.761644,1,32.33,0.00506,1,0,0,1,0
NBM-2026-000208,4566.03,15,13,4615.9,-0.039,0,0,0,1271,0.129,0,4895.24,2575114.25,4548.39,0,0.9892,0.9327,-49.88,3.48,1,0,0,0.001773,8.426617,1,17.64,0.00386,0,0,1,0,1
NBM-2026-000209,13344.56,13,5,13381.57,-0.01,0,0,0,3381,0.059,0,13507.02,3010377.38,13208.39,0,0.9972,0.988,-37.01,9.257,1,0,0,0.004433,9.498939,1,136.17,0.0102,1,0,0,0,1
NBM-2026-000210,406.39,18,8,402.7,0.033,0,0,0,681,0.101,0,416.57,2780682.58,409.18,0,1.0092,0.9756,3.69,1.864,1,0,0,0.000146,6.009769,1,2.79,0.00687,0,0,1,0,1
NBM-2026-000211,1254.19,8,3,1005.18,0.885,0,0,0,3898,0.251,0,1010.13,910896.32,1230.77,0,1.2477,1.2416,249.01,10.672,3,0,0,0.001377,7.135042,1,23.42,0.01867,0,1,0,1,0
NBM-2026-000212,622.04,9,8,582.02,0.246,0,0,0,4458,0.334,0,549.32,1772275.73,0.0,0,1.0688,1.1324,40.02,12.205,2,0,0,0.000351,6.434617,0,0.0,0.0,1,0,0,1,0
NBM-2026-000213,21013.14,8,10,16184.51,1.066,0,0,0,203,0.314,0,16516.78,4082038.45,21005.52,0,1.2983,1.2722,4828.62,0.556,6,1,0,0.005148,9.952951,1,7.61,0.00036,1,0,0,1,0
NBM-2026-000214,5132.83,13,6,5794.06,-0.408,0,0,0,3354,0.091,0,5792.06,4108828.74,5195.24,0,0.8859,0.8862,-661.24,9.183,0,0,0,0.001249,8.543607,1,62.41,0.01216,0,1,0,1,0
NBM-2026-000215,1732.41,16,6,2171.13,-0.722,0,0,0,2428,0.21,0,2132.02,1623967.24,1742.62,0,0.7979,0.8126,-438.72,6.648,2,0,0,0.001067,7.457848,1,10.2,0.00589,1,0,0,1,0
NBM-2026-000216,1600.01,16,8,1498.56,0.242,0,0,0,2936,0.067,0,1439.99,737925.19,1622.46,0,1.0677,1.1111,101.45,8.038,5,1,0,0.002168,7.378388,1,22.45,0.01403,0,1,0,1,0
NBM-2026-000217,2940.22,15,8,3008.58,-0.081,0,0,0,70,0.274,0,3043.31,2362676.5,2922.16,0,0.9773,0.9661,-68.36,0.192,2,0,0,0.001244,7.986579,1,18.06,0.00614,0,1,0,0,1
NBM-2026-000218,5744.66,9,6,5830.24,-0.052,0,0,0,4419,0.146,0,5556.2,4178533.03,5671.59,0,0.9853,1.0339,-85.58,12.099,4,0,0,0.001375,8.656199,1,73.06,0.01272,0,0,1,0,1
NBM-2026-000219,3214.7,17,6,3414.09,-0.209,0,0,0,1257,0.375,0,3224.01,2016133.4,3234.77,0,0.9416,0.9971,-199.4,3.441,1,0,0,0.001594,8.075799,1,20.08,0.00625,1,0,0,0,1
NBM-2026-000220,297.46,16,6,333.29,-0.384,0,0,0,3803,0.282,0,358.77,3272084.43,296.37,0,0.8925,0.8291,-35.82,10.412,0,0,0,9.1e-05,5.698647,1,1.09,0.00366,0,1,0,1,0
NBM-2026-000221,1870.94,16,9,1953.96,-0.152,0,0,0,155,0.37,0,2072.83,2610361.04,1872.61,0,0.9575,0.9026,-83.02,0.424,0,0,0,0.000717,7.534729,1,1.67,0.00089,0,1,0,0,1
NBM-2026-000222,1166.45,15,6,1053.86,0.382,0,0,0,244,0.145,0,1041.55,3097446.04,1161.13,0,1.1068,1.1199,112.58,0.668,5,1,0,0.000377,7.062573,1,5.31,0.00455,0,1,0,0,1
NBM-2026-000223,9635.77,13,3,13283.8,-0.981,0,0,0,4303,0.229,0,14202.69,2181618.88,9671.9,0,0.7254,0.6784,-3648.04,11.781,1,0,0,0.004417,9.173341,1,36.13,0.00375,1,0,0,0,1
NBM-2026-000224,2890.98,15,9,2688.77,0.269,0,0,0,2057,0.175,0,2698.18,1941452.67,2869.32,0,1.0752,1.0715,202.2,5.632,1,0,0,0.001489,7.969696,1,21.66,0.00749,1,0,0,0,1
NBM-2026-000225,1123.12,13,4,915.08,0.812,0,0,0,4311,0.117,0,903.03,3841163.2,1120.59,0,1.2273,1.2437,208.03,11.803,0,0,0,0.000292,7.024753,1,2.53,0.00225,0,1,0,0,1
NBM-2026-000226,3416.26,5,4,3025.65,0.461,0,0,0,2539,0.437,0,3073.86,1433581.97,3436.54,0,1.1291,1.1114,390.61,6.951,3,0,1,0.002383,8.136595,1,20.28,0.00594,0,1,0,1,0
NBM-2026-000227,1454.9,18,4,1489.97,-0.084,0,0,0,2512,0.282,0,1436.76,2863154.2,0.0,0,0.9765,1.0126,-35.07,6.877,5,1,0,0.000508,7.283379,0,0.0,0.0,1,0,0,0,1
NBM-2026-000228,1922.27,12,4,2245.05,-0.513,0,0,0,2458,0.212,0,2351.05,3511300.79,1902.76,0,0.8562,0.8176,-322.77,6.73,2,0,0,0.000547,7.561784,1,19.52,0.01015,1,0,0,1,0
NBM-2026-000229,7890.03,10,6,6770.82,0.59,0,0,0,842,0.175,0,6729.37,1821399.34,7935.2,0,1.1653,1.1725,1119.21,2.305,1,0,0,0.004332,8.973482,1,45.17,0.00572,0,0,1,0,1
NBM-2026-000230,5835.39,21,9,5842.64,-0.004,0,0,0,5112,0.092,0,5405.21,1968466.74,5863.07,0,0.9988,1.0796,-7.25,13.996,1,0,1,0.002964,8.671868,1,27.68,0.00474,1,0,0,1,0
NBM-2026-000231,6661.41,16,4,5766.17,0.554,0,0,0,1067,0.138,0,5922.57,603119.84,6671.03,0,1.1553,1.1247,895.24,2.921,0,0,0,0.011045,8.804237,1,9.62,0.00144,0,1,0,0,1
NBM-2026-000232,2945.13,23,6,1366.84,4.124,0,1,1,2578,0.248,0,1442.85,2393189.89,0.0,1,2.1547,2.0412,1578.3,7.058,1,0,1,0.001231,7.988249,0,0.0,0.0,0,1,0,1,0
NBM-2026-000233,2159.39,15,11,2144.43,0.025,0,0,0,359,0.198,0,1975.34,3166787.18,2160.35,0,1.007,1.0932,14.97,0.983,5,1,0,0.000682,7.678045,1,0.96,0.00044,1,0,0,1,0
NBM-2026-000234,3678.39,7,2,3445.7,0.241,0,0,0,3351,0.283,0,3309.56,2052533.84,3703.37,0,1.0675,1.1114,232.7,9.175,6,1,1,0.001792,8.210503,1,24.98,0.00679,1,0,0,0,1
NBM-2026-000235,3276.83,14,8,3276.08,0.001,0,0,0,447,0.101,0,3279.41,3943019.99,3303.67,0,1.0002,0.9992,0.75,1.224,3,0,0,0.000831,8.094936,1,26.84,0.00819,1,0,0,1,0
NBM-2026-000236,6036.47,16,5,7314.25,-0.624,0,0,0,3312,0.036,0,7757.65,3149493.27,6057.16,0,0.8253,0.7781,-1277.78,9.068,0,0,0,0.001917,8.70574,1,20.69,0.00343,0,0,1,1,0
NBM-2026-000237,1101.28,17,4,1523.1,-0.989,0,0,0,2351,0.153,0,1582.37,3095861.08,1096.93,0,0.7231,0.696,-421.82,6.437,0,0,0,0.000356,7.005137,1,4.35,0.00395,1,0,0,0,1
NBM-2026-000238,1689.46,7,8,1949.21,-0.476,0,0,0,1778,0.893,0,2098.3,961337.12,1684.84,0,0.8667,0.8052,-259.75,4.868,6,1,1,0.001757,7.432757,1,4.62,0.00274,1,0,0,1,0
NBM-2026-000239,1288.82,9,8,1183.68,0.317,0,0,0,1442,0.206,0,1235.47,1184876.3,1282.13,0,1.0888,1.0432,105.14,3.948,5,1,0,0.001088,7.162259,1,6.69,0.00519,1,0,0,0,1
NBM-2026-000240,5043.81,10,7,5418.23,-0.247,0,0,0,424,0.424,0,5020.75,3776379.74,5095.32,0,0.9309,1.0046,-374.42,1.161,5,1,0,0.001336,8.526115,1,51.51,0.01021,0,0,1,1,0
NBM-2026-000241,3081.63,16,7,2972.03,0.132,0,0,0,3802,0.253,0,2897.65,2190158.8,3075.77,0,1.0369,1.0635,109.6,10.409,3,0,0,0.001407,8.033538,1,5.86,0.0019,1,0,0,1,0
NBM-2026-000242,40493.42,17,5,14186.61,6.623,1,0,0,3670,0.907,0,14903.59,2163533.48,0.0,0,2.8543,2.717,26306.81,10.048,2,0,0,0.018716,10.60892,0,0.0,0.0,0,1,0,0,1
NBM-2026-000243,24301.63,12,4,22523.71,0.282,0,0,0,3744,0.521,0,23472.1,3976583.85,24066.95,0,1.0789,1.0353,1777.93,10.251,5,1,0,0.006111,10.09834,1,234.69,0.00966,1,0,0,1,0
NBM-2026-000244,1701.66,18,6,1572.74,0.293,0,0,0,2441,0.07,0,1692.27,2408363.25,1684.7,0,1.082,1.0055,128.92,6.683,5,1,0,0.000707,7.439947,1,16.96,0.00997,1,0,0,0,1
NBM-2026-000245,4245.85,10,7,5281.74,-0.7,0,0,0,2153,0.47,0,5501.12,1694128.82,4252.62,0,0.8039,0.7718,-1035.89,5.895,1,0,0,0.002506,8.353933,1,6.76,0.00159,1,0,0,1,0
NBM-2026-000246,16636.42,10,6,17801.94,-0.234,0,0,0,3901,0.478,0,18152.63,3386053.06,16714.57,0,0.9345,0.9165,-1165.52,10.68,6,1,0,0.004913,9.71941,1,78.15,0.0047,1,0,0,1,0
NBM-2026-000247,6249.81,8,3,5667.34,0.367,0,0,0,2769,0.022,0,5268.0,3354038.35,6378.92,0,1.1028,1.1864,582.47,7.581,4,0,0,0.001863,8.740466,1,129.12,0.02066,0,1,0,1,0
NBM-2026-000248,1466.89,7,8,1398.92,0.174,0,0,0,4013,0.079,0,1342.99,851687.99,1464.76,0,1.0486,1.0923,67.97,10.987,4,0,1,0.001722,7.291583,1,2.13,0.00145,1,0,0,1,0
NBM-2026-000249,3912.98,8,5,1887.06,3.834,0,0,0,946,0.718,0,1741.71,3041164.34,3899.52,0,2.0736,2.2466,2025.92,2.59,4,0,0,0.001287,8.27231,1,13.46,0.00344,1,0,0,1,0
NBM-2026-000250,965.88,14,4,1120.47,-0.493,0,0,0,3554,0.235,0,1038.67,4209329.8,970.78,0,0.862,0.9299,-154.59,9.73,3,0,0,0.000229,6.874076,1,4.9,0.00508,1,0,0,1,0
NBM-2026-000251,1601.95,14,8,1489.97,0.268,0,0,0,2512,0.282,0,1447.94,2073416.72,1597.34,0,1.0752,1.1064,111.98,6.877,6,1,0,0.000773,7.379598,1,4.6,0.00287,1,0,0,1,0
NBM-2026-000252,338.05,15,7,402.7,-0.573,0,0,0,681,0.101,0,414.96,3971793.12,337.69,0,0.8395,0.8147,-64.65,1.864,6,1,0,8.5e-05,5.826135,1,0.35,0.00104,1,0,0,1,0
NBM-2026-000253,3723.99,18,6,4389.65,-0.542,0,0,0,3925,0.211,0,4453.42,2211775.74,3761.87,0,0.8484,0.8362,-665.66,10.746,2,0,0,0.001684,8.222819,1,37.88,0.01017,0,1,0,0,1
NBM-2026-000254,3765.19,23,4,1450.06,5.702,0,1,1,412,0.99,1,1403.27,2575736.06,3736.27,0,2.5966,2.6831,2315.12,1.128,4,0,1,0.001462,8.233818,1,28.92,0.00768,1,0,0,0,1
NBM-2026-000255,2313.77,6,4,2627.48,-0.426,0,0,0,3373,0.157,0,2706.35,3017692.12,2352.62,0,0.8806,0.8549,-313.71,9.235,0,0,1,0.000767,7.747066,1,38.85,0.01679,1,0,0,0,1
NBM-2026-000256,415.93,10,8,389.61,0.241,0,0,0,1245,0.258,0,368.52,1438979.16,418.9,0,1.0676,1.1287,26.32,3.409,4,0,0,0.000289,6.032925,1,2.97,0.00714,0,1,0,0,1
NBM-2026-000257,2164.9,14,3,1949.21,0.395,0,0,0,1778,0.893,0,1884.15,3526784.25,2185.07,0,1.1107,1.149,215.69,4.868,5,1,0,0.000614,7.680593,1,20.16,0.00931,0,0,1,1,0
NBM-2026-000258,3974.87,7,4,3497.04,0.488,0,0,0,933,0.152,0,3724.51,1685664.42,3965.31,0,1.1366,1.0672,477.83,2.554,5,1,1,0.002358,8.287999,1,9.56,0.00241,1,0,0,1,0
NBM-2026-000259,1274.97,14,10,1243.33,0.091,0,0,0,2280,0.328,0,1321.3,3826086.88,1264.07,0,1.0254,0.9649,31.64,6.242,5,1,0,0.000333,7.151464,1,10.9,0.00855,1,0,0,1,0
NBM-2026-000260,3287.56,17,3,3025.65,0.309,0,0,0,2539,0.437,0,3212.42,898930.73,3310.68,0,1.0866,1.0234,261.91,6.951,6,1,0,0.003657,8.098204,1,23.12,0.00703,1,0,0,0,1
NBM-2026-000261,3749.74,16,8,3899.75,-0.137,0,0,0,4863,0.089,0,3601.05,2686438.08,0.0,0,0.9615,1.0413,-150.02,13.314,0,0,0,0.001396,8.229707,0,0.0,0.0,1,0,0,1,0
NBM-2026-000262,1537.97,13,3,1885.63,-0.658,0,0,0,4578,0.199,0,1841.75,2956186.86,1522.11,0,0.8156,0.8351,-347.66,12.534,2,0,0,0.00052,7.338872,1,15.87,0.01032,1,0,0,1,0
NBM-2026-000263,3453.54,12,9,4364.16,-0.745,0,0,0,2772,0.193,0,4097.97,2055477.47,3410.44,0,0.7913,0.8427,-910.63,7.589,2,0,0,0.00168,8.147444,1,43.09,0.01248,0,1,0,1,0
NBM-2026-000264,4704.51,5,8,4141.47,0.486,0,0,0,3829,0.613,0,4299.68,2402827.76,4731.68,0,1.136,1.0942,563.04,10.483,3,0,1,0.001958,8.45649,1,27.17,0.00578,1,0,0,1,0
NBM-2026-000265,2140.16,9,7,1928.65,0.392,0,0,0,4140,0.214,0,2079.03,611514.86,2154.71,0,1.1097,1.0294,211.51,11.335,1,0,0,0.0035,7.669105,1,14.54,0.00679,0,1,0,1,0
NBM-2026-000266,2113.61,13,8,2130.86,-0.029,0,0,0,3580,0.368,0,2078.35,2520015.5,2099.34,0,0.9919,1.017,-17.25,9.802,6,1,0,0.000839,7.656627,1,14.27,0.00675,0,1,0,1,0
NBM-2026-000267,1629.56,10,5,1724.98,-0.198,0,0,0,2603,0.206,0,1632.55,1127949.24,1636.51,0,0.9447,0.9982,-95.42,7.127,4,0,0,0.001445,7.39668,1,6.95,0.00426,1,0,0,0,1
NBM-2026-000268,717.54,13,4,1031.53,-1.087,0,0,0,4686,0.124,0,1091.86,1561025.13,725.49,0,0.6956,0.6572,-313.99,12.83,2,0,0,0.00046,6.577227,1,7.95,0.01108,1,0,0,1,0
NBM-2026-000269,1338.82,10,11,1770.79,-0.871,0,0,0,1371,0.348,0,1885.65,1882447.81,1348.34,0,0.7561,0.71,-431.98,3.754,5,1,0,0.000711,7.200288,1,9.53,0.00712,0,0,1,1,0
NBM-2026-000270,1704.77,16,6,1724.98,-0.042,0,0,0,2603,0.206,0,1637.7,3482119.44,1674.21,0,0.9883,1.041,-20.21,7.127,3,0,0,0.00049,7.441772,1,30.56,0.01792,0,0,1,1,0
NBM-2026-000271,13962.45,18,4,16184.51,-0.49,0,0,0,203,0.314,0,17093.39,1149706.24,13839.09,0,0.8627,0.8168,-2222.06,0.556,6,1,0,0.012144,9.544199,1,123.36,0.00883,1,0,0,0,1
NBM-2026-000272,6640.51,17,3,2985.48,4.372,0,0,0,3200,0.206,0,3010.32,1223495.12,7258.03,0,2.2243,2.2059,3655.03,8.761,2,0,0,0.005427,8.801094,1,617.52,0.09299,1,0,0,1,0
NBM-2026-000273,6506.3,12,4,6505.53,0.0,0,0,0,3103,0.205,0,6928.24,3449081.92,6463.67,0,1.0001,0.9391,0.77,8.496,1,0,0,0.001886,8.78068,1,42.63,0.00655,1,0,0,1,0
NBM-2026-000274,3832.25,16,6,3407.86,0.445,0,0,0,886,0.055,0,3432.77,781147.83,3865.02,0,1.1245,1.1164,424.39,2.426,0,0,0,0.004906,8.251468,1,32.78,0.00855,1,0,0,1,0
NBM-2026-000275,5318.4,6,8,6034.86,-0.424,0,0,0,4735,0.253,0,5900.29,3187538.05,5298.98,0,0.8813,0.9014,-716.46,12.964,2,0,1,0.001668,8.579115,1,19.42,0.00365,0,1,0,1,0
NBM-2026-000276,11569.64,9,5,13381.57,-0.484,0,0,0,3381,0.059,0,12454.57,901111.85,11666.32,0,0.8646,0.9289,-1811.93,9.257,1,0,0,0.012839,9.356226,1,96.68,0.00836,1,0,0,1,0
NBM-2026-000277,2351.3,18,2,2171.13,0.296,0,0,0,2428,0.21,0,2121.99,1311692.6,2332.82,0,1.083,1.1081,180.17,6.648,4,0,0,0.001793,7.763149,1,18.47,0.00786,1,0,0,0,1
NBM-2026-000278,11017.28,22,4,4141.47,5.929,0,0,1,3829,0.613,0,4379.19,3495304.61,10907.05,0,2.6602,2.5158,6875.81,10.483,3,0,1,0.003152,9.307311,1,110.23,0.01001,0,0,1,1,0
NBM-2026-000279,1395.34,10,10,1225.71,0.494,0,0,0,4348,0.232,0,1135.85,3928003.08,1392.08,0,1.1384,1.2285,169.63,11.904,1,0,0,0.000355,7.241611,1,3.26,0.00234,1,0,0,0,1
NBM-2026-000280,1179.45,8,2,1366.84,-0.49,0,0,0,2578,0.148,0,1340.09,2885801.5,1191.89,0,0.8629,0.8801,-187.39,7.058,5,1,0,0.000409,7.07365,1,12.44,0.01055,0,0,1,1,0
NBM-2026-000281,2050.9,9,3,2247.42,-0.312,0,0,0,871,0.325,0,2417.34,1296090.42,2044.52,0,0.9126,0.8484,-196.52,2.385,2,0,0,0.001582,7.626522,1,6.38,0.00311,1,0,0,0,1
NBM-2026-000282,4304.51,6,7,5667.34,-0.859,0,0,0,2769,0.022,0,5922.39,2799965.28,4357.39,0,0.7595,0.7268,-1362.82,7.581,2,0,1,0.001537,8.367652,1,52.87,0.01228,1,0,0,1,0
NBM-2026-000283,7224.62,14,6,6957.32,0.137,0,0,0,1365,0.176,0,7082.59,2608471.83,7218.36,0,1.0384,1.0201,267.3,3.737,1,0,0,0.00277,8.885388,1,6.26,0.00087,1,0,0,1,0
NBM-2026-000284,6997.16,14,7,9029.36,-0.804,0,0,0,3868,0.104,0,9263.53,3511442.11,0.0,0,0.7749,0.7553,-2032.2,10.59,3,0,0,0.001993,8.853402,0,0.0,0.0,0,1,0,0,1
NBM-2026-000285,1916.15,18,5,1724.98,0.396,0,0,0,2603,0.206,0,1597.73,2100450.03,1917.06,0,1.1108,1.1993,191.16,7.127,2,0,0,0.000912,7.558593,1,0.91,0.00048,1,0,0,1,0
NBM-2026-000286,3479.89,13,7,3407.86,0.075,0,0,0,886,0.055,0,3660.0,4009807.64,3434.03,0,1.0211,0.9508,72.02,2.426,6,1,0,0.000868,8.155042,1,45.86,0.01318,1,0,0,1,0
NBM-2026-000287,4880.5,11,7,4905.48,-0.018,0,0,0,3338,0.244,0,5007.94,4266474.93,4835.67,0,0.9949,0.9746,-24.98,9.139,2,0,0,0.001144,8.493209,1,44.83,0.00919,1,0,0,0,1
NBM-2026-000288,8026.86,10,4,6034.86,1.179,0,0,0,4735,0.253,0,6399.44,1236549.77,7954.28,0,1.3301,1.2543,1991.99,12.964,5,1,0,0.006491,8.990673,1,72.58,0.00904,0,1,0,1,0
NBM-2026-000289,870.36,11,4,1049.85,-0.611,0,0,0,2749,0.174,0,1078.41,4027407.61,872.39,0,0.829,0.8071,-179.49,7.526,2,0,0,0.000216,6.770054,1,2.03,0.00233,0,1,0,0,1
NBM-2026-000290,6319.59,10,9,4335.94,1.634,0,0,0,651,0.316,0,4352.88,1276313.98,6228.08,0,1.4575,1.4518,1983.65,1.782,0,0,0,0.004951,8.751568,1,91.51,0.01448,1,0,0,0,1
NBM-2026-000291,1844.89,15,9,2008.53,-0.291,0,0,0,2820,0.071,0,2166.37,2406226.45,0.0,0,0.9185,0.8516,-163.63,7.721,1,0,0,0.000767,7.520719,0,0.0,0.0,0,1,0,0,1
NBM-2026-000292,1634.84,8,10,1770.79,-0.274,0,0,0,1371,0.348,0,1655.87,3450509.25,1624.34,0,0.9232,0.9873,-135.96,3.754,6,1,0,0.000474,7.399909,1,10.5,0.00642,1,0,0,0,1
NBM-2026-000293,795.18,9,3,930.43,-0.519,0,0,0,2091,0.81,0,909.83,954053.73,799.51,0,0.8546,0.874,-135.24,5.725,3,0,0,0.000833,6.67983,1,4.33,0.00544,1,0,0,0,1
NBM-2026-000294,1647.34,17,7,1572.74,0.169,0,0,0,2441,0.07,0,1584.49,2139278.55,1630.9,0,1.0474,1.0397,74.6,6.683,2,0,0,0.00077,7.407524,1,16.44,0.00998,1,0,0,1,0
NBM-2026-000295,1517.04,10,5,1482.32,0.084,0,0,0,1927,0.944,0,1382.79,1261180.38,0.0,0,1.0234,1.0971,34.72,5.276,6,1,0,0.001203,7.325173,0,0.0,0.0,1,0,0,0,1
NBM-2026-000296,15778.72,16,5,13283.8,0.671,0,0,0,4303,0.229,0,12702.4,2181418.29,15721.6,0,1.1878,1.2422,2494.92,11.781,3,0,0,0.007233,9.666481,1,57.12,0.00362,1,0,0,1,0
NBM-2026-000297,2195.21,18,10,2080.22,0.197,0,0,0,812,0.024,0,2160.74,2077796.36,2212.78,0,1.0553,1.016,114.99,2.223,6,1,0,0.001057,7.69449,1,17.57,0.008,1,0,0,1,0
NBM-2026-000298,2731.73,17,8,3025.65,-0.347,0,0,0,2539,0.437,0,3195.82,3995467.46,2738.95,0,0.9029,0.8548,-293.92,6.951,5,1,0,0.000684,7.913057,1,7.22,0.00264,1,0,0,1,0
NBM-2026-000299,1071.15,7,13,1035.83,0.122,0,0,0,4407,0.335,0,953.48,773366.55,1071.78,0,1.0341,1.1234,35.31,12.066,3,0,1,0.001385,6.977417,1,0.63,0.00059,0,0,1,0,1
NBM-2026-000300,4383.42,8,5,4364.16,0.016,0,0,0,2772,0.193,0,4415.28,771764.38,4392.39,0,1.0044,0.9928,19.26,7.589,6,1,0,0.00568,8.385813,1,8.97,0.00205,1,0,0,0,1
NBM-2026-000301,3221.11,11,5,3497.04,-0.282,0,0,0,933,0.152,0,3604.71,2076409.74,3224.54,0,0.9211,0.8936,-275.93,2.554,5,1,0,0.001551,8.077792,1,3.43,0.00106,0,1,0,0,1
NBM-2026-000302,2111.34,1,8,809.28,5.746,1,0,1,3580,0.276,0,860.47,1977464.71,2091.83,0,2.6089,2.4537,1302.06,9.802,5,1,1,0.001068,7.655553,1,19.52,0.00924,1,0,0,1,0
NBM-2026-000303,1853.1,5,10,1902.38,-0.093,0,0,0,2663,0.49,0,2048.7,2522382.88,1839.55,0,0.9741,0.9045,-49.28,7.291,6,1,1,0.000735,7.525156,1,13.55,0.00731,1,0,0,1,0
NBM-2026-000304,6761.62,11,7,7758.99,-0.459,0,0,0,1017,0.371,0,8075.49,705874.26,6765.94,0,0.8715,0.8373,-997.37,2.784,4,0,0,0.009579,8.819166,1,4.32,0.00064,1,0,0,1,0
NBM-2026-000305,5128.36,12,4,2302.63,4.383,0,1,0,4198,0.235,0,2168.08,3630665.21,4887.19,1,2.2272,2.3654,2825.73,11.493,2,0,0,0.001413,8.542737,1,241.18,0.04703,0,1,0,0,1
NBM-2026-000306,4036.11,13,5,3008.58,1.22,0,0,0,70,0.274,0,3141.38,3473802.99,4101.54,0,1.3415,1.2848,1027.53,0.192,2,0,0,0.001162,8.303285,1,65.42,0.01621,1,0,0,1,0
NBM-2026-000307,2795.13,9,8,2627.48,0.228,0,0,0,3373,0.157,0,2619.02,2632955.51,2757.4,0,1.0638,1.0672,167.64,9.235,5,1,0,0.001062,7.93599,1,37.73,0.0135,1,0,0,1,0
NBM-2026-000308,1831.54,14,7,2247.42,-0.661,0,0,0,871,0.325,0,2246.12,665170.33,1834.48,0,0.8149,0.8154,-415.89,2.385,6,1,0,0.002753,7.513456,1,2.94,0.00161,1,0,0,1,0
NBM-2026-000309,10408.59,2,4,3811.99,6.18,0,0,1,2468,0.05,0,3920.93,2709133.15,10347.02,0,2.7305,2.6546,6596.6,6.757,1,0,1,0.003842,9.250483,1,61.57,0.00591,0,0,1,1,0
NBM-2026-000310,332.03,9,6,333.29,-0.013,0,0,0,3803,0.282,0,313.12,2772771.88,333.13,0,0.9962,1.0604,-1.26,10.412,5,1,0,0.00012,5.808221,1,1.1,0.00333,0,1,0,1,0
NBM-2026-000311,2204.73,17,7,2302.63,-0.152,0,0,0,4198,0.135,0,2146.6,2693168.23,2212.46,0,0.9575,1.0271,-97.9,11.493,0,0,0,0.000819,7.698815,1,7.72,0.0035,1,0,0,0,1
NBM-2026-000312,1480.03,9,6,1366.84,0.296,0,0,0,2578,0.148,0,1427.89,1937482.19,1494.75,0,1.0828,1.0365,113.19,7.058,5,1,0,0.000764,7.30049,1,14.72,0.00995,1,0,0,1,0
NBM-2026-000313,1175.24,14,8,1053.86,0.411,0,0,0,244,0.145,0,1061.59,3800244.83,1165.76,0,1.1152,1.1071,121.38,0.668,2,0,0,0.000309,7.07008,1,9.48,0.00807,1,0,0,1,0
NBM-2026-000314,3175.72,6,8,3527.38,-0.356,0,0,0,153,0.531,0,3558.71,904157.28,3168.72,0,0.9003,0.8924,-351.66,0.419,6,1,1,0.003512,8.063605,1,7.0,0.0022,0,0,1,1,0
NBM-2026-000315,5554.19,17,8,5975.02,-0.252,0,0,0,4283,0.405,0,5498.86,1782341.18,5535.27,0,0.9296,1.0101,-420.83,11.726,0,0,0,0.003116,8.622489,1,18.93,0.00341,1,0,0,1,0
NBM-2026-000316,6081.02,15,13,6034.86,0.027,0,0,0,4735,0.253,0,6253.1,1110116.1,6143.57,0,1.0076,0.9725,46.16,12.964,1,0,0,0.005478,8.713092,1,62.55,0.01029,1,0,0,1,0
NBM-2026-000317,16523.55,13,1,16184.51,0.075,0,0,0,203,0.314,0,16715.9,2489882.57,16440.23,0,1.0209,0.9885,339.03,0.556,0,0,0,0.006636,9.712602,1,83.32,0.00504,1,0,0,1,0
NBM-2026-000318,3100.44,13,9,2985.48,0.138,0,0,0,3200,0.206,0,2901.05,2767930.32,3112.72,0,1.0385,1.0687,114.96,8.761,2,0,0,0.00112,8.039621,1,12.29,0.00396,1,0,0,1,0
NBM-2026-000319,4475.52,14,8,4905.48,-0.313,0,0,0,3338,0.244,0,4945.59,1229455.0,4500.81,0,0.9124,0.905,-429.96,9.139,0,0,0,0.00364,8.4066,1,25.29,0.00565,1,0,0,1,0
NBM-2026-000320,2399.44,16,8,2302.63,0.15,0,0,0,4198,0.135,0,2406.94,1340108.68,2412.71,0,1.042,0.9969,96.81,11.493,0,0,0,0.00179,7.783406,1,13.28,0.00553,1,0,0,1,0
NBM-2026-000321,3704.37,15,6,4364.16,-0.54,0,0,0,2772,0.193,0,4535.6,3021756.83,3713.23,0,0.8488,0.8167,-659.79,7.589,2,0,0,0.001226,8.217538,1,8.86,0.00239,0,1,0,1,0
NBM-2026-000322,2300.03,9,10,2181.22,0.195,0,0,0,2598,0.108,0,2080.48,635275.69,2326.71,0,1.0545,1.1055,118.81,7.113,2,0,0,0.003621,7.741113,1,26.68,0.0116,1,0,0,1,0
NBM-2026-000323,418.39,15,5,389.61,0.264,0,0,0,1245,0.258,0,369.08,2881985.79,420.11,0,1.0739,1.1336,28.78,3.409,2,0,0,0.000145,6.038792,1,1.72,0.00412,0,1,0,1,0
NBM-2026-000324,12367.4,15,8,13283.8,-0.246,0,0,0,4303,0.229,0,13255.16,680114.47,12364.55,0,0.931,0.933,-916.4,11.781,6,1,0,0.018184,9.4229,1,2.85,0.00023,1,0,0,1,0
NBM-2026-000325,15460.23,8,7,17801.94,-0.47,0,0,0,3901,0.478,0,18728.28,1256060.25,15524.94,0,0.8685,0.8255,-2341.72,10.68,5,1,0,0.012309,9.646091,1,64.72,0.00419,0,0,1,0,1
NBM-2026-000326,1960.16,13,7,809.28,5.079,0,1,0,3580,0.256,0,782.98,1258512.01,1972.23,0,2.4221,2.5035,1150.88,9.802,5,1,0,0.001558,7.581293,1,12.07,0.00616,1,0,0,1,0
NBM-2026-000327,2992.62,9,6,2745.45,0.322,0,0,0,1384,0.076,0,2592.57,3773825.74,2965.69,0,1.09,1.1543,247.17,3.789,1,0,0,0.000793,8.004239,1,26.93,0.009,1,0,0,1,0
NBM-2026-000328,1304.93,17,9,1500.84,-0.466,0,0,0,2077,0.25,0,1504.4,3001871.72,1293.57,0,0.8695,0.8674,-195.91,5.687,0,0,0,0.000435,7.174668,1,11.36,0.0087,0,1,0,0,1
NBM-2026-000329,7225.67,12,2,3276.08,4.306,0,1,0,447,0.201,0,3184.19,4125204.81,7223.88,0,2.2056,2.2692,3949.59,1.224,6,1,0,0.001752,8.885534,1,1.79,0.00025,1,0,0,1,0
NBM-2026-000330,5001.5,13,10,4905.48,0.07,0,0,0,3338,0.244,0,4702.14,726831.94,5104.7,0,1.0196,1.0637,96.02,9.139,3,0,0,0.006881,8.517694,1,103.2,0.02063,1,0,0,0,1
NBM-2026-000331,2278.53,13,13,2302.63,-0.037,0,0,0,4198,0.135,0,2410.0,694879.64,0.0,0,0.9895,0.9454,-24.1,11.493,2,0,0,0.003279,7.731724,0,0.0,0.0,0,1,0,0,1
NBM-2026-000332,953.1,17,3,915.08,0.148,0,0,0,4311,0.117,0,897.87,3061738.14,955.61,0,1.0415,1.0615,38.02,11.803,3,0,0,0.000311,6.860773,1,2.51,0.00263,1,0,0,0,1
NBM-2026-000333,1645.18,13,10,1953.96,-0.564,0,0,0,155,0.37,0,2084.55,4082474.94,1632.06,0,0.842,0.7892,-308.78,0.424,5,1,0,0.000403,7.406213,1,13.12,0.00797,1,0,0,0,1
NBM-2026-000334,3503.4,8,12,2972.03,0.639,0,0,0,3802,0.253,0,3150.47,1636554.34,3507.75,0,1.1788,1.112,531.37,10.409,3,0,0,0.002141,8.161775,1,4.35,0.00124,0,1,0,0,1
NBM-2026-000335,1948.34,10,9,2237.84,-0.462,0,0,0,2655,0.206,0,2120.62,2968967.48,1967.5,0,0.8706,0.9188,-289.51,7.269,1,0,0,0.000656,7.575244,1,19.16,0.00983,1,0,0,0,1
NBM-2026-000336,11944.18,8,12,10878.56,0.35,0,0,0,3268,0.211,0,10649.73,1181565.23,11897.15,0,1.098,1.1215,1065.63,8.947,6,1,0,0.010109,9.388084,1,47.03,0.00394,1,0,0,1,0
NBM-2026-000337,10643.73,15,4,4141.47,5.607,0,0,0,3829,0.613,0,3995.84,1326408.41,10514.09,0,2.57,2.6637,6502.27,10.483,1,0,0,0.008024,9.272821,1,129.64,0.01218,1,0,0,0,1
NBM-2026-000338,4679.67,18,7,4364.16,0.258,0,0,0,2772,0.193,0,4133.39,3959802.96,4655.98,0,1.0723,1.1322,315.51,7.589,4,0,0,0.001182,8.451197,1,23.69,0.00506,0,1,0,1,0
NBM-2026-000339,4018.96,9,6,3899.75,0.109,0,0,0,4863,0.089,0,4152.78,3461040.64,4003.29,0,1.0306,0.9678,119.21,13.314,1,0,0,0.001161,8.299027,1,15.67,0.0039,1,0,0,1,0
NBM-2026-000340,4786.41,12,9,3899.75,0.812,0,0,0,4863,0.089,0,3959.74,2575292.75,4826.18,0,1.2274,1.2088,886.66,13.314,2,0,0,0.001859,8.473745,1,39.77,0.00831,1,0,0,1,0
NBM-2026-000341,1130.2,13,5,1194.41,-0.192,0,0,0,1234,0.179,0,1106.1,4252344.83,1118.33,0,0.9462,1.0218,-64.21,3.379,3,0,0,0.000266,7.031035,1,11.87,0.0105,0,1,0,0,1
NBM-2026-000342,2970.28,9,9,2643.23,0.442,0,0,0,4084,0.294,0,2711.55,4225553.6,2989.42,0,1.1237,1.0954,327.04,11.181,6,1,0,0.000703,7.996747,1,19.15,0.00645,1,0,0,1,0
NBM-2026-000343,3149.59,13,8,2819.03,0.419,0,0,0,4058,0.22,0,2618.95,3193594.69,3136.77,0,1.1173,1.2026,330.56,11.11,4,0,0,0.000986,8.055344,1,12.82,0.00407,0,1,0,0,1
NBM-2026-000344,729.91,13,4,930.43,-0.77,0,0,0,2091,0.81,0,989.15,2224141.41,730.48,0,0.7845,0.7379,-200.52,5.725,0,0,0,0.000328,6.594287,1,0.57,0.00078,1,0,0,1,0
NBM-2026-000345,4923.76,6,6,5419.61,-0.327,0,0,0,2924,0.132,0,5055.59,3036968.1,4945.59,0,0.9085,0.9739,-495.85,8.005,1,0,1,0.001621,8.50203,1,21.84,0.00444,1,0,0,0,1
NBM-2026-000346,2129.27,9,5,2402.69,-0.406,0,0,0,3482,0.108,0,2306.25,621431.97,2111.17,0,0.8862,0.9233,-273.42,9.533,0,0,0,0.003426,7.664004,1,18.1,0.0085,1,0,0,0,1
NBM-2026-000347,2672.05,13,2,3527.38,-0.866,0,0,0,153,0.531,0,3795.69,2799759.27,0.0,0,0.7575,0.704,-855.33,0.419,0,0,0,0.000954,7.890974,0,0.0,0.0,1,0,0,1,0
NBM-2026-000348,929.39,12,10,1450.06,-1.282,0,0,0,412,0.927,1,1486.64,2266061.31,934.27,0,0.6409,0.6252,-520.68,1.128,6,1,0,0.00041,6.8356,1,4.89,0.00526,1,0,0,1,0
NBM-2026-000349,549.81,10,4,582.02,-0.198,0,0,0,4458,0.334,0,605.73,1924653.72,0.0,0,0.9447,0.9077,-32.21,12.205,4,0,0,0.000286,6.311385,0,0.0,0.0,1,0,0,0,1
NBM-2026-000350,1087.18,10,10,1035.83,0.177,0,0,0,4407,0.335,0,1086.97,2173993.48,1079.65,0,1.0496,1.0002,51.35,12.066,3,0,0,0.0005,6.992264,1,7.53,0.00693,1,0,0,1,0
NBM-2026-000351,7852.66,14,5,7758.99,0.043,0,0,0,1017,0.371,0,8358.31,3567704.88,7974.72,0,1.0121,0.9395,93.67,2.784,4,0,0,0.002201,8.968735,1,122.05,0.01554,1,0,0,1,0
NBM-2026-000352,632.01,13,9,471.97,1.211,0,0,0,4127,0.238,0,487.01,2183356.49,640.87,0,1.3391,1.2977,160.04,11.299,5,1,0,0.000289,6.450492,1,8.86,0.01401,0,1,0,0,1
NBM-2026-000353,1768.59,8,5,1902.38,-0.251,0,0,0,2663,0.49,0,1857.28,3042012.88,1763.11,0,0.9297,0.9522,-133.79,7.291,4,0,0,0.000581,7.478504,1,5.48,0.0031,0,1,0,1,0
NBM-2026-000354,910.15,17,2,1053.86,-0.487,0,0,0,244,0.145,0,1118.65,4070992.87,915.18,0,0.8636,0.8136,-143.71,0.668,4,0,0,0.000224,6.814709,1,5.03,0.00553,0,1,0,0,1
NBM-2026-000355,351.08,20,7,402.7,-0.458,0,0,0,681,0.101,0,413.57,688286.13,352.2,0,0.8718,0.8489,-51.62,1.864,5,1,1,0.00051,5.86386,1,1.12,0.00318,1,0,0,1,0
NBM-2026-000356,2926.08,12,8,2643.23,0.382,0,0,0,4084,0.294,0,2678.81,1735570.89,2944.39,0,1.107,1.0923,282.84,11.181,4,0,0,0.001686,7.981759,1,18.31,0.00626,1,0,0,0,1
NBM-2026-000357,1920.99,9,1,930.43,3.802,0,0,0,2091,0.81,0,947.56,1792417.39,1934.44,0,2.0646,2.0273,990.56,5.725,0,0,0,0.001072,7.561114,1,13.46,0.00701,0,1,0,0,1
NBM-2026-000358,3382.25,15,7,3455.75,-0.076,0,0,0,3780,0.288,0,3564.31,898523.75,3377.43,0,0.9787,0.9489,-73.5,10.349,4,0,0,0.003764,8.126592,1,4.82,0.00143,1,0,0,1,0
NBM-2026-000359,11468.22,5,5,10502.81,0.328,0,0,0,687,0.589,0,10385.96,2693808.26,11527.34,0,1.0919,1.1042,965.41,1.881,3,0,1,0.004257,9.347422,1,59.13,0.00516,1,0,0,1,0
NBM-2026-000360,16629.75,8,5,17801.94,-0.235,0,0,0,3901,0.478,0,17987.9,3234162.56,16575.25,0,0.9342,0.9245,-1172.2,10.68,5,1,0,0.005142,9.719009,1,54.5,0.00328,0,1,0,1,0
NBM-2026-000361,1831.33,14,1,1396.55,1.112,0,0,0,1578,0.428,0,1470.84,3062421.43,1790.83,0,1.3113,1.2451,434.78,4.32,3,0,0,0.000598,7.513343,1,40.5,0.02212,1,0,0,0,1
NBM-2026-000362,11957.79,14,4,11373.47,0.183,0,0,0,2975,0.231,0,10858.58,3200765.49,0.0,0,1.0514,1.1012,584.32,8.145,1,0,0,0.003736,9.389222,0,0.0,0.0,1,0,0,1,0
NBM-2026-000363,12585.69,20,4,12512.73,0.021,0,0,0,3033,0.511,0,12295.13,2570684.8,12576.9,0,1.0058,1.0236,72.96,8.304,4,0,1,0.004896,9.440395,1,8.79,0.0007,0,1,0,0,1
NBM-2026-000364,2363.47,13,6,2402.69,-0.058,0,0,0,3482,0.108,0,2498.84,1342103.06,2364.7,0,0.9837,0.9458,-39.22,9.533,2,0,0,0.001761,7.768309,1,1.23,0.00052,1,0,0,1,0
NBM-2026-000365,417.54,6,8,389.61,0.256,0,0,0,1245,0.258,0,391.04,2567839.51,417.73,0,1.0717,1.0678,27.93,3.409,5,1,1,0.000163,6.036783,1,0.19,0.00045,0,1,0,0,1
NBM-2026-000366,3851.6,11,10,3455.75,0.409,0,0,0,3780,0.288,0,3489.26,3106647.8,0.0,0,1.1145,1.1038,395.85,10.349,5,1,0,0.00124,8.256504,0,0.0,0.0,1,0,0,1,0
NBM-2026-000367,15908.92,18,10,13283.8,0.706,0,0,0,4303,0.229,0,12773.06,644896.15,15889.88,0,1.1976,1.2455,2625.12,11.781,6,1,0,0.024669,9.674698,1,19.05,0.0012,1,0,0,0,1
NBM-2026-000368,6143.0,11,6,5794.06,0.215,0,0,0,3354,0.091,0,6191.63,2272943.77,6042.94,0,1.0602,0.9921,348.94,9.183,1,0,0,0.002703,8.723232,1,100.06,0.01629,1,0,0,1,0
NBM-2026-000369,3662.98,14,3,4086.97,-0.371,0,0,0,4714,0.069,0,3882.91,1524752.55,3659.17,0,0.8963,0.9434,-423.99,12.906,4,0,0,0.002402,8.206304,1,3.8,0.00104,0,0,1,0,1
NBM-2026-000370,1620.24,12,11,1688.12,-0.144,0,0,0,2703,0.093,0,1723.07,1007006.24,1593.65,0,0.9598,0.9403,-67.88,7.4,0,0,0,0.001609,7.390946,1,26.59,0.01641,1,0,0,1,0
NBM-2026-000371,1960.14,9,7,1523.1,1.025,0,0,0,2351,0.153,0,1613.56,3202901.32,1967.53,0,1.2869,1.2148,437.04,6.437,2,0,0,0.000612,7.581282,1,7.39,0.00377,1,0,0,1,0
NBM-2026-000372,1969.35,7,11,2198.5,-0.372,0,0,0,1401,0.222,0,2057.64,3115879.59,1955.68,0,0.8958,0.9571,-229.15,3.836,4,0,1,0.000632,7.585967,1,13.67,0.00694,0,0,1,1,0
NBM-2026-000373,2511.19,12,4,2247.42,0.419,0,0,0,871,0.325,0,2354.2,3253557.39,2568.56,0,1.1174,1.0667,263.77,2.385,4,0,0,0.000772,7.828911,1,57.37,0.02285,0,1,0,1,0
NBM-2026-000374,7451.08,6,1,7314.25,0.067,0,0,0,3312,0.036,0,6869.27,4216104.75,7545.25,0,1.0187,1.0847,136.83,9.068,0,0,1,0.001767,8.916248,1,94.17,0.01264,1,0,0,0,1
NBM-2026-000375,2347.68,15,12,2302.63,0.07,0,0,0,4198,0.135,0,2155.63,1008903.3,2331.52,0,1.0196,1.0891,45.05,11.493,1,0,0,0.002327,7.76161,1,16.16,0.00688,0,0,1,0,1
NBM-2026-000376,5969.07,15,3,3622.17,2.314,0,0,0,161,0.481,0,3670.58,1539662.97,5932.58,0,1.6479,1.6262,2346.89,0.441,2,0,0,0.003877,8.694513,1,36.48,0.00611,0,1,0,0,1
NBM-2026-000377,2187.65,6,5,2237.84,-0.08,0,0,0,2655,0.206,0,2399.51,897909.44,2186.71,0,0.9776,0.9117,-50.2,7.269,2,0,1,0.002436,7.691039,1,0.93,0.00043,0,1,0,1,0
NBM-2026-000378,1978.37,13,5,1949.21,0.053,0,0,0,1778,0.893,0,1983.74,2298896.54,1963.05,0,1.015,0.9973,29.16,4.868,3,0,0,0.000861,7.590536,1,15.33,0.00775,0,1,0,0,1
NBM-2026-000379,5483.68,15,5,5418.23,0.043,0,0,0,424,0.424,0,4988.63,811790.23,5464.42,0,1.0121,1.0992,65.44,1.161,0,0,0,0.006755,8.609713,1,19.25,0.00351,1,0,0,0,1
NBM-2026-000380,3169.64,11,6,4389.65,-0.993,0,0,0,3925,0.211,0,4489.38,1120464.57,3165.1,0,0.7221,0.706,-1220.01,10.746,5,1,0,0.002829,8.061688,1,4.54,0.00143,1,0,0,0,1
NBM-2026-000381,24176.81,7,7,18553.82,1.082,0,0,0,2857,0.509,0,18336.9,1012814.59,24513.53,0,1.3031,1.3185,5622.99,7.822,0,0,1,0.023871,10.093191,1,336.72,0.01393,1,0,0,1,0
NBM-2026-000382,1794.05,11,3,2819.03,-1.299,0,0,0,4058,0.22,0,2988.66,4276836.72,1792.66,0,0.6364,0.6003,-1024.97,11.11,2,0,0,0.000419,7.492789,1,1.39,0.00077,1,0,0,1,0
NBM-2026-000383,5191.16,14,1,6399.34,-0.674,0,0,0,1028,0.495,0,6039.14,1778418.67,5148.99,0,0.8112,0.8596,-1208.18,2.815,4,0,0,0.002919,8.554905,1,42.17,0.00812,1,0,0,0,1
NBM-2026-000384,1868.28,5,10,1498.56,0.881,0,0,0,2936,0.067,0,1392.45,2714945.28,1905.2,0,1.2467,1.3417,369.73,8.038,1,0,1,0.000688,7.53331,1,36.92,0.01976,1,0,0,0,1
NBM-2026-000385,447.15,13,6,402.7,0.394,0,0,0,681,0.101,0,407.32,1825834.71,446.86,0,1.1104,1.0978,44.45,1.864,4,0,0,0.000245,6.105121,1,0.29,0.00064,1,0,0,0,1
NBM-2026-000386,3266.72,15,11,4025.99,-0.674,0,0,0,1528,0.342,0,4116.7,1055996.72,3265.67,0,0.8114,0.7935,-759.27,4.183,3,0,0,0.003093,8.091847,1,1.05,0.00032,0,1,0,0,1
NBM-2026-000387,1757.24,7,8,1482.32,0.662,0,0,0,1927,0.944,0,1398.32,1010532.6,1764.85,0,1.1855,1.2567,274.92,5.276,6,1,1,0.001739,7.472069,1,7.61,0.00433,0,1,0,0,1
NBM-2026-000388,4595.1,13,7,4335.94,0.213,0,0,0,651,0.316,0,4643.26,3626552.56,4549.56,0,1.0598,0.9896,259.16,1.782,1,0,0,0.001267,8.432963,1,45.54,0.00991,1,0,0,1,0
NBM-2026-000389,5365.98,14,2,4624.52,0.573,0,0,0,3812,0.069,0,4597.05,1409391.39,0.0,0,1.1603,1.1673,741.46,10.437,6,1,0,0.003807,8.588021,0,0.0,0.0,1,0,0,1,0
NBM-2026-000390,10140.01,12,6,14186.61,-1.019,0,0,0,3670,0.787,0,14615.36,2090263.85,10120.59,0,0.7148,0.6938,-4046.6,10.048,2,0,0,0.004851,9.224343,1,19.42,0.00192,0,1,0,0,1
NBM-2026-000391,5062.05,9,4,5327.79,-0.178,0,0,0,4121,0.198,0,5491.92,4221568.23,5054.45,0,0.9501,0.9217,-265.74,11.283,4,0,0,0.001199,8.529725,1,7.6,0.0015,1,0,0,1,0
NBM-2026-000392,5400.91,7,12,4945.97,0.329,0,0,0,3299,0.116,0,4591.95,2495057.63,5373.47,0,1.092,1.1762,454.94,9.032,3,0,1,0.002165,8.594509,1,27.45,0.00508,1,0,0,0,1
NBM-2026-000393,5608.22,5,12,5842.64,-0.143,0,0,0,5112,0.092,0,5588.5,1883792.68,5625.54,0,0.9599,1.0035,-234.42,13.996,0,0,1,0.002977,8.632168,1,17.31,0.00309,0,1,0,0,1
NBM-2026-000394,856.26,18,4,1053.86,-0.67,0,0,0,244,0.145,0,1057.57,2893765.41,863.62,0,0.8125,0.8096,-197.61,0.668,5,1,0,0.000296,6.753739,1,7.36,0.0086,0,1,0,0,1
NBM-2026-000395,4394.54,11,11,3811.99,0.546,0,0,0,2468,0.05,0,3518.73,3102058.06,4419.18,0,1.1528,1.2489,582.54,6.757,1,0,0,0.001417,8.388345,1,24.64,0.00561,1,0,0,1,0
NBM-2026-000396,3566.69,15,11,4025.99,-0.407,0,0,0,1528,0.342,0,4262.76,2769167.63,3594.21,0,0.8859,0.8367,-459.31,4.183,1,0,0,0.001288,8.179672,1,27.52,0.00772,1,0,0,1,0
NBM-2026-000397,764.84,17,4,682.01,0.434,0,0,0,1946,0.505,0,630.55,3959484.5,757.98,0,1.1214,1.213,82.83,5.328,2,0,0,0.000193,6.640971,1,6.86,0.00897,0,1,0,1,0
NBM-2026-000398,3221.04,18,9,3407.86,-0.196,0,0,0,886,0.055,0,3499.45,1209380.15,3225.39,0,0.9452,0.9204,-186.82,2.426,4,0,0,0.002663,8.077771,1,4.34,0.00135,1,0,0,0,1
NBM-2026-000399,1162.3,8,7,1164.97,-0.008,0,0,0,3145,0.524,0,1214.54,2795434.18,1134.74,0,0.9977,0.957,-2.67,8.611,1,0,0,0.000416,7.059013,1,27.56,0.02371,0,1,0,0,1
NBM-2026-000400,2573.03,9,5,2876.97,-0.377,0,0,0,1386,0.056,0,2963.85,899938.13,2594.53,0,0.8944,0.8681,-303.94,3.795,1,0,0,0.002859,7.853227,1,21.5,0.00836,0,0,1,1,0
NBM-2026-000401,7049.13,5,8,6034.86,0.6,0,0,0,4735,0.253,0,6436.49,3060712.44,7065.76,0,1.1681,1.0952,1014.27,12.964,3,0,1,0.002303,8.860801,1,16.63,0.00236,1,0,0,1,0
NBM-2026-000402,4306.27,7,8,4335.94,-0.024,0,0,0,651,0.316,0,4410.77,3887285.1,4296.98,0,0.9932,0.9763,-29.67,1.782,5,1,1,0.001108,8.368059,1,9.28,0.00216,0,1,0,1,0
NBM-2026-000403,8412.69,9,8,7758.99,0.301,0,0,0,1017,0.371,0,7463.73,3137996.44,8315.45,0,1.0843,1.1271,653.7,2.784,3,0,0,0.002681,9.037615,1,97.24,0.01156,1,0,0,0,1
NBM-2026-000404,4020.22,0,4,2181.22,3.011,1,0,1,2598,0.228,0,2122.21,1790108.17,3998.85,0,1.8431,1.8944,1839.0,7.113,1,0,1,0.002246,8.299341,1,21.38,0.00532,1,0,0,0,1
NBM-2026-000405,1977.59,14,7,2237.84,-0.415,0,0,0,2655,0.206,0,2224.73,3780794.11,1991.26,0,0.8837,0.8889,-260.25,7.269,6,1,0,0.000523,7.590139,1,13.67,0.00691,1,0,0,0,1
NBM-2026-000406,1772.41,14,3,2198.5,-0.692,0,0,0,1401,0.222,0,2297.93,624928.15,1780.32,0,0.8062,0.7713,-426.09,3.836,0,0,0,0.002836,7.480661,1,7.91,0.00446,1,0,0,1,0
NBM-2026-000407,4141.94,10,2,3811.99,0.309,0,0,0,2468,0.05,0,3614.6,3713694.92,4127.2,0,1.0866,1.1459,329.95,6.757,6,1,0,0.001115,8.329162,1,14.75,0.00356,0,1,0,0,1
NBM-2026-000408,1170.65,7,8,1698.57,-1.11,0,0,0,1319,0.578,0,1682.96,1556321.15,1169.49,0,0.6892,0.6956,-527.93,3.611,3,0,1,0.000752,7.066166,1,1.16,0.00099,1,0,0,0,1
NBM-2026-000409,2946.06,12,3,3495.13,-0.561,0,0,0,3655,0.463,0,3326.09,1855254.99,2949.26,0,0.8429,0.8857,-549.08,10.007,5,1,0,0.001588,7.988562,1,3.2,0.00109,0,1,0,1,0
NBM-2026-000410,872.97,9,3,901.45,-0.113,0,0,0,170,0.64,0,844.68,3777540.8,867.46,0,0.9684,1.0335,-28.48,0.465,4,0,0,0.000231,6.773046,1,5.51,0.00631,1,0,0,1,0
NBM-2026-000411,7184.93,10,11,11787.26,-1.394,0,0,0,1380,0.482,0,11104.23,882712.62,7191.22,0,0.6096,0.647,-4602.33,3.778,5,1,0,0.00814,8.87988,1,6.29,0.00088,1,0,0,0,1
NBM-2026-000412,2494.27,21,8,2402.69,0.136,0,0,0,3482,0.108,0,2371.11,3800278.26,2498.03,0,1.0381,1.0519,91.58,9.533,5,1,1,0.000656,7.822151,1,3.76,0.00151,1,0,0,1,0
NBM-2026-000413,10573.92,5,4,10502.81,0.024,0,0,0,687,0.589,0,11056.97,2407495.12,10590.83,0,1.0068,0.9563,71.11,1.881,6,1,1,0.004392,9.266241,1,16.91,0.0016,0,0,1,1,0
NBM-2026-000414,1795.8,12,9,2028.11,-0.409,0,0,0,334,0.26,0,2054.26,3309816.1,1801.84,0,0.8855,0.8742,-232.31,0.914,5,1,0,0.000543,7.493762,1,6.05,0.00337,1,0,0,1,0
NBM-2026-000415,5793.43,16,4,4905.48,0.646,0,0,0,3338,0.244,0,4782.79,1397307.21,5867.85,0,1.181,1.2113,887.95,9.139,2,0,0,0.004146,8.664653,1,74.42,0.01285,0,1,0,1,0
NBM-2026-000416,5769.83,17,11,5419.61,0.231,0,0,0,2924,0.132,0,5296.67,1843141.89,5757.07,0,1.0646,1.0893,350.22,8.005,4,0,0,0.00313,8.660571,1,12.76,0.00221,0,1,0,0,1
NBM-2026-000417,5132.66,21,5,4945.97,0.135,0,0,0,3299,0.116,0,5275.94,951139.01,5152.47,0,1.0377,0.9728,186.68,9.032,4,0,1,0.005396,8.543573,1,19.82,0.00386,1,0,0,0,1
NBM-2026-000418,1036.36,10,9,1049.85,-0.046,0,0,0,2749,0.174,0,1012.5,3712393.08,1050.8,0,0.9871,1.0236,-13.49,7.526,4,0,0,0.000279,6.944437,1,14.44,0.01393,1,0,0,1,0
NBM-2026-000419,5288.64,17,6,5419.61,-0.086,0,0,0,2924,0.132,0,5267.53,4023691.0,5303.35,0,0.9758,1.004,-130.97,8.005,1,0,0,0.001314,8.573505,1,14.71,0.00278,1,0,0,0,1
NBM-2026-000420,3623.65,17,3,1450.06,5.353,0,1,0,412,0.99,1,1412.71,2934308.84,3628.7,0,2.499,2.565,2173.58,1.128,1,0,0,0.001235,8.195512,1,5.06,0.0014,1,0,0,1,0
NBM-2026-000421,6839.49,18,7,6770.82,0.036,0,0,0,842,0.175,0,6795.79,3444328.8,6775.17,0,1.0101,1.0064,68.68,2.305,0,0,0,0.001986,8.830615,1,64.32,0.0094,0,0,1,1,0
NBM-2026-000422,1827.22,7,6,1757.01,0.143,0,0,0,3783,0.792,0,1732.08,3731358.17,1813.11,0,1.04,1.0549,70.21,10.357,5,1,1,0.00049,7.511097,1,14.11,0.00772,1,0,0,1,0
NBM-2026-000423,2267.06,10,5,1849.78,0.806,0,0,0,263,0.156,0,1984.24,1297995.97,2303.93,0,1.2256,1.1425,417.28,0.72,4,0,0,0.001747,7.72668,1,36.87,0.01627,1,0,0,1,0
NBM-2026-000424,6036.62,12,6,6118.96,-0.048,0,0,0,4064,0.096,0,5881.36,1474429.29,6024.67,0,0.9865,1.0264,-82.34,11.127,0,0,0,0.004094,8.705765,1,11.95,0.00198,0,1,0,1,0
NBM-2026-000425,2168.38,10,4,2367.24,-0.3,0,0,0,4661,0.267,0,2422.63,3352645.76,2163.73,0,0.916,0.8951,-198.86,12.761,1,0,0,0.000647,7.682199,1,4.65,0.00215,1,0,0,1,0
NBM-2026-000426,2174.7,12,11,2247.42,-0.116,0,0,0,871,0.325,0,2401.69,3620311.92,0.0,0,0.9676,0.9055,-72.73,2.385,6,1,0,0.000601,7.685105,0,0.0,0.0,0,1,0,0,1
NBM-2026-000427,2035.76,8,6,1953.96,0.15,0,0,0,155,0.37,0,1858.97,1251391.5,0.0,0,1.0419,1.0951,81.8,0.424,2,0,0,0.001627,7.619116,0,0.0,0.0,1,0,0,0,1
NBM-2026-000428,4902.8,14,7,4364.16,0.441,0,0,0,2772,0.193,0,4411.46,3187093.43,4857.49,0,1.1234,1.1114,538.64,7.589,1,0,0,0.001538,8.497767,1,45.31,0.00924,0,1,0,1,0
NBM-2026-000429,1604.03,15,8,1849.78,-0.474,0,0,0,263,0.156,0,1829.96,3344565.06,1589.66,0,0.8671,0.8765,-245.75,0.72,6,1,0,0.00048,7.380899,1,14.38,0.00896,1,0,0,0,1
NBM-2026-000430,4374.42,14,8,4615.9,-0.187,0,0,0,1271,0.129,0,4266.15,4007886.21,4399.49,0,0.9477,1.0254,-241.48,3.48,0,0,0,0.001091,8.383759,1,25.07,0.00573,0,1,0,1,0
NBM-2026-000431,238.6,9,11,333.29,-1.015,0,0,0,3803,0.282,0,348.4,1042311.59,239.75,0,0.7159,0.6848,-94.69,10.412,0,0,0,0.000229,5.478955,1,1.15,0.00482,1,0,0,1,0
NBM-2026-000432,1893.83,8,6,1849.78,0.085,0,0,0,263,0.156,0,1835.55,3526292.52,1909.77,0,1.0238,1.0318,44.05,0.72,2,0,0,0.000537,7.546885,1,15.93,0.00841,1,0,0,1,0
NBM-2026-000433,1576.49,13,6,1849.78,-0.528,0,0,0,263,0.156,0,1757.45,4283022.71,1563.48,0,0.8523,0.897,-273.29,0.72,3,0,0,0.000368,7.36359,1,13.0,0.00825,1,0,0,0,1
NBM-2026-000434,1432.83,17,3,1398.92,0.087,0,0,0,4013,0.079,0,1497.2,1230322.2,1437.94,0,1.0242,0.957,33.91,10.987,4,0,0,0.001165,7.268102,1,5.12,0.00357,1,0,0,1,0
NBM-2026-000435,2784.73,10,5,2627.48,0.214,0,0,0,3373,0.157,0,2785.0,3817370.74,2806.92,0,1.0598,0.9999,157.24,9.235,6,1,0,0.000729,7.932264,1,22.2,0.00797,0,1,0,0,1
NBM-2026-000436,1987.71,18,5,1928.65,0.109,0,0,0,4140,0.214,0,1880.6,3257583.55,2000.92,0,1.0306,1.057,59.05,11.335,4,0,0,0.00061,7.595239,1,13.21,0.00665,1,0,0,0,1
NBM-2026-000437,4129.23,7,5,5842.64,-1.047,0,0,0,5112,0.092,0,5926.01,1140504.98,4107.38,0,0.7067,0.6968,-1713.41,13.996,5,1,1,0.003621,8.326089,1,21.85,0.00529,1,0,0,1,0
NBM-2026-000438,5299.14,18,3,4624.52,0.521,0,0,0,3812,0.069,0,4499.86,2311406.59,5315.35,0,1.1459,1.1776,674.62,10.437,4,0,0,0.002293,8.575489,1,16.21,0.00306,0,1,0,1,0
NBM-2026-000439,2943.73,20,6,3811.99,-0.813,0,0,0,2468,0.05,0,3871.93,2213766.93,2893.64,0,0.7722,0.7603,-868.26,6.757,1,0,1,0.00133,7.987773,1,50.09,0.01702,1,0,0,0,1
NBM-2026-000440,4785.46,18,4,5327.79,-0.364,0,0,0,4121,0.198,0,5009.48,2770920.89,4831.68,0,0.8982,0.9553,-542.33,11.283,0,0,0,0.001727,8.473547,1,46.21,0.00966,0,0,1,1,0
NBM-2026-000441,10752.28,7,3,4397.32,5.161,0,0,0,3874,0.129,0,4589.12,2916228.16,10767.07,0,2.4452,2.343,6354.96,10.606,5,1,1,0.003687,9.282966,1,14.79,0.00138,1,0,0,1,0
NBM-2026-000442,1832.95,15,4,1928.65,-0.177,0,0,0,4140,0.214,0,1795.25,2200727.63,1828.92,0,0.9504,1.021,-95.71,11.335,0,0,0,0.000833,7.514225,1,4.03,0.0022,1,0,0,0,1
NBM-2026-000443,9220.12,16,8,9029.36,0.075,0,0,0,3868,0.104,0,8828.5,3434164.75,9239.28,0,1.0211,1.0444,190.77,10.59,3,0,0,0.002685,9.129252,1,19.16,0.00208,1,0,0,1,0
NBM-2026-000444,1593.01,10,11,1885.63,-0.554,0,0,0,4578,0.199,0,1924.78,3437428.72,1577.34,0,0.8448,0.8276,-292.62,12.534,6,1,0,0.000463,7.37401,1,15.68,0.00984,0,1,0,1,0
NBM-2026-000445,1286.43,8,7,1450.06,-0.403,0,0,0,412,0.927,1,1437.55,3609832.32,1276.93,0,0.8872,0.8949,-163.64,1.128,1,0,0,0.000356,7.1604,1,9.5,0.00738,1,0,0,0,1
NBM-2026-000446,1194.99,14,6,915.08,1.092,0,0,0,4311,0.117,0,919.88,1985818.09,1194.9,0,1.3059,1.2991,279.91,11.803,0,0,0,0.000602,7.086731,1,0.09,7e-05,0,1,0,1,0
NBM-2026-000447,1355.1,9,8,1183.68,0.517,0,0,0,1442,0.206,0,1225.38,1832407.83,1357.74,0,1.1448,1.1059,171.42,3.948,0,0,0,0.00074,7.212371,1,2.64,0.00195,0,1,0,1,0
NBM-2026-000448,1107.69,11,5,1035.83,0.248,0,0,0,4407,0.335,0,1054.29,3895697.94,1108.51,0,1.0694,1.0507,71.86,12.066,3,0,0,0.000284,7.010932,1,0.82,0.00074,1,0,0,0,1
NBM-2026-000449,394.38,10,3,402.7,-0.074,0,0,0,681,0.101,0,414.24,1209274.88,392.51,0,0.9794,0.9521,-8.32,1.864,3,0,0,0.000326,5.979853,1,1.88,0.00475,1,0,0,0,1
NBM-2026-000450,1436.53,14,3,1225.71,0.614,0,0,0,4348,0.232,0,1319.04,1927659.52,1440.66,0,1.172,1.0891,210.82,11.904,0,0,0,0.000745,7.270681,1,4.13,0.00288,1,0,0,1,0
NBM-2026-000451,1150.51,12,7,1035.83,0.395,0,0,0,4407,0.335,0,960.81,3968320.81,1165.66,0,1.1107,1.1974,114.67,12.066,0,0,0,0.00029,7.048826,1,15.15,0.01317,0,1,0,1,0
NBM-2026-000452,1918.35,13,9,2181.22,-0.43,0,0,0,2598,0.108,0,2024.35,3716371.6,1909.0,0,0.8795,0.9476,-262.88,7.113,0,0,0,0.000516,7.559739,1,9.35,0.00487,0,1,0,1,0
NBM-2026-000453,2213.07,17,4,2688.77,-0.632,0,0,0,2057,0.175,0,2753.09,3733113.34,2209.6,0,0.8231,0.8039,-475.7,5.632,5,1,0,0.000593,7.702589,1,3.47,0.00157,0,1,0,1,0
NBM-2026-000454,3070.22,17,2,2876.97,0.24,0,0,0,1386,0.056,0,2896.73,2235107.41,3088.68,0,1.0672,1.0599,193.25,3.795,1,0,0,0.001374,8.029829,1,18.46,0.00601,0,0,1,0,1
NBM-2026-000455,12521.37,17,5,12512.73,0.002,0,0,0,3033,0.511,0,11759.3,3138211.25,12523.66,0,1.0007,1.0648,8.64,8.304,5,1,0,0.00399,9.435272,1,2.29,0.00018,1,0,0,0,1
NBM-2026-000456,3249.91,13,10,2972.03,0.334,0,0,0,3802,0.253,0,2939.18,4163260.35,3223.7,0,1.0935,1.1057,277.88,10.409,4,0,0,0.000781,8.086689,1,26.2,0.00806,0,0,1,1,0
NBM-2026-000457,5002.52,10,10,6118.96,-0.652,0,0,0,4064,0.096,0,5811.6,3916908.91,4994.1,0,0.8175,0.8608,-1116.44,11.127,0,0,0,0.001277,8.517896,1,8.42,0.00168,0,1,0,1,0
NBM-2026-000458,8596.66,8,8,7758.99,0.386,0,0,0,1017,0.371,0,7519.56,873122.51,8565.4,0,1.108,1.1432,837.66,2.784,1,0,0,0.009846,9.059245,1,31.26,0.00364,1,0,0,0,1
NBM-2026-000459,19723.69,15,9,17801.94,0.386,0,0,0,3901,0.478,0,17350.53,4191614.83,19693.78,0,1.108,1.1368,1921.74,10.68,0,0,0,0.004706,9.889626,1,29.91,0.00152,1,0,0,1,0
NBM-2026-000460,2564.18,7,5,2688.77,-0.165,0,0,0,2057,0.175,0,2830.62,3631146.07,2588.07,0,0.9537,0.9059,-124.59,5.632,5,1,1,0.000706,7.849785,1,23.89,0.00932,1,0,0,1,0
NBM-2026-000461,1382.78,13,8,1285.76,0.27,0,0,0,3459,0.051,0,1198.38,3381834.61,1387.63,0,1.0755,1.1539,97.03,9.47,4,0,0,0.000409,7.232575,1,4.85,0.00351,0,1,0,1,0
NBM-2026-000462,1453.21,8,6,1450.06,0.008,0,0,0,412,0.927,1,1511.39,3661712.06,0.0,0,1.0022,0.9615,3.15,1.128,6,1,0,0.000397,7.28222,0,0.0,0.0,1,0,0,1,0
NBM-2026-000463,845.3,12,4,682.01,0.855,0,0,0,1946,0.505,0,730.9,3367622.78,843.48,0,1.2394,1.1565,163.29,5.328,5,1,0,0.000251,6.740879,1,1.82,0.00215,1,0,0,1,0
NBM-2026-000464,11608.63,18,8,11733.22,-0.038,0,0,0,1028,0.305,0,11363.57,1340507.36,11646.07,0,0.9894,1.0216,-124.58,2.815,2,0,0,0.00866,9.359591,1,37.43,0.00322,1,0,0,1,0
NBM-2026-000465,4335.35,10,5,4945.97,-0.441,0,0,0,3299,0.116,0,4990.26,1380554.55,4322.74,0,0.8765,0.8688,-610.62,9.032,0,0,0,0.00314,8.374788,1,12.61,0.00291,1,0,0,1,0
NBM-2026-000466,4139.61,14,5,4335.94,-0.162,0,0,0,651,0.316,0,4082.43,1022712.77,4147.5,0,0.9547,1.014,-196.32,1.782,1,0,0,0.004048,8.328599,1,7.89,0.00191,1,0,0,0,1
NBM-2026-000467,450.08,15,6,402.7,0.42,0,0,0,681,0.101,0,412.58,4158617.45,446.47,0,1.1177,1.0909,47.38,1.864,2,0,0,0.000108,6.111644,1,3.61,0.00802,0,1,0,0,1
NBM-2026-000468,6838.31,9,9,7758.99,-0.424,0,0,0,1017,0.371,0,8274.11,2741268.15,6915.5,0,0.8813,0.8265,-920.68,2.784,0,0,0,0.002495,8.830442,1,77.19,0.01129,1,0,0,1,0
NBM-2026-000469,6019.23,11,7,5667.34,0.222,0,0,0,2769,0.022,0,5239.41,3788274.87,6074.8,0,1.0621,1.1488,351.89,7.581,4,0,0,0.001589,8.702881,1,55.57,0.00923,0,1,0,0,1
NBM-2026-000470,6462.48,7,9,5281.74,0.798,0,0,0,2153,0.47,0,5621.17,4050055.97,6435.42,0,1.2236,1.1497,1180.74,5.895,1,0,1,0.001596,8.773923,1,27.06,0.00419,1,0,0,1,0
NBM-2026-000471,2792.9,10,6,2985.48,-0.23,0,0,0,3200,0.206,0,3091.74,3844064.65,0.0,0,0.9355,0.9033,-192.58,8.761,3,0,0,0.000727,7.935194,0,0.0,0.0,1,0,0,1,0
NBM-2026-000472,907.09,10,11,1049.85,-0.486,0,0,0,2749,0.174,0,995.39,1571628.91,904.82,0,0.864,0.9113,-142.76,7.526,6,1,0,0.000577,6.811348,1,2.28,0.00251,0,1,0,0,1
NBM-2026-000473,1926.72,10,9,1928.65,-0.004,0,0,0,4140,0.214,0,1851.0,3885985.71,1939.29,0,0.999,1.0409,-1.94,11.335,4,0,0,0.000496,7.564092,1,12.57,0.00652,1,0,0,0,1
NBM-2026-000474,23610.79,10,8,22523.71,0.172,0,0,0,3744,0.521,0,22731.16,2773844.62,23762.94,0,1.0483,1.0387,1087.08,10.251,2,0,0,0.008512,10.069501,1,152.15,0.00644,0,1,0,1,0
NBM-2026-000475,4006.3,12,8,3497.04,0.52,0,0,0,933,0.152,0,3503.03,3032570.4,3993.44,0,1.1456,1.1437,509.25,2.554,6,1,0,0.001321,8.295872,1,12.86,0.00321,0,1,0,1,0
NBM-2026-000476,3684.27,18,5,2876.97,1.002,0,0,0,1386,0.056,0,2864.05,4174731.8,3653.95,0,1.2806,1.2864,807.3,3.795,4,0,0,0.000883,8.2121,1,30.32,0.00823,1,0,0,1,0
NBM-2026-000477,6450.41,14,4,5327.79,0.753,0,0,0,4121,0.198,0,5093.52,1012454.53,6441.94,0,1.2107,1.2664,1122.61,11.283,4,0,0,0.006371,8.772053,1,8.47,0.00131,1,0,0,1,0
NBM-2026-000478,4552.92,10,6,4025.99,0.467,0,0,0,1528,0.342,0,4236.08,611699.42,4589.68,0,1.1309,1.0748,526.93,4.183,4,0,0,0.007443,8.423745,1,36.75,0.00807,0,1,0,1,0
NBM-2026-000479,4804.37,7,6,1887.06,5.521,0,0,0,946,0.718,0,1793.76,4084423.03,4767.33,0,2.546,2.6784,2917.31,2.59,0,0,1,0.001176,8.477489,1,37.04,0.00771,0,1,0,1,0
NBM-2026-000480,300.43,7,4,333.29,-0.352,0,0,0,3803,0.282,0,316.76,3038375.48,299.14,0,0.9014,0.9484,-32.86,10.412,0,0,1,9.9e-05,5.708538,1,1.29,0.00429,1,0,0,1,0
NBM-2026-000481,4082.53,12,8,3288.3,0.863,0,0,0,4255,0.153,0,3478.37,1583617.69,0.0,0,1.2415,1.1737,794.23,11.65,4,0,0,0.002578,8.314717,0,0.0,0.0,1,0,0,1,0
NBM-2026-000482,6463.4,8,9,6957.32,-0.254,0,0,0,1365,0.176,0,6984.65,2827321.32,6551.2,0,0.929,0.9254,-493.92,3.737,4,0,0,0.002286,8.774066,1,87.79,0.01358,1,0,0,0,1
NBM-2026-000483,654.02,18,5,682.01,-0.147,0,0,0,1946,0.505,0,638.85,1914442.82,653.19,0,0.959,1.0238,-27.99,5.328,5,1,0,0.000342,6.484667,1,0.83,0.00127,1,0,0,0,1
NBM-2026-000484,5107.32,6,6,4624.52,0.373,0,0,0,3812,0.069,0,4940.96,4035719.26,5096.37,0,1.1044,1.0337,482.8,10.437,0,0,1,0.001266,8.538626,1,10.95,0.00214,0,1,0,1,0
NBM-2026-000485,2057.83,12,4,1615.49,0.978,0,0,0,2011,0.432,0,1607.57,2830953.73,2061.73,0,1.2738,1.2801,442.34,5.506,2,0,0,0.000727,7.629893,1,3.9,0.0019,1,0,0,0,1
NBM-2026-000486,10406.63,16,7,11373.47,-0.304,0,0,0,2975,0.231,0,10587.69,3562437.63,10412.43,0,0.915,0.9829,-966.84,8.145,6,1,0,0.002921,9.250295,1,5.8,0.00056,1,0,0,1,0
NBM-2026-000487,780.1,20,7,837.19,-0.244,0,0,0,5071,0.061,0,825.63,2482379.36,778.26,0,0.9318,0.9449,-57.08,13.884,0,0,1,0.000314,6.660709,1,1.84,0.00236,1,0,0,1,0
NBM-2026-000488,7025.86,14,8,5842.64,0.723,0,0,0,5112,0.092,0,6242.31,1336670.49,6960.31,0,1.2025,1.1255,1183.22,13.996,1,0,0,0.005256,8.857496,1,65.55,0.00933,1,0,0,1,0
NBM-2026-000489,4831.57,18,9,4945.97,-0.083,0,0,0,3299,0.116,0,4675.03,1548869.61,4881.97,0,0.9769,1.0335,-114.41,9.032,1,0,0,0.003119,8.483133,1,50.4,0.01043,0,1,0,1,0
NBM-2026-000490,1909.0,16,8,2237.84,-0.525,0,0,0,2655,0.206,0,2207.54,1055484.44,1933.61,0,0.8531,0.8648,-328.84,7.269,6,1,0,0.001809,7.554859,1,24.6,0.01289,1,0,0,0,1
NBM-2026-000491,1329.95,18,8,1482.32,-0.367,0,0,0,1927,0.944,0,1585.18,3624716.99,1342.75,0,0.8972,0.839,-152.36,5.276,5,1,0,0.000367,7.193649,1,12.8,0.00962,0,1,0,1,0
NBM-2026-000492,16973.15,12,7,18553.82,-0.304,0,0,0,2857,0.509,0,18570.56,2629432.01,16954.24,0,0.9148,0.914,-1580.67,7.822,4,0,0,0.006455,9.739447,1,18.91,0.00111,0,1,0,0,1
NBM-2026-000493,814.47,18,8,763.89,0.236,0,0,0,453,0.133,0,792.33,2416119.14,802.15,0,1.0662,1.028,50.58,1.24,6,1,0,0.000337,6.70377,1,12.33,0.01513,1,0,0,0,1
NBM-2026-000494,1000.05,13,9,1035.83,-0.123,0,0,0,4407,0.335,0,1016.42,1304010.38,1003.27,0,0.9655,0.9839,-35.78,12.066,0,0,0,0.000767,6.908807,1,3.22,0.00322,0,1,0,1,0
NBM-2026-000495,825.9,9,11,1200.09,-1.114,0,0,0,1299,0.243,0,1180.97,2545525.25,838.25,0,0.6882,0.6993,-374.19,3.556,2,0,0,0.000324,6.717683,1,12.35,0.01495,1,0,0,1,0
NBM-2026-000496,931.89,9,13,837.19,0.404,0,0,0,5071,0.061,0,790.35,3065115.2,0.0,0,1.1131,1.1791,94.7,13.884,0,0,0,0.000304,6.838282,0,0.0,0.0,1,0,0,0,1
NBM-2026-000497,2525.9,13,6,1928.65,1.106,0,0,0,4140,0.214,0,2067.8,628387.41,2559.1,0,1.3097,1.2215,597.24,11.335,2,0,0,0.00402,7.834747,1,33.21,0.01315,1,0,0,0,1
NBM-2026-000498,2058.62,18,2,1949.21,0.2,0,0,0,1778,0.893,0,1831.21,1699434.52,2089.21,0,1.0561,1.1242,109.4,4.868,0,0,0,0.001211,7.630275,1,30.59,0.01486,1,0,0,1,0
NBM-2026-000499,3993.56,8,13,3899.75,0.086,0,0,0,4863,0.089,0,4136.37,998278.88,3940.82,0,1.0241,0.9655,93.81,13.314,2,0,0,0.004,8.29269,1,52.75,0.01321,1,0,0,0,1
NBM-2026-000500,1667.01,14,8,1724.98,-0.12,0,0,0,2603,0.206,0,1677.24,2362189.54,1673.93,0,0.9664,0.9939,-57.97,7.127,5,1,0,0.000706,7.419388,1,6.91,0.00415,1,0,0,1,0
NBM-2026-000501,6091.81,17,5,6770.82,-0.358,0,0,0,842,0.175,0,6966.42,744476.3,5985.95,0,0.8997,0.8745,-679.01,2.305,3,0,0,0.008183,8.714865,1,105.86,0.01738,0,1,0,0,1
NBM-2026-000502,1973.19,18,8,1928.65,0.082,0,0,0,4140,0.214,0,2045.55,903192.7,1977.92,0,1.0231,0.9646,44.53,11.335,5,1,0,0.002185,7.587912,1,4.73,0.0024,0,1,0,0,1
NBM-2026-000503,8673.06,11,9,6957.32,0.881,0,0,0,1365,0.176,0,6485.29,4237103.79,8777.01,0,1.2466,1.3373,1715.75,3.737,6,1,0,0.002047,9.068092,1,103.95,0.01199,0,1,0,0,1
NBM-2026-000504,4561.55,18,12,5766.17,-0.746,0,0,0,1067,0.138,0,5569.5,1500005.39,4584.26,0,0.7911,0.819,-1204.62,2.921,2,0,0,0.003041,8.425637,1,22.71,0.00498,1,0,0,1,0
NBM-2026-000505,680.15,8,8,638.85,0.231,0,0,0,4905,0.109,0,689.93,1659450.43,675.2,0,1.0646,0.9858,41.3,13.429,1,0,0,0.00041,6.523784,1,4.95,0.00728,1,0,0,1,0
NBM-2026-000506,3537.9,11,4,3811.99,-0.257,0,0,0,2468,0.05,0,3901.2,3139872.78,3570.03,0,0.9281,0.9069,-274.1,6.757,3,0,0,0.001127,8.17157,1,32.13,0.00908,0,0,1,0,1
NBM-2026-000507,3863.7,18,8,3899.75,-0.033,0,0,0,4863,0.089,0,3638.55,3762078.15,0.0,0,0.9908,1.0619,-36.05,13.314,4,0,0,0.001027,8.259639,0,0.0,0.0,1,0,0,1,0
NBM-2026-000508,1921.35,8,9,2008.53,-0.155,0,0,0,2820,0.071,0,1875.93,1568899.65,1906.35,0,0.9566,1.0242,-87.18,7.721,2,0,0,0.001225,7.561302,1,14.99,0.0078,0,0,1,1,0
NBM-2026-000509,3988.87,14,7,4165.4,-0.151,0,0,0,4087,0.163,0,4027.39,2554063.64,3964.34,0,0.9576,0.9904,-176.53,11.19,3,0,0,0.001562,8.291513,1,24.53,0.00615,1,0,0,1,0
NBM-2026-000510,2884.89,15,6,930.43,7.502,0,0,0,2091,0.81,0,970.15,3827843.17,2720.33,1,3.1006,2.9737,1954.46,5.725,4,0,0,0.000754,7.967589,1,164.56,0.05704,1,0,0,0,1
NBM-2026-000511,12108.69,15,5,10878.56,0.404,0,0,0,3268,0.211,0,10913.52,778526.62,12240.51,0,1.1131,1.1095,1230.13,8.947,4,0,0,0.015553,9.401761,1,131.82,0.01089,0,1,0,0,1
NBM-2026-000512,1490.86,5,11,1225.71,0.773,0,0,0,4348,0.232,0,1300.85,2400543.17,1487.72,0,1.2163,1.1461,265.15,11.904,2,0,1,0.000621,7.307781,1,3.14,0.0021,1,0,0,1,0
NBM-2026-000513,5437.43,9,7,2181.22,5.332,1,0,0,2598,0.228,0,2031.38,944183.3,5429.34,0,2.4928,2.6767,3256.2,7.113,2,0,0,0.005759,8.601245,1,8.09,0.00149,1,0,0,1,0
NBM-2026-000514,3089.8,10,7,4905.48,-1.322,0,0,0,3338,0.244,0,5262.85,4108797.1,3052.43,0,0.6299,0.5871,-1815.68,9.139,4,0,0,0.000752,8.036184,1,37.37,0.01209,1,0,0,0,1
NBM-2026-000515,5242.43,8,7,5704.35,-0.289,0,0,0,438,0.334,0,6069.03,3437728.57,5204.25,0,0.919,0.8638,-461.92,1.199,5,1,0,0.001525,8.564731,1,38.18,0.00728,1,0,0,1,0
NBM-2026-000516,3059.51,16,4,3445.7,-0.4,0,0,0,3351,0.283,0,3495.26,1228312.04,3063.6,0,0.8879,0.8753,-386.19,9.175,0,0,0,0.002491,8.026336,1,4.09,0.00134,0,1,0,0,1
NBM-2026-000517,2903.63,11,7,2972.03,-0.082,0,0,0,3802,0.253,0,3175.11,1676302.25,2905.38,0,0.977,0.9145,-68.4,10.409,4,0,0,0.001732,7.97406,1,1.76,0.00061,0,0,1,1,0
NBM-2026-000518,26330.97,17,8,22523.71,0.604,0,0,0,3744,0.521,0,21694.46,1677144.84,26703.64,0,1.169,1.2137,3807.26,10.251,3,0,0,0.0157,10.178539,1,372.67,0.01415,1,0,0,1,0
NBM-2026-000519,16904.49,16,5,18553.82,-0.317,0,0,0,2857,0.509,0,17335.28,3105011.3,17056.76,0,0.9111,0.9751,-1649.33,7.822,1,0,0,0.005444,9.735394,1,152.27,0.00901,1,0,0,0,1
NBM-2026-000520,991.33,14,7,1035.83,-0.153,0,0,0,4407,0.335,0,986.26,3084249.78,986.72,0,0.957,1.0051,-44.5,12.066,2,0,0,0.000321,6.900054,1,4.61,0.00465,1,0,0,1,0
NBM-2026-000521,4350.68,10,5,4165.4,0.159,0,0,0,4087,0.163,0,4199.23,2694833.84,4324.44,0,1.0445,1.0361,185.29,11.19,6,1,0,0.001614,8.378318,1,26.24,0.00603,1,0,0,1,0
NBM-2026-000522,4289.85,17,7,5327.79,-0.696,0,0,0,4121,0.198,0,5740.87,606687.39,4283.11,0,0.8052,0.7472,-1037.95,11.283,4,0,0,0.007071,8.364239,1,6.74,0.00157,0,1,0,0,1
NBM-2026-000523,12265.6,17,10,10878.56,0.455,0,0,0,3268,0.211,0,11098.64,630221.27,12407.84,0,1.1275,1.1051,1387.04,8.947,1,0,0,0.019462,9.414635,1,142.24,0.0116,0,1,0,1,0
NBM-2026-000524,1023.7,10,11,930.43,0.358,0,0,0,2091,0.81,0,947.06,2590651.97,1022.32,0,1.1002,1.0809,93.27,5.725,4,0,0,0.000395,6.932152,1,1.37,0.00134,1,0,0,1,0
NBM-2026-000525,5624.92,16,8,4905.48,0.524,0,0,0,3338,0.244,0,4545.58,1918417.2,0.0,0,1.1467,1.2374,719.44,9.139,1,0,0,0.002932,8.635139,0,0.0,0.0,1,0,0,1,0
NBM-2026-000526,1499.25,12,7,1200.09,0.89,0,0,0,1299,0.243,0,1295.97,3140616.38,1486.68,0,1.2493,1.1568,299.15,3.556,4,0,0,0.000477,7.313384,1,12.57,0.00838,1,0,0,1,0
NBM-2026-000527,4067.29,17,4,4141.47,-0.064,0,0,0,3829,0.613,0,4458.9,1799093.12,4095.23,0,0.9821,0.9122,-74.18,10.483,3,0,0,0.002261,8.310978,1,27.94,0.00687,1,0,0,0,1
NBM-2026-000528,1368.63,18,5,1949.21,-1.064,0,0,0,1778,0.893,0,1834.41,3440922.27,1371.83,0,0.7021,0.7461,-580.58,4.868,4,0,0,0.000398,7.222296,1,3.2,0.00234,0,1,0,1,0
NBM-2026-000529,1811.83,14,8,1724.98,0.18,0,0,0,2603,0.206,0,1826.33,3357966.6,1807.34,0,1.0503,0.9921,86.84,7.127,2,0,0,0.00054,7.502642,1,4.49,0.00248,1,0,0,0,1
NBM-2026-000530,1298.0,12,6,1500.84,-0.483,0,0,0,2077,0.25,0,1593.59,936925.62,1299.25,0,0.8648,0.8145,-202.84,5.687,3,0,0,0.001385,7.169347,1,1.25,0.00097,0,0,1,1,0
NBM-2026-000531,1893.22,18,8,2245.05,-0.56,0,0,0,2458,0.212,0,2328.42,2908530.47,1880.78,0,0.8433,0.8131,-351.83,6.73,1,0,0,0.000651,7.546561,1,12.43,0.00657,1,0,0,1,0
NBM-2026-000532,2223.72,10,6,2745.45,-0.679,0,0,0,1384,0.076,0,2670.26,1389566.13,2218.91,0,0.81,0.8328,-521.73,3.789,3,0,0,0.0016,7.707385,1,4.81,0.00216,0,1,0,1,0
NBM-2026-000533,1954.54,9,10,1744.87,0.429,0,0,0,2920,0.202,0,1614.59,3134965.69,1947.14,0,1.1202,1.2105,209.67,7.995,4,0,0,0.000623,7.578424,1,7.4,0.00379,1,0,0,0,1
NBM-2026-000534,4890.88,7,6,5228.47,-0.231,0,0,0,3355,0.288,0,5044.92,810438.93,4890.42,0,0.9354,0.9695,-337.58,9.185,3,0,1,0.006035,8.495333,1,0.46,9e-05,0,1,0,1,0
NBM-2026-000535,3616.04,6,5,4165.4,-0.471,0,0,0,4087,0.163,0,4016.54,990435.6,3614.27,0,0.8681,0.9003,-549.36,11.19,5,1,1,0.003651,8.19341,1,1.77,0.00049,1,0,0,0,1
NBM-2026-000536,1034.57,12,8,1194.41,-0.478,0,0,0,1234,0.179,0,1130.9,2619768.07,1023.73,0,0.8662,0.9148,-159.83,3.379,3,0,0,0.000395,6.94271,1,10.85,0.01048,0,0,1,0,1
NBM-2026-000537,2902.23,10,6,2627.48,0.373,0,0,0,3373,0.157,0,2737.24,797540.08,2896.81,0,1.1046,1.0603,274.75,9.235,5,1,0,0.003639,7.973581,1,5.42,0.00187,1,0,0,0,1
NBM-2026-000538,3508.25,15,8,3025.65,0.57,0,0,0,2539,0.437,0,3232.49,3564215.11,3528.04,0,1.1595,1.0853,482.59,6.951,5,1,0,0.000984,8.163156,1,19.79,0.00564,0,1,0,0,1
NBM-2026-000539,1100.22,7,6,1164.97,-0.198,0,0,0,3145,0.524,0,1186.34,2729782.42,1101.23,0,0.9444,0.9274,-64.75,8.611,5,1,1,0.000403,7.004176,1,1.0,0.00091,0,1,0,0,1
NBM-2026-000540,2419.93,9,12,2745.45,-0.423,0,0,0,1384,0.076,0,2770.94,2217635.26,2445.53,0,0.8814,0.8733,-325.52,3.789,5,1,0,0.001091,7.791905,1,25.61,0.01058,0,0,1,0,1
NBM-2026-000541,2311.42,16,8,2237.84,0.117,0,0,0,2655,0.206,0,2337.4,2548587.09,2320.55,0,1.0329,0.9889,73.57,7.269,5,1,0,0.000907,7.746049,1,9.13,0.00395,1,0,0,1,0
NBM-2026-000542,2010.31,15,5,1949.21,0.112,0,0,0,1778,0.893,0,1963.92,2253389.41,2024.24,0,1.0313,1.0236,61.1,4.868,5,1,0,0.000892,7.606544,1,13.93,0.00693,0,1,0,1,0
NBM-2026-000543,2117.39,9,7,2198.5,-0.132,0,0,0,1401,0.222,0,2285.26,3571513.8,2107.05,0,0.9631,0.9265,-81.11,3.836,1,0,0,0.000593,7.65841,1,10.34,0.00488,1,0,0,1,0
NBM-2026-000544,6513.4,10,4,3497.04,3.081,0,0,0,933,0.152,0,3652.65,3395660.4,6443.59,0,1.8625,1.7832,3016.35,2.554,5,1,0,0.001918,8.78177,1,69.81,0.01072,1,0,0,0,1
NBM-2026-000545,2866.06,11,6,3276.08,-0.447,0,0,0,447,0.101,0,3394.06,3671988.59,2808.15,0,0.8748,0.8444,-410.02,1.224,5,1,0,0.000781,7.961043,1,57.91,0.02021,1,0,0,0,1
NBM-2026-000546,411.54,12,5,402.7,0.078,0,0,0,681,0.101,0,381.2,2021864.01,409.95,0,1.022,1.0796,8.84,1.864,6,1,0,0.000204,6.022333,1,1.59,0.00387,1,0,0,1,0
NBM-2026-000547,775.08,5,7,930.43,-0.596,0,0,0,2091,0.81,0,935.5,1526624.83,0.0,0,0.833,0.8285,-155.35,5.725,6,1,1,0.000508,6.654258,0,0.0,0.0,1,0,0,0,1
NBM-2026-000548,1635.09,20,4,1396.55,0.61,0,0,0,1578,0.428,0,1494.48,3609922.63,1636.21,0,1.1708,1.0941,238.55,4.32,2,0,1,0.000453,7.400067,1,1.12,0.00068,1,0,0,0,1
NBM-2026-000549,682.25,15,10,682.01,0.001,0,0,0,1946,0.505,0,707.71,2027930.23,682.22,0,1.0003,0.964,0.23,5.328,3,0,0,0.000336,6.526855,1,0.02,3e-05,1,0,0,0,1
NBM-2026-000550,2404.54,15,7,2080.22,0.557,0,0,0,812,0.024,0,2244.5,1985580.39,2368.78,0,1.1559,1.0713,324.31,2.223,6,1,0,0.001211,7.785529,1,35.75,0.01487,1,0,0,1,0
NBM-2026-000551,2374.03,10,6,2181.22,0.316,0,0,0,2598,0.108,0,2128.81,2600709.49,2382.34,0,1.0884,1.1152,192.81,7.113,4,0,0,0.000913,7.772766,1,8.31,0.0035,1,0,0,0,1
NBM-2026-000552,1411.97,3,2,582.02,5.093,0,0,1,4458,0.334,0,593.0,2416743.54,1426.71,0,2.426,2.3811,829.95,12.205,2,0,1,0.000584,7.253447,1,14.75,0.01044,1,0,0,1,0
NBM-2026-000553,2959.09,6,7,2514.79,0.631,0,0,0,3279,0.185,0,2558.59,1880877.55,0.0,0,1.1767,1.1565,444.3,8.977,2,0,1,0.001573,7.992974,0,0.0,0.0,1,0,0,1,0
NBM-2026-000554,1244.2,10,6,1480.76,-0.571,0,0,0,4511,0.403,0,1371.63,3611158.38,1244.93,0,0.8402,0.9071,-236.56,12.35,5,1,0,0.000345,7.127049,1,0.73,0.00059,1,0,0,1,0
NBM-2026-000555,2159.26,7,9,1885.63,0.518,0,0,0,4578,0.199,0,1867.7,1826455.82,2194.6,0,1.1451,1.1561,273.63,12.534,5,1,1,0.001182,7.677982,1,35.34,0.01637,1,0,0,0,1
NBM-2026-000556,1778.81,10,4,2130.86,-0.59,0,0,0,3580,0.368,0,2208.3,1504635.9,1784.8,0,0.8348,0.8055,-352.06,9.802,3,0,0,0.001182,7.484259,1,5.99,0.00337,1,0,0,1,0
NBM-2026-000557,1066.61,12,7,1164.97,-0.302,0,0,0,3145,0.524,0,1250.82,828243.58,1066.92,0,0.9156,0.8527,-98.36,8.611,3,0,0,0.001288,6.973181,1,0.31,0.00029,1,0,0,1,0
NBM-2026-000558,6667.82,16,9,5281.74,0.937,0,0,0,2153,0.47,0,5060.55,2328589.46,0.0,0,1.2624,1.3176,1386.09,5.895,1,0,0,0.002863,8.805199,0,0.0,0.0,1,0,0,1,0
NBM-2026-000559,6546.1,14,7,5766.17,0.483,0,0,0,1067,0.138,0,6105.22,1611144.58,6579.76,0,1.1353,1.0722,779.93,2.921,4,0,0,0.004063,8.786777,1,33.66,0.00514,1,0,0,1,0
NBM-2026-000560,1392.38,16,7,1480.76,-0.213,0,0,0,4511,0.403,0,1396.43,3168073.93,0.0,0,0.9403,0.9971,-88.38,12.35,0,0,0,0.00044,7.239485,0,0.0,0.0,1,0,0,1,0
NBM-2026-000561,8243.55,14,6,10069.78,-0.648,0,0,0,2043,0.316,0,9751.8,4246728.94,8340.98,0,0.8186,0.8453,-1826.23,5.593,0,0,0,0.001941,9.017307,1,97.43,0.01182,0,0,1,1,0
NBM-2026-000562,10418.98,5,6,10502.81,-0.029,0,0,0,687,0.589,0,10750.85,1956980.14,10264.42,0,0.992,0.9691,-83.83,1.881,5,1,1,0.005324,9.251481,1,154.56,0.01483,0,0,1,1,0
NBM-2026-000563,1177.47,15,5,1049.85,0.434,0,0,0,2749,0.174,0,1044.39,2375117.98,1189.93,0,1.1216,1.1274,127.61,7.526,2,0,0,0.000496,7.071969,1,12.47,0.01059,1,0,0,0,1
NBM-2026-000564,6222.23,11,3,5842.64,0.232,0,0,0,5112,0.092,0,5726.21,1993683.37,6277.61,0,1.065,1.0866,379.59,13.996,2,0,0,0.003121,8.736045,1,55.38,0.0089,1,0,0,0,1
NBM-2026-000565,5392.44,13,2,6034.86,-0.38,0,0,0,4735,0.253,0,5558.71,3550858.46,5416.55,0,0.8935,0.9701,-642.42,12.964,3,0,0,0.001519,8.59294,1,24.11,0.00447,1,0,0,0,1
NBM-2026-000566,1593.82,13,4,1688.12,-0.199,0,0,0,2703,0.093,0,1691.27,3583651.4,1601.7,0,0.9441,0.9424,-94.3,7.4,5,1,0,0.000445,7.374518,1,7.88,0.00494,1,0,0,0,1
NBM-2026-000567,6648.93,17,3,3497.04,3.219,0,0,0,933,0.152,0,3256.62,4159806.24,7017.7,0,1.9013,2.0417,3151.88,2.554,3,0,0,0.001598,8.802361,1,368.77,0.05546,1,0,0,1,0
NBM-2026-000568,1287.22,12,13,1396.55,-0.28,0,0,0,1578,0.428,0,1489.93,2737375.34,1287.98,0,0.9217,0.8639,-109.33,4.32,2,0,0,0.00047,7.161015,1,0.76,0.00059,0,1,0,1,0
NBM-2026-000569,2575.13,14,4,2302.63,0.423,0,0,0,4198,0.135,0,2453.72,3624624.27,2577.12,0,1.1183,1.0495,272.5,11.493,6,1,0,0.00071,7.854045,1,1.98,0.00077,1,0,0,0,1
NBM-2026-000570,2053.54,17,4,2028.11,0.045,0,0,0,334,0.26,0,2149.48,1931954.84,2066.42,0,1.0125,0.9554,25.43,0.914,5,1,0,0.001063,7.627806,1,12.88,0.00627,0,1,0,1,0
NBM-2026-000571,2888.56,15,4,2514.79,0.531,0,0,0,3279,0.185,0,2341.13,916113.31,2865.18,0,1.1486,1.2338,373.77,8.977,5,1,0,0.003153,7.968859,1,23.38,0.00809,1,0,0,0,1
NBM-2026-000572,1416.24,9,11,1695.06,-0.587,0,0,0,2969,0.158,0,1780.37,3569261.22,1419.18,0,0.8355,0.7955,-278.83,8.129,5,1,0,0.000397,7.256465,1,2.94,0.00207,0,1,0,0,1
NBM-2026-000573,795.51,20,8,1053.86,-0.876,0,0,0,244,0.145,0,1135.28,2375272.75,0.0,0,0.7549,0.7007,-258.35,0.668,6,1,1,0.000335,6.680245,0,0.0,0.0,0,1,0,1,0
NBM-2026-000574,1580.94,17,12,1307.02,0.748,0,0,0,326,0.185,0,1402.61,2629550.27,1577.93,0,1.2096,1.1271,273.92,0.893,6,1,0,0.000601,7.366408,1,3.01,0.00191,1,0,0,0,1
NBM-2026-000575,12525.25,20,9,14186.61,-0.418,0,0,0,3670,0.787,0,13944.74,754118.89,12495.93,0,0.8829,0.8982,-1661.36,10.048,6,1,1,0.016609,9.435582,1,29.32,0.00234,1,0,0,0,1
NBM-2026-000576,1047.27,18,6,1035.83,0.039,0,0,0,4407,0.335,0,1036.07,3948841.02,1057.16,0,1.011,1.0108,11.44,12.066,6,1,0,0.000265,6.954901,1,9.89,0.00944,1,0,0,0,1
NBM-2026-000577,5664.26,9,5,6991.58,-0.678,0,0,0,755,0.066,0,6980.64,2561275.52,5711.05,0,0.8102,0.8114,-1327.32,2.067,0,0,0,0.002211,8.642108,1,46.79,0.00826,0,1,0,0,1
NBM-2026-000578,2769.6,17,9,3811.99,-0.977,0,0,0,2468,0.05,0,3595.99,4075961.01,2756.55,0,0.7265,0.7702,-1042.4,6.757,5,1,0,0.000679,7.926819,1,13.05,0.00471,1,0,0,1,0
NBM-2026-000579,5813.82,15,2,2144.43,6.111,0,0,0,359,0.198,0,2117.27,3408558.9,5682.05,0,2.7111,2.7459,3669.39,0.983,6,1,0,0.001706,8.668164,1,131.77,0.02267,1,0,0,0,1
NBM-2026-000580,2363.79,18,10,2245.05,0.189,0,0,0,2458,0.212,0,2144.38,1523132.27,2355.22,0,1.0529,1.1023,118.75,6.73,1,0,0,0.001552,7.768446,1,8.58,0.00363,0,1,0,1,0
NBM-2026-000581,2291.37,12,7,2688.77,-0.528,0,0,0,2057,0.175,0,2718.26,2360275.9,2278.34,0,0.8522,0.843,-397.4,5.632,0,0,0,0.000971,7.737344,1,13.04,0.00569,1,0,0,0,1
NBM-2026-000582,1694.05,12,5,1698.57,-0.01,0,0,0,1319,0.578,0,1816.88,1284258.95,1697.57,0,0.9973,0.9324,-4.52,3.611,4,0,0,0.001319,7.435469,1,3.52,0.00207,0,1,0,1,0
NBM-2026-000583,14119.33,12,3,13975.95,0.037,0,0,0,4431,0.089,0,13327.12,2040293.98,14085.06,0,1.0103,1.0594,143.38,12.131,0,0,0,0.00692,9.555371,1,34.27,0.00243,0,1,0,1,0
NBM-2026-000584,5686.7,8,5,5704.35,-0.011,0,0,0,438,0.334,0,5908.51,4099896.09,5673.18,0,0.9969,0.9625,-17.64,1.199,5,1,0,0.001387,8.646062,1,13.52,0.00238,1,0,0,0,1
NBM-2026-000585,1155.89,7,8,1500.84,-0.821,0,0,0,2077,0.25,0,1516.12,2933483.54,1154.88,0,0.7702,0.7624,-344.95,5.687,4,0,1,0.000394,7.053487,1,1.01,0.00087,1,0,0,1,0
NBM-2026-000586,2449.11,14,7,2237.84,0.337,0,0,0,2655,0.206,0,2408.95,4047400.11,2460.78,0,1.0944,1.0167,211.26,7.269,1,0,0,0.000605,7.803886,1,11.68,0.00477,0,0,1,0,1
NBM-2026-000587,15849.07,12,9,16184.51,-0.074,0,0,0,203,0.314,0,15572.63,2394719.77,15823.22,0,0.9793,1.0178,-335.44,0.556,0,0,0,0.006618,9.670929,1,25.86,0.00163,0,1,0,1,0
NBM-2026-000588,1815.51,5,11,1887.06,-0.135,0,0,0,946,0.718,0,1772.26,1394720.41,1820.52,0,0.9621,1.0244,-71.55,2.59,2,0,1,0.001302,7.504675,1,5.01,0.00276,0,1,0,1,0
NBM-2026-000589,3876.82,10,4,3025.65,1.005,0,0,0,2539,0.437,0,3034.17,2626044.05,3886.85,0,1.2813,1.2777,851.17,6.951,2,0,0,0.001476,8.263028,1,10.03,0.00259,1,0,0,1,0
NBM-2026-000590,3131.04,18,5,3288.3,-0.171,0,0,0,4255,0.153,0,3249.11,1668353.12,3149.95,0,0.9522,0.9637,-157.27,11.65,0,0,0,0.001877,8.049439,1,18.92,0.00604,1,0,0,0,1
NBM-2026-000591,30062.73,9,6,13283.8,4.511,0,0,0,4303,0.229,0,13850.43,1658440.35,30178.1,0,2.2631,2.1705,16778.93,11.781,3,0,0,0.018127,10.311075,1,115.37,0.00384,0,0,1,1,0
NBM-2026-000592,3852.48,14,6,5842.64,-1.217,0,0,0,5112,0.092,0,5925.47,787818.36,3855.57,0,0.6594,0.6502,-1990.16,13.996,0,0,0,0.00489,8.256732,1,3.1,0.0008,0,1,0,1,0
NBM-2026-000593,3253.49,12,6,2876.97,0.467,0,0,0,1386,0.056,0,3032.29,4154182.56,3274.68,0,1.1309,1.0729,376.52,3.795,4,0,0,0.000783,8.087792,1,21.19,0.00651,1,0,0,0,1
NBM-2026-000594,1439.08,11,7,1480.76,-0.101,0,0,0,4511,0.403,0,1455.25,3938285.09,1417.57,0,0.9719,0.9889,-41.68,12.35,0,0,0,0.000365,7.272452,1,21.5,0.01494,0,1,0,0,1
NBM-2026-000595,4032.09,22,7,1523.1,5.883,0,0,1,2351,0.153,0,1478.78,1831789.66,3976.63,0,2.6473,2.7266,2509.0,6.437,5,1,1,0.002201,8.302289,1,55.46,0.01376,0,0,1,0,1
NBM-2026-000596,1516.0,14,9,1498.56,0.042,0,0,0,2936,0.067,0,1425.3,2280888.0,1550.63,0,1.0116,1.0636,17.45,8.038,3,0,0,0.000665,7.324492,1,34.62,0.02284,1,0,0,0,1
NBM-2026-000597,1851.17,7,12,1949.21,-0.18,0,0,0,1778,0.893,0,1959.18,2352162.8,1864.42,0,0.9497,0.9449,-98.04,4.868,6,1,1,0.000787,7.524116,1,13.24,0.00715,1,0,0,0,1
NBM-2026-000598,2459.97,14,8,2688.77,-0.304,0,0,0,2057,0.175,0,2657.08,1711051.06,2427.0,0,0.9149,0.9258,-228.8,5.632,2,0,0,0.001438,7.808311,1,32.97,0.0134,1,0,0,1,0
NBM-2026-000599,5319.8,9,11,4335.94,0.81,0,0,0,651,0.316,0,4638.6,4251230.87,5306.03,0,1.2269,1.1469,983.86,1.782,4,0,0,0.001251,8.579379,1,13.77,0.00259,1,0,0,0,1
NBM-2026-000600,2452.06,8,6,2745.45,-0.382,0,0,0,1384,0.076,0,2850.07,3240047.69,2479.58,0,0.8931,0.8604,-293.39,3.789,2,0,0,0.000757,7.805092,1,27.52,0.01122,1,0,0,1,0
NBM-2026-000601,5133.99,6,1,4364.16,0.63,0,0,0,2772,0.193,0,4017.85,1372129.52,5099.7,0,1.1764,1.2778,769.83,7.589,0,0,1,0.003742,8.543834,1,34.29,0.00668,1,0,0,1,0
NBM-2026-000602,4368.29,17,4,4335.94,0.027,0,0,0,651,0.316,0,4644.27,886920.88,4386.73,0,1.0075,0.9406,32.35,1.782,0,0,0,0.004925,8.382355,1,18.44,0.00422,1,0,0,1,0
NBM-2026-000603,1241.99,5,6,1243.33,-0.004,0,0,0,2280,0.328,0,1282.51,2556640.14,1251.48,0,0.9989,0.9684,-1.35,6.242,0,0,1,0.000486,7.125273,1,9.5,0.00765,1,0,0,1,0
NBM-2026-000604,10748.14,10,12,10069.78,0.241,0,0,0,2043,0.316,0,9905.66,1174446.68,10715.54,0,1.0674,1.085,678.36,5.593,0,0,0,0.009152,9.282581,1,32.6,0.00303,1,0,0,0,1
NBM-2026-000605,3187.37,14,11,3025.65,0.191,0,0,0,2539,0.437,0,2915.13,1011780.59,3191.66,0,1.0534,1.0934,161.72,6.951,3,0,0,0.00315,8.067265,1,4.29,0.00134,1,0,0,1,0
NBM-2026-000606,624.83,7,4,690.06,-0.338,0,0,0,2697,0.189,0,705.86,2632624.56,0.0,0,0.9055,0.8852,-65.23,7.384,2,0,1,0.000237,6.439075,0,0.0,0.0,0,1,0,1,0
NBM-2026-000607,12528.44,6,6,5842.64,4.087,1,0,0,5112,0.212,0,6076.17,1793784.04,12627.46,0,2.1443,2.0619,6685.8,13.996,3,0,1,0.006984,9.435836,1,99.02,0.0079,1,0,0,1,0
NBM-2026-000608,2102.85,13,3,2144.43,-0.069,0,0,0,359,0.198,0,2196.93,3907971.47,2099.62,0,0.9806,0.9572,-41.57,0.983,1,0,0,0.000538,7.651527,1,3.23,0.00154,1,0,0,1,0
NBM-2026-000609,1590.01,14,5,1480.76,0.263,0,0,0,4511,0.403,0,1422.82,817723.44,1599.24,0,1.0738,1.1175,109.25,12.35,0,0,0,0.001944,7.372124,1,9.23,0.0058,1,0,0,1,0
NBM-2026-000610,6181.16,12,4,6505.53,-0.178,0,0,0,3103,0.205,0,6085.85,3389912.7,6276.29,0,0.9501,1.0157,-324.37,8.496,3,0,0,0.001823,8.729423,1,95.13,0.01539,1,0,0,0,1
NBM-2026-000611,2205.26,9,7,2181.22,0.039,0,0,0,2598,0.108,0,2008.34,904251.74,2193.0,0,1.011,1.098,24.04,7.113,5,1,0,0.002439,7.699055,1,12.26,0.00556,1,0,0,1,0
NBM-2026-000612,8290.99,11,3,2819.03,6.932,0,1,0,4058,0.32,0,3042.88,1719641.54,8247.12,0,2.9411,2.7247,5471.96,11.11,3,0,0,0.004821,9.023045,1,43.87,0.00529,1,0,0,1,0
NBM-2026-000613,10302.23,23,2,5228.47,3.466,1,0,1,3355,0.408,0,5389.37,2373312.51,0.0,0,1.9704,1.9116,5073.76,9.185,1,0,1,0.004341,9.240213,0,0.0,0.0,1,0,0,1,0
NBM-2026-000614,4317.68,14,3,4086.97,0.202,0,0,0,4714,0.069,0,4381.35,2230176.55,4376.07,0,1.0565,0.9855,230.71,12.906,6,1,0,0.001936,8.370705,1,58.39,0.01352,1,0,0,0,1
NBM-2026-000615,18136.3,6,9,17801.94,0.067,0,0,0,3901,0.478,0,17091.77,1462654.45,18349.16,0,1.0188,1.0611,334.36,10.68,2,0,1,0.0124,9.805726,1,212.86,0.01174,0,0,1,1,0
NBM-2026-000616,1443.57,13,7,1285.76,0.438,0,0,0,3459,0.051,0,1212.69,3193407.57,1442.19,0,1.1227,1.1904,157.81,9.47,4,0,0,0.000452,7.275564,1,1.38,0.00095,1,0,0,1,0
NBM-2026-000617,2751.88,9,6,2985.48,-0.279,0,0,0,3200,0.206,0,3009.2,4177825.29,2810.01,0,0.9218,0.9145,-233.6,8.761,3,0,0,0.000659,7.920401,1,58.13,0.02112,1,0,0,0,1
NBM-2026-000618,958.14,18,12,1482.32,-1.263,0,0,0,1927,0.944,0,1365.3,1142627.69,956.68,0,0.6464,0.7018,-524.17,5.276,6,1,0,0.000839,6.866038,1,1.47,0.00153,1,0,0,1,0
NBM-2026-000619,725.66,7,9,527.86,1.338,0,0,0,3905,0.468,0,550.36,3101568.14,730.9,0,1.3747,1.3185,197.79,10.691,0,0,1,0.000234,6.588453,1,5.25,0.00723,1,0,0,1,0
NBM-2026-000620,1764.48,13,10,2171.13,-0.669,0,0,0,2428,0.21,0,2086.79,1226195.94,1766.43,0,0.8127,0.8455,-406.65,6.648,5,1,0,0.001439,7.476179,1,1.95,0.00111,1,0,0,0,1
NBM-2026-000621,1659.4,17,12,1615.49,0.097,0,0,0,2011,0.432,0,1553.39,3266824.46,1658.81,0,1.0272,1.0682,43.9,5.506,5,1,0,0.000508,7.414811,1,0.58,0.00035,1,0,0,0,1
NBM-2026-000622,5484.44,15,7,5474.15,0.007,0,0,0,1053,0.486,0,5714.64,809621.31,5473.2,0,1.0019,0.9597,10.28,2.883,5,1,0,0.006774,8.609852,1,11.23,0.00205,1,0,0,1,0
NBM-2026-000623,2396.56,14,4,2367.24,0.044,0,0,0,4661,0.267,0,2489.62,1127192.35,2396.58,0,1.0124,0.9626,29.32,12.761,0,0,0,0.002126,7.782209,1,0.01,1e-05,0,1,0,1,0
NBM-2026-000624,3495.13,9,14,3497.04,-0.002,0,0,0,933,0.152,0,3318.93,2163358.67,3423.07,0,0.9995,1.0531,-1.91,2.554,5,1,0,0.001616,8.159413,1,72.07,0.02062,1,0,0,0,1
NBM-2026-000625,1182.28,8,2,638.85,3.038,0,1,0,4905,0.209,0,601.3,4285166.95,1178.44,0,1.8506,1.9662,543.43,13.429,1,0,0,0.000276,7.07605,1,3.84,0.00325,0,1,0,0,1
NBM-2026-000626,2520.82,8,5,3622.17,-1.086,0,0,0,161,0.481,0,3339.2,2756978.21,2554.23,0,0.6959,0.7549,-1101.35,0.441,1,0,0,0.000914,7.832738,1,33.4,0.01325,1,0,0,0,1
NBM-2026-000627,1286.56,16,9,1285.76,0.002,0,0,0,3459,0.051,0,1379.98,1672387.05,1290.6,0,1.0006,0.9323,0.81,9.47,0,0,0,0.000769,7.160506,1,4.04,0.00314,1,0,0,1,0
NBM-2026-000628,9161.13,12,5,6957.32,1.131,0,0,0,1365,0.176,0,7034.65,1476646.01,9053.55,0,1.3168,1.3023,2203.81,3.737,1,0,0,0.006204,9.122834,1,107.58,0.01174,1,0,0,0,1
NBM-2026-000629,6671.12,12,10,5975.02,0.416,0,0,0,4283,0.405,0,5776.54,3423899.75,0.0,0,1.1165,1.1549,696.1,11.726,3,0,0,0.001948,8.805693,0,0.0,0.0,1,0,0,0,1
NBM-2026-000630,3396.0,3,6,1770.79,3.278,1,1,1,1371,0.568,0,1796.72,3616082.74,0.0,0,1.9178,1.8901,1625.21,3.754,3,0,1,0.000939,8.130649,0,0.0,0.0,1,0,0,1,0
NBM-2026-000631,1685.35,14,11,1523.1,0.38,0,0,0,2351,0.153,0,1617.08,2978906.27,1692.75,0,1.1065,1.0422,162.25,6.437,2,0,0,0.000566,7.430322,1,7.4,0.00439,1,0,0,0,1
NBM-2026-000632,3214.74,21,2,3407.86,-0.202,0,0,0,886,0.055,0,3557.34,1853827.55,3170.17,0,0.9433,0.9037,-193.12,2.426,1,0,1,0.001734,8.075813,1,44.58,0.01387,0,1,0,1,0
NBM-2026-000633,6191.44,13,10,5842.64,0.213,0,0,0,5112,0.092,0,5659.91,600317.45,6198.61,0,1.0597,1.0939,348.8,13.996,1,0,0,0.010314,8.731085,1,7.17,0.00116,0,0,1,1,0
NBM-2026-000634,2533.91,21,3,1887.06,1.224,0,0,0,946,0.718,0,1842.0,4291370.43,2512.78,0,1.3428,1.3756,646.85,2.59,6,1,1,0.00059,7.837913,1,21.13,0.00834,1,0,0,0,1
NBM-2026-000635,11228.84,17,12,11787.26,-0.169,0,0,0,1380,0.482,0,12576.81,2445427.11,0.0,0,0.9526,0.8928,-558.41,3.778,6,1,0,0.004592,9.32633,0,0.0,0.0,0,1,0,1,0
NBM-2026-000636,5017.47,22,5,2302.63,4.211,0,0,1,4198,0.135,0,2478.92,3086278.19,5063.63,0,2.179,2.0241,2714.84,11.493,5,1,1,0.001626,8.520881,1,46.16,0.0092,1,0,0,0,1
NBM-2026-000637,1391.72,8,6,1285.76,0.294,0,0,0,3459,0.051,0,1214.0,4278241.48,0.0,0,1.0824,1.1464,105.97,9.47,6,1,0,0.000325,7.239015,0,0.0,0.0,1,0,0,0,1
NBM-2026-000638,2587.91,14,14,2688.77,-0.134,0,0,0,2057,0.175,0,2793.63,4040019.48,2595.42,0,0.9625,0.9264,-100.87,5.632,6,1,0,0.000641,7.858991,1,7.51,0.0029,1,0,0,1,0
NBM-2026-000639,934.57,14,8,901.45,0.131,0,0,0,170,0.64,0,864.51,2157790.37,917.45,0,1.0367,1.081,33.12,0.465,6,1,0,0.000433,6.841157,1,17.12,0.01832,1,0,0,1,0
NBM-2026-000640,2753.68,15,5,2537.83,0.304,0,0,0,4586,0.195,0,2422.45,1686581.69,2726.43,0,1.0851,1.1367,215.84,12.556,2,0,0,0.001633,7.921056,1,27.25,0.0099,1,0,0,0,1
NBM-2026-000641,2504.55,9,5,2237.84,0.426,0,0,0,2655,0.206,0,2161.35,1827352.65,2485.63,0,1.1192,1.1588,266.7,7.269,2,0,0,0.001371,7.826262,1,18.91,0.00755,1,0,0,1,0
NBM-2026-000642,1983.9,13,9,1902.38,0.153,0,0,0,2663,0.49,0,1883.08,3342379.33,0.0,0,1.0429,1.0535,81.52,7.291,1,0,0,0.000594,7.593325,0,0.0,0.0,1,0,0,1,0
NBM-2026-000643,2083.2,7,7,1928.65,0.286,0,0,0,4140,0.214,0,1899.88,802658.11,2064.66,0,1.0801,1.0965,154.54,11.335,6,1,1,0.002595,7.642139,1,18.54,0.0089,0,0,1,0,1
NBM-2026-000644,1700.52,18,8,1572.74,0.29,0,0,0,2441,0.07,0,1640.51,4284226.88,1704.26,0,1.0812,1.0366,127.78,6.683,4,0,0,0.000397,7.439279,1,3.74,0.0022,0,1,0,1,0
NBM-2026-000645,1224.53,14,12,1285.76,-0.17,0,0,0,3459,0.051,0,1338.7,892693.48,0.0,0,0.9524,0.9147,-61.23,9.47,0,0,0,0.001372,7.111126,0,0.0,0.0,1,0,0,0,1
NBM-2026-000646,17421.25,16,7,17801.94,-0.076,0,0,0,3901,0.478,0,17336.53,1279597.81,17437.2,0,0.9786,1.0049,-380.69,10.68,5,1,0,0.013615,9.765503,1,15.95,0.00092,1,0,0,1,0
NBM-2026-000647,1814.44,7,9,1757.01,0.117,0,0,0,3783,0.792,0,1647.78,1851042.43,1811.38,0,1.0327,1.1011,57.43,10.357,0,0,1,0.00098,7.504083,1,3.06,0.00169,1,0,0,0,1
NBM-2026-000648,622.98,18,8,582.02,0.251,0,0,0,4458,0.334,0,551.51,3126096.32,624.72,0,1.0704,1.1296,40.95,12.205,6,1,0,0.000199,6.43611,1,1.74,0.0028,1,0,0,1,0
NBM-2026-000649,1602.66,9,9,1757.01,-0.314,0,0,0,3783,0.792,0,1849.42,2561087.55,1602.62,0,0.9121,0.8666,-154.35,10.357,4,0,0,0.000626,7.380042,1,0.04,2e-05,1,0,0,0,1
NBM-2026-000650,1974.43,18,3,2537.83,-0.793,0,0,0,4586,0.195,0,2348.59,1184140.28,1973.51,0,0.778,0.8407,-563.4,12.556,1,0,0,0.001667,7.588541,1,0.92,0.00046,1,0,0,1,0
NBM-2026-000651,13895.06,10,10,17801.94,-0.784,0,0,0,3901,0.478,0,17634.47,3007229.79,0.0,0,0.7805,0.7879,-3906.88,10.68,1,0,0,0.004621,9.539361,0,0.0,0.0,1,0,0,1,0
NBM-2026-000652,2188.95,18,7,2130.86,0.097,0,0,0,3580,0.368,0,2229.98,3441877.81,2174.9,0,1.0273,0.9816,58.08,9.802,2,0,0,0.000636,7.691633,1,14.04,0.00642,1,0,0,1,0
NBM-2026-000653,12376.31,13,3,13283.8,-0.244,0,0,0,4303,0.229,0,14147.49,2768014.61,0.0,0,0.9317,0.8748,-907.49,11.781,0,0,0,0.004471,9.42362,0,0.0,0.0,0,1,0,1,0
NBM-2026-000654,6107.23,15,2,2181.22,6.428,0,0,0,2598,0.108,0,2100.09,681732.15,6082.35,0,2.7999,2.9081,3926.01,7.113,0,0,0,0.008958,8.717392,1,24.87,0.00407,0,1,0,1,0
NBM-2026-000655,2192.28,16,2,1949.21,0.445,0,0,0,1778,0.893,0,2056.74,3433214.44,2214.27,0,1.1247,1.0659,243.07,4.868,2,0,0,0.000639,7.693156,1,21.99,0.01003,1,0,0,0,1
NBM-2026-000656,2294.92,21,8,2367.24,-0.109,0,0,0,4661,0.267,0,2178.22,1919018.47,2273.55,0,0.9694,1.0536,-72.32,12.761,3,0,1,0.001196,7.738888,1,21.37,0.00931,0,1,0,1,0
NBM-2026-000657,3112.21,14,10,3288.3,-0.191,0,0,0,4255,0.153,0,3045.86,3905951.56,3120.35,0,0.9464,1.0218,-176.1,11.65,3,0,0,0.000797,8.043408,1,8.14,0.00262,0,1,0,0,1
NBM-2026-000658,1233.12,11,3,1489.97,-0.616,0,0,0,2512,0.282,0,1554.48,647077.62,0.0,0,0.8276,0.7933,-256.84,6.877,5,1,0,0.001906,7.118114,0,0.0,0.0,0,1,0,0,1
NBM-2026-000659,3364.4,7,8,3497.04,-0.135,0,0,0,933,0.152,0,3396.49,869669.55,3424.2,0,0.9621,0.9906,-132.65,2.554,4,0,1,0.003869,8.121301,1,59.8,0.01778,1,0,0,0,1
NBM-2026-000660,3293.27,11,4,4389.65,-0.892,0,0,0,3925,0.211,0,4226.36,1665608.4,3299.74,0,0.7502,0.7792,-1096.38,10.746,3,0,0,0.001977,8.099939,1,6.47,0.00196,1,0,0,1,0
NBM-2026-000661,6219.24,17,7,6770.82,-0.291,0,0,0,842,0.175,0,6872.95,2795123.08,6191.91,0,0.9185,0.9049,-551.58,2.305,4,0,0,0.002225,8.735564,1,27.33,0.00439,1,0,0,0,1
NBM-2026-000662,1660.14,11,12,1757.01,-0.197,0,0,0,3783,0.792,0,1860.38,4165716.65,1658.87,0,0.9449,0.8924,-96.87,10.357,6,1,0,0.000399,7.415261,1,1.28,0.00077,1,0,0,0,1
NBM-2026-000663,4903.85,14,11,4905.48,-0.001,0,0,0,3338,0.244,0,4870.22,1503239.37,4949.68,0,0.9997,1.0069,-1.62,9.139,0,0,0,0.003262,8.497981,1,45.83,0.00935,1,0,0,0,1
NBM-2026-000664,13650.89,15,13,13975.95,-0.083,0,0,0,4431,0.089,0,13145.38,993130.97,13730.17,0,0.9767,1.0385,-325.06,12.131,4,0,0,0.013745,9.521633,1,79.27,0.00581,1,0,0,1,0
NBM-2026-000665,1849.97,10,8,1928.65,-0.146,0,0,0,4140,0.214,0,1891.01,1814067.03,1854.04,0,0.9592,0.9783,-78.68,11.335,0,0,0,0.00102,7.523466,1,4.06,0.0022,1,0,0,1,0
NBM-2026-000666,4322.21,9,3,4389.65,-0.055,0,0,0,3925,0.211,0,4254.86,2715432.36,4310.37,0,0.9846,1.0158,-67.44,10.746,0,0,0,0.001592,8.371753,1,11.84,0.00274,1,0,0,1,0
NBM-2026-000667,16193.66,10,6,13283.8,0.782,0,0,0,4303,0.229,0,13922.65,2935761.08,16026.73,0,1.2191,1.1631,2909.86,11.781,0,0,0,0.005516,9.692437,1,166.93,0.01031,0,1,0,1,0
NBM-2026-000668,5577.74,15,12,5766.17,-0.117,0,0,0,1067,0.138,0,5956.43,1850108.85,5612.78,0,0.9673,0.9364,-188.43,2.921,2,0,0,0.003015,8.626718,1,35.04,0.00628,0,1,0,1,0
NBM-2026-000669,10486.33,12,7,13283.8,-0.752,0,0,0,4303,0.229,0,12925.78,3253212.61,10552.09,0,0.7894,0.8113,-2797.47,11.781,5,1,0,0.003223,9.257923,1,65.76,0.00627,1,0,0,1,0
NBM-2026-000670,15885.17,11,5,14186.61,0.428,0,0,0,3670,0.787,0,13158.82,4035445.52,0.0,0,1.1197,1.2072,1698.56,10.048,3,0,0,0.003936,9.673204,0,0.0,0.0,1,0,0,0,1
NBM-2026-000671,1658.32,10,6,1480.76,0.428,0,0,0,4511,0.403,0,1392.41,3791575.79,1650.01,0,1.1199,1.191,177.56,12.35,3,0,0,0.000437,7.414165,1,8.31,0.00501,1,0,0,1,0
NBM-2026-000672,1774.59,7,10,1698.57,0.16,0,0,0,1319,0.578,0,1726.48,1511122.16,1776.91,0,1.0448,1.0279,76.02,3.611,4,0,1,0.001174,7.481888,1,2.32,0.0013,0,1,0,1,0
NBM-2026-000673,13003.65,15,7,13975.95,-0.248,0,0,0,4431,0.089,0,14542.97,2315523.91,12888.49,0,0.9304,0.8942,-972.3,12.131,6,1,0,0.005616,9.473062,1,115.16,0.00886,0,1,0,1,0
NBM-2026-000674,1063.36,18,5,1005.18,0.207,0,0,0,3898,0.251,0,1022.11,1430784.69,1063.41,0,1.0579,1.0404,58.18,10.672,6,1,0,0.000743,6.970128,1,0.05,5e-05,0,1,0,1,0
NBM-2026-000675,6965.0,10,10,7758.99,-0.365,0,0,0,1017,0.371,0,8372.65,1433784.69,6969.81,0,0.8977,0.8319,-794.0,2.784,2,0,0,0.004858,8.848796,1,4.81,0.00069,0,1,0,0,1
NBM-2026-000676,600.09,16,5,915.08,-1.229,0,0,0,4311,0.117,0,898.87,3698287.31,602.2,0,0.6558,0.6676,-315.0,11.803,4,0,0,0.000162,6.398738,1,2.11,0.00352,0,1,0,1,0
NBM-2026-000677,1235.88,8,6,1396.55,-0.411,0,0,0,1578,0.428,0,1329.06,1100150.39,1220.98,0,0.885,0.9299,-160.67,4.32,2,0,0,0.001123,7.120343,1,14.9,0.01206,1,0,0,0,1
NBM-2026-000678,4007.35,5,5,3497.04,0.521,0,0,0,933,0.152,0,3244.73,732310.85,3997.36,0,1.1459,1.235,510.3,2.554,2,0,1,0.005472,8.296134,1,9.99,0.00249,1,0,0,1,0
NBM-2026-000679,5893.65,12,12,5656.78,0.15,0,0,0,3020,0.27,0,6075.85,1435852.32,5869.53,0,1.0419,0.97,236.86,8.268,4,0,0,0.004105,8.6818,1,24.11,0.00409,0,1,0,1,0
NBM-2026-000680,1197.25,21,6,1035.83,0.557,0,0,0,4407,0.335,0,1042.19,2455962.02,1195.68,0,1.1558,1.1488,161.42,12.066,2,0,1,0.000487,7.08862,1,1.57,0.00132,0,0,1,1,0
NBM-2026-000681,1218.74,15,7,1031.53,0.648,0,0,0,4686,0.124,0,1011.7,1926681.77,1214.62,0,1.1815,1.2046,187.21,12.83,5,1,0,0.000633,7.106395,1,4.13,0.00338,0,1,0,1,0
NBM-2026-000682,3028.66,5,4,2779.73,0.32,0,0,0,366,0.143,0,2914.67,1154700.77,2983.08,0,1.0896,1.0391,248.93,1.002,2,0,1,0.002623,8.016206,1,45.58,0.01505,1,0,0,1,0
NBM-2026-000683,4026.16,13,4,3953.43,0.066,0,0,0,4788,0.198,0,4046.09,2357607.87,4016.64,0,1.0184,0.9951,72.72,13.109,0,0,0,0.001708,8.300816,1,9.52,0.00236,1,0,0,0,1
NBM-2026-000684,3826.09,16,8,4615.9,-0.611,0,0,0,1271,0.129,0,4776.21,2596308.41,3842.39,0,0.8289,0.8011,-789.81,3.48,6,1,0,0.001474,8.24986,1,16.3,0.00426,1,0,0,1,0
NBM-2026-000685,2225.29,17,8,1928.65,0.549,0,0,0,4140,0.214,0,1981.3,2806230.35,2190.26,0,1.1538,1.1231,296.63,11.335,4,0,0,0.000793,7.708091,1,35.02,0.01574,1,0,0,0,1
NBM-2026-000686,448.75,18,10,402.7,0.408,0,0,0,681,0.101,0,392.36,2864612.15,447.71,0,1.1144,1.1437,46.05,1.864,6,1,0,0.000157,6.108687,1,1.04,0.00232,1,0,0,0,1
NBM-2026-000687,2896.16,13,8,3276.08,-0.414,0,0,0,447,0.101,0,3081.17,2618546.34,2878.29,0,0.884,0.94,-379.92,1.224,2,0,0,0.001106,7.971486,1,17.86,0.00617,1,0,0,0,1
NBM-2026-000688,3706.45,18,7,3811.99,-0.099,0,0,0,2468,0.05,0,4082.37,904883.85,3697.27,0,0.9723,0.9079,-105.54,6.757,3,0,0,0.004096,8.218101,1,9.19,0.00248,0,0,1,0,1
NBM-2026-000689,2564.43,7,9,2028.11,0.944,0,0,0,334,0.26,0,2182.93,1710055.71,2559.94,0,1.2644,1.1748,536.33,0.914,5,1,1,0.0015,7.849883,1,4.5,0.00175,1,0,0,1,0
NBM-2026-000690,1443.77,17,5,1572.74,-0.293,0,0,0,2441,0.07,0,1653.91,754050.53,1443.55,0,0.918,0.8729,-128.97,6.683,3,0,0,0.001915,7.275706,1,0.22,0.00015,1,0,0,1,0
NBM-2026-000691,1238.6,21,6,1695.06,-0.962,0,0,0,2969,0.158,0,1818.77,1105783.76,1242.95,0,0.7307,0.681,-456.46,8.129,4,0,1,0.00112,7.122547,1,4.34,0.00351,1,0,0,1,0
NBM-2026-000692,3807.12,13,8,4025.99,-0.194,0,0,0,1528,0.342,0,3827.12,1703756.58,3847.22,0,0.9456,0.9948,-218.87,4.183,5,1,0,0.002235,8.244891,1,40.1,0.01053,0,1,0,1,0
NBM-2026-000693,2064.47,16,9,1949.21,0.211,0,0,0,1778,0.893,0,2096.61,2775387.72,2068.11,0,1.0591,0.9847,115.26,4.868,2,0,0,0.000744,7.633115,1,3.63,0.00176,0,0,1,1,0
NBM-2026-000694,985.05,13,5,1225.71,-0.701,0,0,0,4348,0.232,0,1250.2,2341796.67,977.72,0,0.8037,0.7879,-240.67,11.904,5,1,0,0.000421,6.893702,1,7.33,0.00744,1,0,0,0,1
NBM-2026-000695,3003.56,16,9,3025.65,-0.026,0,0,0,2539,0.437,0,3064.54,1214619.9,2957.9,0,0.9927,0.9801,-22.09,6.951,2,0,0,0.002473,8.007888,1,45.66,0.0152,1,0,0,0,1
NBM-2026-000696,1322.09,17,8,1396.55,-0.19,0,0,0,1578,0.428,0,1325.32,2162931.76,1316.4,0,0.9467,0.9976,-74.45,4.32,5,1,0,0.000611,7.187728,1,5.69,0.00431,0,1,0,1,0
NBM-2026-000697,641.73,16,4,682.01,-0.211,0,0,0,1946,0.505,0,720.74,3969649.77,634.48,0,0.9409,0.8904,-40.28,5.328,2,0,0,0.000162,6.465731,1,7.25,0.0113,1,0,0,1,0
NBM-2026-000698,2617.64,8,13,3407.86,-0.828,0,0,0,886,0.055,0,3417.01,2952509.82,2627.43,0,0.7681,0.7661,-790.22,2.426,4,0,0,0.000887,7.87041,1,9.79,0.00374,1,0,0,1,0
NBM-2026-000699,1438.11,14,10,1949.21,-0.936,0,0,0,1778,0.893,0,1813.29,3854200.6,1441.02,0,0.7378,0.7931,-511.1,4.868,2,0,0,0.000373,7.27178,1,2.91,0.00202,0,1,0,0,1
NBM-2026-000700,2685.98,16,8,2643.23,0.058,0,0,0,4084,0.294,0,2451.83,3844674.46,2685.28,0,1.0162,1.0955,42.74,11.181,1,0,0,0.000699,7.896172,1,0.7,0.00026,0,1,0,1,0
NBM-2026-000701,438.39,13,8,389.61,0.447,0,0,0,1245,0.258,0,394.71,2394726.82,442.6,0,1.1252,1.1107,48.78,3.409,3,0,0,0.000183,6.085389,1,4.21,0.00961,1,0,0,0,1
NBM-2026-000702,2248.72,16,12,2028.11,0.388,0,0,0,334,0.26,0,2168.82,4275649.38,2240.66,0,1.1088,1.0368,220.61,0.914,0,0,0,0.000526,7.71856,1,8.06,0.00358,0,0,1,1,0
NBM-2026-000703,15641.6,15,7,6034.86,5.685,0,1,0,4735,0.353,0,5581.54,2125637.47,15562.74,0,2.5919,2.8024,9606.74,12.964,3,0,0,0.007359,9.657753,1,78.86,0.00504,1,0,0,1,0
NBM-2026-000704,5312.67,8,9,5830.24,-0.317,0,0,0,4419,0.146,0,5461.38,3891565.54,5254.62,0,0.9112,0.9728,-517.57,12.099,5,1,0,0.001365,8.578039,1,58.05,0.01093,0,0,1,1,0
NBM-2026-000705,5778.69,8,8,6034.86,-0.152,0,0,0,4735,0.253,0,6489.47,2906884.46,5710.29,0,0.9576,0.8905,-256.17,12.964,6,1,0,0.001988,8.662106,1,68.4,0.01184,1,0,0,1,0
NBM-2026-000706,4016.23,10,8,4615.9,-0.464,0,0,0,1271,0.129,0,4269.2,1480323.48,3996.36,0,0.8701,0.9407,-599.68,3.48,0,0,0,0.002713,8.298347,1,19.87,0.00495,1,0,0,1,0
NBM-2026-000707,1094.26,11,5,1194.41,-0.299,0,0,0,1234,0.179,0,1205.12,3494050.2,1107.49,0,0.9162,0.908,-100.15,3.379,4,0,0,0.000313,6.998744,1,13.23,0.01209,1,0,0,0,1
NBM-2026-000708,17677.72,16,5,17801.94,-0.025,0,0,0,3901,0.478,0,17541.2,1422700.7,0.0,0,0.993,1.0078,-124.22,10.68,3,0,0,0.012425,9.780117,0,0.0,0.0,1,0,0,1,0
NBM-2026-000709,2487.93,16,4,1035.83,5.007,0,0,0,4407,0.335,0,1101.62,3158513.33,2477.74,0,2.4019,2.2584,1452.1,12.066,6,1,0,0.000788,7.819608,1,10.19,0.0041,0,1,0,0,1
NBM-2026-000710,5584.52,14,6,5281.74,0.205,0,0,0,2153,0.47,0,5009.91,1654076.27,5662.69,0,1.0573,1.1147,302.79,5.895,2,0,0,0.003376,8.627934,1,78.17,0.014,1,0,0,1,0
NBM-2026-000711,6404.12,21,11,6058.16,0.204,0,0,0,3698,0.143,0,6266.11,2281381.77,6406.53,0,1.0571,1.022,345.96,10.125,0,0,1,0.002807,8.764852,1,2.41,0.00038,0,0,1,0,1
NBM-2026-000712,1474.8,16,9,1307.02,0.458,0,0,0,326,0.185,0,1302.08,2279716.31,1468.55,0,1.1284,1.1327,167.78,0.893,4,0,0,0.000647,7.296959,1,6.26,0.00424,1,0,0,1,0
NBM-2026-000713,13276.14,18,9,13381.57,-0.028,0,0,0,3381,0.059,0,13494.59,3568499.81,13509.39,0,0.9921,0.9838,-105.43,9.257,4,0,0,0.00372,9.493799,1,233.25,0.01757,1,0,0,1,0
NBM-2026-000714,1030.59,18,4,915.08,0.451,0,0,0,4311,0.117,0,952.27,4124313.27,1030.18,0,1.1262,1.0822,115.51,11.803,6,1,0,0.00025,6.938856,1,0.41,0.0004,0,0,1,1,0
NBM-2026-000715,15526.22,8,9,13381.57,0.572,0,0,0,3381,0.059,0,12489.04,3153637.32,15565.53,0,1.1603,1.2432,2144.65,9.257,6,1,0,0.004923,9.65035,1,39.31,0.00253,0,1,0,0,1
NBM-2026-000716,6441.05,12,6,6770.82,-0.174,0,0,0,842,0.175,0,6863.89,1167272.13,6387.22,0,0.9513,0.9384,-329.77,2.305,5,1,0,0.005518,8.770601,1,53.83,0.00836,1,0,0,0,1
NBM-2026-000717,6236.57,16,5,5842.64,0.241,0,0,0,5112,0.092,0,6060.89,1055138.15,6209.93,0,1.0674,1.029,393.93,13.996,3,0,0,0.005911,8.738345,1,26.63,0.00427,1,0,0,1,0
NBM-2026-000718,1751.09,11,8,1928.65,-0.329,0,0,0,4140,0.214,0,1803.61,713967.62,0.0,0,0.9079,0.9709,-177.56,11.335,2,0,0,0.002453,7.468566,0,0.0,0.0,0,0,1,1,0
NBM-2026-000719,3905.57,9,4,2028.11,3.306,0,0,0,334,0.26,0,2123.45,3051385.33,4474.79,0,1.9257,1.8393,1877.47,0.914,0,0,0,0.00128,8.270416,1,569.21,0.14574,1,0,0,1,0
NBM-2026-000720,563.49,13,6,527.86,0.241,0,0,0,3905,0.468,0,504.01,2815964.65,561.39,0,1.0675,1.118,35.62,10.691,5,1,0,0.0002,6.335919,1,2.1,0.00373,1,0,0,0,1
NBM-2026-000721,5675.99,17,5,4945.97,0.527,0,0,0,3299,0.116,0,4937.54,3694198.26,5682.27,0,1.1476,1.1496,730.02,9.032,4,0,0,0.001536,8.644176,1,6.28,0.00111,1,0,0,0,1
NBM-2026-000722,1299.05,8,5,1489.97,-0.458,0,0,0,2512,0.282,0,1420.91,3697549.03,1281.65,0,0.8719,0.9142,-190.92,6.877,5,1,0,0.000351,7.170158,1,17.4,0.0134,0,0,1,1,0
NBM-2026-000723,20901.05,10,9,22523.71,-0.257,0,0,0,3744,0.521,0,21756.3,3017262.75,20856.54,0,0.928,0.9607,-1622.65,10.251,2,0,0,0.006927,9.947603,1,44.52,0.00213,0,1,0,1,0
NBM-2026-000724,4569.8,6,7,5419.61,-0.56,0,0,0,2924,0.132,0,5167.8,2313628.95,4609.79,0,0.8432,0.8843,-849.81,8.005,5,1,1,0.001975,8.427443,1,39.99,0.00875,1,0,0,1,0
NBM-2026-000725,11047.42,7,5,10069.78,0.347,0,0,0,2043,0.316,0,10467.97,1978444.05,11042.09,0,1.0971,1.0554,977.65,5.593,0,0,1,0.005584,9.310043,1,5.33,0.00048,1,0,0,1,0
NBM-2026-000726,1831.56,13,6,1710.93,0.252,0,0,0,220,0.179,0,1820.09,2300529.57,1836.68,0,1.0705,1.0063,120.63,0.602,1,0,0,0.000796,7.51347,1,5.12,0.0028,1,0,0,1,0
NBM-2026-000727,3468.09,15,7,2688.77,1.035,0,0,0,2057,0.175,0,2489.54,1204215.61,3532.94,0,1.2898,1.3931,779.32,5.632,6,1,0,0.00288,8.151649,1,64.84,0.0187,0,1,0,1,0
NBM-2026-000728,2229.12,14,7,2080.22,0.256,0,0,0,812,0.024,0,2213.24,3166450.24,2244.83,0,1.0716,1.0072,148.89,2.223,4,0,0,0.000704,7.709809,1,15.71,0.00705,0,1,0,0,1
NBM-2026-000729,1586.68,16,7,1849.78,-0.508,0,0,0,263,0.156,0,1902.09,3136873.76,1600.65,0,0.8578,0.8342,-263.1,0.72,5,1,0,0.000506,7.370026,1,13.97,0.00881,0,1,0,1,0
NBM-2026-000730,2868.14,3,6,1293.61,4.347,0,1,1,610,0.99,1,1396.33,1762122.39,2618.11,0,2.2171,2.0541,1574.52,1.67,5,1,1,0.001628,7.961766,1,250.03,0.08717,0,1,0,1,0
NBM-2026-000731,12361.61,10,5,12512.73,-0.043,0,0,0,3033,0.511,0,13076.82,3930531.46,12274.0,0,0.9879,0.9453,-151.12,8.304,1,0,0,0.003145,9.422432,1,87.6,0.00709,1,0,0,1,0
NBM-2026-000732,5151.87,17,7,6058.16,-0.534,0,0,0,3698,0.143,0,6146.9,689905.44,5187.52,0,0.8504,0.8381,-906.29,10.125,3,0,0,0.007468,8.547309,1,35.64,0.00692,0,1,0,0,1
NBM-2026-000733,4259.84,16,4,4389.65,-0.106,0,0,0,3925,0.211,0,4421.07,649603.18,4309.15,0,0.9704,0.9635,-129.81,10.746,0,0,0,0.006558,8.357221,1,49.31,0.01158,0,1,0,0,1
NBM-2026-000734,2308.59,15,6,1887.06,0.798,0,0,0,946,0.718,0,1981.05,1569131.13,2321.51,0,1.2234,1.1653,421.53,2.59,6,1,0,0.001471,7.744826,1,12.92,0.0056,0,1,0,0,1
NBM-2026-000735,1686.19,13,9,1744.87,-0.12,0,0,0,2920,0.202,0,1746.6,2750236.38,1685.38,0,0.9664,0.9654,-58.68,7.995,1,0,0,0.000613,7.430821,1,0.81,0.00048,1,0,0,1,0
NBM-2026-000736,1174.83,13,4,915.08,1.014,0,0,0,4311,0.117,0,875.69,798665.57,1179.08,0,1.2839,1.3416,259.75,11.803,3,0,0,0.001471,7.06973,1,4.25,0.00362,0,1,0,0,1
NBM-2026-000737,3797.79,9,6,4165.4,-0.315,0,0,0,4087,0.163,0,3927.1,1435293.75,3804.05,0,0.9117,0.9671,-367.61,11.19,5,1,0,0.002646,8.242438,1,6.26,0.00165,1,0,0,1,0
NBM-2026-000738,1044.43,12,8,1183.68,-0.42,0,0,0,1442,0.206,0,1090.16,851760.77,1046.59,0,0.8824,0.9581,-139.25,3.948,2,0,0,0.001226,6.952185,1,2.16,0.00207,1,0,0,0,1
NBM-2026-000739,580.96,13,3,527.86,0.359,0,0,0,3905,0.468,0,509.12,3559496.87,0.0,0,1.1006,1.1411,53.09,10.691,0,0,0,0.000163,6.366398,0,0.0,0.0,1,0,0,1,0
NBM-2026-000740,6986.95,7,6,6957.32,0.015,0,0,0,1365,0.176,0,7145.81,858749.43,6967.14,0,1.0043,0.9778,29.63,3.737,0,0,1,0.008136,8.851943,1,19.81,0.00284,1,0,0,1,0
NBM-2026-000741,3047.95,5,7,3414.09,-0.383,0,0,0,1257,0.375,0,3428.91,2320497.09,3048.92,0,0.8928,0.8889,-366.14,3.441,5,1,1,0.001313,8.022553,1,0.97,0.00032,1,0,0,1,0
NBM-2026-000742,1711.69,17,4,1885.63,-0.329,0,0,0,4578,0.199,0,1803.77,1196024.62,0.0,0,0.9078,0.9489,-173.94,12.534,2,0,0,0.001431,7.445818,0,0.0,0.0,1,0,0,1,0
NBM-2026-000743,1547.65,10,5,1695.06,-0.311,0,0,0,2969,0.158,0,1653.69,2076488.1,1532.63,0,0.913,0.9359,-147.41,8.129,6,1,0,0.000745,7.345139,1,15.02,0.0097,1,0,0,0,1
NBM-2026-000744,8369.65,10,4,11733.22,-1.024,0,0,0,1028,0.305,0,11753.45,4157644.75,8366.8,0,0.7133,0.7121,-3363.57,2.815,2,0,0,0.002013,9.032486,1,2.84,0.00034,1,0,0,1,0
NBM-2026-000745,3790.72,9,3,3455.75,0.346,0,0,0,3780,0.288,0,3582.77,3496524.36,3762.34,0,1.0969,1.058,334.97,10.349,5,1,0,0.001084,8.240576,1,28.38,0.00749,1,0,0,0,1
NBM-2026-000746,2839.75,12,11,3025.65,-0.219,0,0,0,2539,0.437,0,3041.27,2379880.79,2807.07,0,0.9386,0.9337,-185.9,6.951,1,0,0,0.001193,7.951824,1,32.69,0.01151,1,0,0,0,1
NBM-2026-000747,7097.15,16,9,5704.35,0.872,0,0,0,438,0.334,0,6132.14,2562178.24,7052.54,0,1.2442,1.1574,1392.8,1.199,5,1,0,0.00277,8.86759,1,44.61,0.00629,0,1,0,1,0
NBM-2026-000748,2275.72,18,4,1053.86,4.141,0,0,0,244,0.145,0,1127.33,3445639.07,2248.56,0,2.1594,2.0187,1221.85,0.668,2,0,0,0.00066,7.73049,1,27.16,0.01193,1,0,0,1,0
NBM-2026-000749,2368.19,9,12,2247.42,0.192,0,0,0,871,0.325,0,2400.82,666902.93,2369.75,0,1.0537,0.9864,120.77,2.385,0,0,0,0.003551,7.770305,1,1.55,0.00066,1,0,0,0,1
NBM-2026-000750,1400.41,7,8,1366.84,0.088,0,0,0,2578,0.148,0,1425.28,3223197.01,1412.12,0,1.0246,0.9826,33.58,7.058,0,0,1,0.000434,7.245238,1,11.71,0.00836,1,0,0,1,0
NBM-2026-000751,2582.62,17,6,2627.48,-0.061,0,0,0,3373,0.157,0,2795.47,3466163.41,2577.61,0,0.9829,0.9239,-44.86,9.235,6,1,0,0.000745,7.856947,1,5.02,0.00194,1,0,0,0,1
NBM-2026-000752,9708.26,16,5,3455.75,6.462,0,0,0,3780,0.288,0,3353.53,1885624.76,10235.4,0,2.8093,2.8949,6252.51,10.349,6,1,0,0.005149,9.180835,1,527.14,0.0543,1,0,0,0,1
NBM-2026-000753,1397.39,16,9,1307.02,0.247,0,0,0,326,0.185,0,1333.13,2353703.09,1397.14,0,1.0691,1.0482,90.37,0.893,6,1,0,0.000594,7.243078,1,0.26,0.00018,0,1,0,1,0
NBM-2026-000754,1127.6,8,8,1225.71,-0.286,0,0,0,4348,0.232,0,1210.57,3231566.3,1140.56,0,0.92,0.9315,-98.11,11.904,6,1,0,0.000349,7.028734,1,12.96,0.01149,1,0,0,1,0
NBM-2026-000755,15319.15,8,6,13975.95,0.343,0,0,0,4431,0.089,0,14113.91,2049228.0,15302.17,0,1.0961,1.0854,1343.2,12.131,2,0,0,0.007476,9.636924,1,16.98,0.00111,1,0,0,1,0
NBM-2026-000756,1847.15,12,5,1849.78,-0.005,0,0,0,263,0.156,0,1872.37,1956550.49,1857.77,0,0.9986,0.9865,-2.63,0.72,5,1,0,0.000944,7.521941,1,10.62,0.00575,1,0,0,1,0
NBM-2026-000757,2771.92,13,6,3899.75,-1.033,0,0,0,4863,0.089,0,3868.28,999550.37,2732.72,0,0.7108,0.7166,-1127.84,13.314,1,0,0,0.002773,7.927655,1,39.2,0.01414,1,0,0,1,0
NBM-2026-000758,1715.95,12,8,2237.84,-0.833,0,0,0,2655,0.206,0,2346.68,2248038.47,1708.32,0,0.7668,0.7312,-521.89,7.269,2,0,0,0.000763,7.448306,1,7.63,0.00445,1,0,0,0,1
NBM-2026-000759,3343.18,13,5,3414.09,-0.074,0,0,0,1257,0.375,0,3257.33,3005848.16,3390.85,0,0.9792,1.0264,-70.91,3.441,0,0,0,0.001112,8.114977,1,47.67,0.01426,1,0,0,0,1
NBM-2026-000760,2412.01,15,6,2367.24,0.068,0,0,0,4661,0.267,0,2204.32,763501.3,2406.88,0,1.0189,1.0942,44.77,12.761,0,0,0,0.003159,7.788632,1,5.14,0.00213,0,1,0,1,0
NBM-2026-000761,1682.67,15,10,1698.57,-0.033,0,0,0,1319,0.578,0,1810.9,4058976.72,1672.56,0,0.9906,0.9292,-15.9,3.611,3,0,0,0.000415,7.428733,1,10.11,0.00601,1,0,0,0,1
NBM-2026-000762,2412.41,10,5,2367.24,0.068,0,0,0,4661,0.267,0,2330.65,2334296.1,2409.07,0,1.0191,1.0351,45.17,12.761,0,0,0,0.001033,7.788798,1,3.35,0.00139,0,0,1,1,0
NBM-2026-000763,305.97,16,6,333.29,-0.293,0,0,0,3803,0.282,0,349.01,2597498.98,305.24,0,0.918,0.8767,-27.31,10.412,4,0,0,0.000118,5.726759,1,0.73,0.00238,0,0,1,0,1
NBM-2026-000764,4050.58,10,10,3497.04,0.565,0,0,0,933,0.152,0,3603.64,1596006.64,0.0,0,1.1583,1.124,553.54,2.554,2,0,0,0.002538,8.306862,0,0.0,0.0,1,0,0,0,1
NBM-2026-000765,5595.99,12,9,5667.34,-0.045,0,0,0,2769,0.022,0,5313.93,1932601.27,5628.47,0,0.9874,1.0531,-71.34,7.581,4,0,0,0.002896,8.629985,1,32.47,0.0058,0,1,0,1,0
NBM-2026-000766,2892.29,15,6,4905.48,-1.466,0,0,0,3338,0.244,0,4921.52,2766835.11,2915.97,0,0.5896,0.5877,-2013.19,9.139,5,1,0,0.001045,7.970151,1,23.67,0.00819,0,1,0,1,0
NBM-2026-000767,15082.58,12,10,18553.82,-0.668,0,0,0,2857,0.509,0,19588.24,859866.82,14932.65,0,0.8129,0.77,-3471.24,7.822,4,0,0,0.017541,9.621362,1,149.93,0.00994,1,0,0,0,1
NBM-2026-000768,1671.06,7,5,1450.06,0.544,0,0,0,412,0.927,1,1538.07,4066052.87,1691.49,0,1.1524,1.0865,221.0,1.128,6,1,1,0.000411,7.421813,1,20.43,0.01223,1,0,0,1,0
NBM-2026-000769,15433.63,7,2,6399.34,5.042,0,0,0,1028,0.495,0,5924.85,1319751.22,15331.44,0,2.4118,2.6049,9034.29,2.815,2,0,1,0.011694,9.644369,1,102.19,0.00662,1,0,0,0,1
NBM-2026-000770,1378.0,16,11,1243.33,0.387,0,0,0,2280,0.328,0,1329.49,1245779.94,1373.09,0,1.1083,1.0365,134.67,6.242,6,1,0,0.001106,7.229113,1,4.91,0.00356,0,1,0,0,1
NBM-2026-000771,3613.38,9,6,3276.08,0.368,0,0,0,447,0.101,0,3213.49,970428.94,0.0,0,1.103,1.1244,337.3,1.224,6,1,0,0.003723,8.192676,0,0.0,0.0,1,0,0,1,0
NBM-2026-000772,7546.3,4,5,3497.04,4.135,0,0,1,933,0.152,0,3399.23,3470129.22,7518.71,0,2.1579,2.22,4049.26,2.554,0,0,1,0.002175,8.928945,1,27.59,0.00366,1,0,0,0,1
NBM-2026-000773,9482.54,14,4,11733.22,-0.685,0,0,0,1028,0.305,0,12238.47,3696749.31,9453.81,0,0.8082,0.7748,-2250.67,2.815,3,0,0,0.002565,9.157313,1,28.73,0.00303,0,0,1,0,1
NBM-2026-000774,2886.29,12,4,3455.75,-0.589,0,0,0,3780,0.288,0,3555.0,1347420.09,2916.5,0,0.8352,0.8119,-569.46,10.349,3,0,0,0.002142,7.968074,1,30.21,0.01047,0,1,0,0,1
NBM-2026-000775,1278.83,18,9,1695.06,-0.877,0,0,0,2969,0.158,0,1588.96,1730710.81,1289.55,0,0.7544,0.8048,-416.23,8.129,3,0,0,0.000739,7.154482,1,10.72,0.00839,1,0,0,1,0
NBM-2026-000776,3883.83,12,5,4364.16,-0.393,0,0,0,2772,0.193,0,4410.22,2678733.69,3857.22,0,0.8899,0.8806,-480.33,7.589,3,0,0,0.00145,8.264836,1,26.62,0.00685,1,0,0,1,0
NBM-2026-000777,2680.08,18,6,2198.5,0.782,0,0,0,1401,0.222,0,2070.32,1772887.31,2696.56,0,1.2191,1.2945,481.59,3.836,2,0,0,0.001512,7.893977,1,16.47,0.00615,1,0,0,1,0
NBM-2026-000778,2091.5,15,4,2779.73,-0.884,0,0,0,366,0.143,0,2640.48,2837053.47,2076.8,0,0.7524,0.7921,-688.23,1.002,0,0,0,0.000737,7.646114,1,14.7,0.00703,0,0,1,1,0
NBM-2026-000779,2863.29,12,7,2985.48,-0.146,0,0,0,3200,0.206,0,3132.79,2217991.4,2854.47,0,0.9591,0.914,-122.19,8.761,1,0,0,0.001291,7.960075,1,8.81,0.00308,1,0,0,0,1
NBM-2026-000780,2738.54,8,10,3445.7,-0.733,0,0,0,3351,0.283,0,3573.08,1780613.19,2759.85,0,0.7948,0.7664,-707.16,9.175,5,1,0,0.001538,7.915545,1,21.31,0.00778,0,0,1,1,0
NBM-2026-000781,2013.74,13,5,1885.63,0.243,0,0,0,4578,0.199,0,1957.69,2383366.13,2006.29,0,1.0679,1.0286,128.11,12.534,2,0,0,0.000845,7.608244,1,7.44,0.0037,1,0,0,0,1
NBM-2026-000782,3227.72,11,10,2745.45,0.627,0,0,0,1384,0.076,0,2873.5,3977923.34,3241.04,0,1.1757,1.1233,482.27,3.789,4,0,0,0.000811,8.079841,1,13.32,0.00413,1,0,0,0,1
NBM-2026-000783,1373.16,7,5,1523.1,-0.352,0,0,0,2351,0.153,0,1526.6,2874023.63,1359.07,0,0.9016,0.8995,-149.94,6.437,1,0,1,0.000478,7.225597,1,14.08,0.01026,1,0,0,0,1
NBM-2026-000784,8667.32,0,4,3622.17,4.974,1,1,1,161,0.701,0,3533.45,1857067.23,8716.0,0,2.3929,2.4529,5045.15,0.441,3,0,1,0.004667,9.067431,1,48.68,0.00562,1,0,0,1,0
NBM-2026-000785,3012.25,18,7,4905.48,-1.378,0,0,0,3338,0.244,0,5251.25,602494.64,3029.54,0,0.6141,0.5736,-1893.23,9.139,6,1,0,0.005,8.010775,1,17.29,0.00574,0,1,0,1,0
NBM-2026-000786,2688.73,8,8,3445.7,-0.785,0,0,0,3351,0.283,0,3216.9,1720776.12,2668.22,0,0.7803,0.8358,-756.97,9.175,3,0,0,0.001563,7.897195,1,20.5,0.00763,1,0,0,1,0
NBM-2026-000787,1636.87,13,7,1695.06,-0.123,0,0,0,2969,0.158,0,1721.7,3159667.75,1636.92,0,0.9657,0.9507,-58.19,8.129,3,0,0,0.000518,7.401153,1,0.05,3e-05,1,0,0,0,1
NBM-2026-000788,18647.89,12,8,18553.82,0.018,0,0,0,2857,0.509,0,18345.24,3074166.65,18550.58,0,1.0051,1.0165,94.07,7.822,1,0,0,0.006066,9.833542,1,97.31,0.00522,0,1,0,1,0
NBM-2026-000789,5963.95,8,8,5418.23,0.36,0,0,0,424,0.424,0,5594.67,3350001.15,5937.29,0,1.1007,1.066,545.72,1.161,5,1,0,0.00178,8.693656,1,26.66,0.00447,1,0,0,0,1
NBM-2026-000790,5704.8,9,13,5327.79,0.253,0,0,0,4121,0.198,0,4972.45,3957122.82,5707.39,0,1.0708,1.1473,377.01,11.283,0,0,0,0.001442,8.649239,1,2.58,0.00045,0,0,1,1,0
NBM-2026-000791,1799.79,17,8,1724.98,0.155,0,0,0,2603,0.206,0,1718.56,3811207.09,1823.88,0,1.0434,1.0473,74.81,7.127,0,0,0,0.000472,7.495982,1,24.09,0.01338,0,1,0,1,0
NBM-2026-000792,1257.73,10,6,1031.53,0.783,0,0,0,4686,0.124,0,1046.57,3267586.11,1241.67,0,1.2193,1.2018,226.2,12.83,1,0,0,0.000385,7.137855,1,16.05,0.01276,1,0,0,0,1
NBM-2026-000793,1925.98,17,5,2171.13,-0.403,0,0,0,2428,0.21,0,2108.47,1290374.11,1924.99,0,0.8871,0.9134,-245.16,6.648,1,0,0,0.001493,7.563708,1,0.99,0.00051,1,0,0,1,0
NBM-2026-000794,2526.9,14,12,2876.97,-0.435,0,0,0,1386,0.056,0,2904.39,2907992.84,2548.66,0,0.8783,0.87,-350.07,3.795,5,1,0,0.000869,7.835146,1,21.75,0.00861,0,1,0,1,0
NBM-2026-000795,8604.13,18,6,7314.25,0.63,0,0,0,3312,0.036,0,7044.48,1311656.13,8602.97,0,1.1764,1.2214,1289.88,9.068,4,0,0,0.00656,9.060114,1,1.16,0.00013,1,0,0,0,1
NBM-2026-000796,2851.17,15,12,3288.3,-0.475,0,0,0,4255,0.153,0,3435.35,948765.66,2865.72,0,0.8671,0.8299,-437.14,11.65,3,0,0,0.003005,7.955834,1,14.56,0.00511,0,1,0,1,0
NBM-2026-000797,1582.29,7,6,1849.78,-0.516,0,0,0,263,0.156,0,1769.98,3722300.09,0.0,0,0.8554,0.894,-267.49,0.72,1,0,1,0.000425,7.367262,0,0.0,0.0,1,0,0,0,1
NBM-2026-000798,5468.42,15,5,5228.47,0.164,0,0,0,3355,0.288,0,5408.98,1374113.74,5525.41,0,1.0459,1.011,239.95,9.185,2,0,0,0.00398,8.606928,1,56.99,0.01042,1,0,0,1,0
NBM-2026-000799,1087.38,9,14,1049.85,0.128,0,0,0,2749,0.174,0,1067.72,2341233.21,1100.96,0,1.0357,1.0184,37.53,7.526,6,1,0,0.000464,6.992448,1,13.58,0.01249,1,0,0,1,0
NBM-2026-000800,1512.23,7,5,1523.1,-0.025,0,0,0,2351,0.153,0,1623.32,4094699.51,1509.89,0,0.9929,0.9316,-10.86,6.437,4,0,1,0.000369,7.322004,1,2.34,0.00155,0,0,1,1,0
NBM-2026-000801,2659.77,18,6,2643.23,0.022,0,0,0,4084,0.294,0,2550.19,3158910.25,2688.82,0,1.0063,1.043,16.53,11.181,3,0,0,0.000842,7.88637,1,29.05,0.01092,0,0,1,0,1
NBM-2026-000802,5886.25,14,3,5228.47,0.449,0,0,0,3355,0.288,0,5105.37,2294275.87,5866.15,0,1.1258,1.153,657.79,9.185,6,1,0,0.002566,8.680545,1,20.1,0.00341,1,0,0,0,1
NBM-2026-000803,9515.76,15,3,10069.78,-0.196,0,0,0,2043,0.316,0,10420.52,3394077.68,9568.05,0,0.945,0.9132,-554.02,5.593,3,0,0,0.002804,9.160809,1,52.29,0.0055,1,0,0,1,0
NBM-2026-000804,5711.14,7,11,5419.61,0.192,0,0,0,2924,0.132,0,5385.59,1388194.81,5718.39,0,1.0538,1.0604,291.53,8.005,0,0,1,0.004114,8.650348,1,7.25,0.00127,1,0,0,1,0
NBM-2026-000805,5644.5,16,10,4335.94,1.078,0,0,0,651,0.316,0,4434.87,2779101.38,5700.82,0,1.3018,1.2728,1308.57,1.782,2,0,0,0.002031,8.638615,1,56.32,0.00998,1,0,0,0,1
NBM-2026-000806,1493.52,11,11,1849.78,-0.688,0,0,0,263,0.156,0,1850.88,1482034.56,1479.95,0,0.8074,0.8069,-356.26,0.72,2,0,0,0.001008,7.309557,1,13.57,0.00908,1,0,0,0,1
NBM-2026-000807,10154.24,6,7,12512.73,-0.673,0,0,0,3033,0.511,0,11842.58,3558616.61,10187.25,0,0.8115,0.8574,-2358.49,8.304,3,0,1,0.002853,9.225745,1,33.01,0.00325,1,0,0,1,0
NBM-2026-000808,4971.62,9,10,3953.43,0.92,0,0,0,4788,0.198,0,3774.37,2463404.42,4960.63,0,1.2575,1.3172,1018.19,13.109,4,0,0,0.002018,8.511702,1,10.99,0.00221,1,0,0,0,1
NBM-2026-000809,3702.01,12,4,4945.97,-0.898,0,0,0,3299,0.116,0,4709.46,2255282.5,3719.55,0,0.7485,0.7861,-1243.96,9.032,6,1,0,0.001641,8.216901,1,17.54,0.00474,1,0,0,1,0
NBM-2026-000810,16630.58,18,1,14186.61,0.615,0,0,0,3670,0.787,0,14537.43,703026.16,16585.22,0,1.1723,1.144,2443.97,10.048,4,0,0,0.023656,9.719059,1,45.36,0.00273,1,0,0,1,0
NBM-2026-000811,2560.85,7,7,2745.45,-0.24,0,0,0,1384,0.076,0,2880.06,1554347.42,2604.75,0,0.9328,0.8892,-184.6,3.789,1,0,1,0.001648,7.848484,1,43.91,0.01715,1,0,0,0,1
NBM-2026-000812,3086.61,17,6,2985.48,0.121,0,0,0,3200,0.206,0,3215.81,3439128.96,3081.95,0,1.0339,0.9598,101.13,8.761,0,0,0,0.000897,8.035152,1,4.65,0.00151,0,0,1,1,0
NBM-2026-000813,2573.63,16,10,2643.23,-0.094,0,0,0,4084,0.294,0,2549.06,3289950.47,2585.44,0,0.9737,1.0096,-69.6,11.181,3,0,0,0.000782,7.853462,1,11.81,0.00459,0,1,0,1,0
NBM-2026-000814,5723.85,16,4,5418.23,0.201,0,0,0,424,0.424,0,5835.14,3767944.42,5687.58,0,1.0564,0.9809,305.62,1.161,5,1,0,0.001519,8.652572,1,36.27,0.00634,1,0,0,1,0
NBM-2026-000815,4126.73,13,10,4086.97,0.035,0,0,0,4714,0.069,0,4277.25,1454480.81,4086.7,0,1.0097,0.9648,39.76,12.906,3,0,0,0.002837,8.325484,1,40.03,0.0097,1,0,0,0,1
NBM-2026-000816,2652.22,11,9,3527.38,-0.886,0,0,0,153,0.531,0,3628.64,3380124.05,2660.93,0,0.7519,0.7309,-875.16,0.419,2,0,0,0.000785,7.88353,1,8.71,0.00328,1,0,0,0,1
NBM-2026-000817,7337.88,7,10,6399.34,0.524,0,0,0,1028,0.495,0,5971.18,2757176.77,7357.63,0,1.1467,1.2289,938.54,2.815,5,1,1,0.002661,8.900941,1,19.76,0.00269,1,0,0,0,1
NBM-2026-000818,8672.26,13,9,7314.25,0.663,0,0,0,3312,0.036,0,7430.74,3279219.67,8719.96,0,1.1857,1.1671,1358.01,9.068,4,0,0,0.002645,9.067999,1,47.7,0.0055,1,0,0,0,1
NBM-2026-000819,9396.52,17,5,9029.36,0.145,0,0,0,3868,0.104,0,8438.24,3011488.16,9339.07,0,1.0407,1.1136,367.16,10.59,0,0,0,0.00312,9.148201,1,57.45,0.00611,1,0,0,1,0
NBM-2026-000820,4012.95,10,6,3622.17,0.385,0,0,0,161,0.481,0,3409.32,3226322.8,4034.37,0,1.1079,1.1771,390.78,0.441,6,1,0,0.001244,8.297532,1,21.41,0.00534,0,0,1,1,0
NBM-2026-000821,1725.12,15,7,2643.23,-1.241,0,0,0,4084,0.294,0,2734.57,2340607.86,1731.9,0,0.6527,0.6309,-918.12,11.181,6,1,0,0.000737,7.45363,1,6.78,0.00393,1,0,0,1,0
NBM-2026-000822,3060.81,7,5,1396.55,4.256,1,1,0,1578,0.648,0,1286.13,2566349.41,2806.96,1,2.1917,2.3798,1664.26,4.32,2,0,1,0.001193,8.02676,1,253.84,0.08293,1,0,0,0,1
NBM-2026-000823,12034.62,7,8,5281.74,4.566,0,0,0,2153,0.47,0,4968.58,1309535.1,12094.3,0,2.2785,2.4221,6752.88,5.895,0,0,1,0.00919,9.395626,1,59.68,0.00496,1,0,0,1,0
NBM-2026-000824,616.29,9,8,638.85,-0.126,0,0,0,4905,0.109,0,589.88,2054808.71,623.65,0,0.9647,1.0448,-22.56,13.429,3,0,0,0.0003,6.425343,1,7.36,0.01195,1,0,0,1,0
NBM-2026-000825,11380.97,2,5,5975.02,3.231,0,0,1,4283,0.405,0,6124.01,2220258.79,12116.02,0,1.9048,1.8584,5405.95,11.726,5,1,1,0.005126,9.339786,1,735.05,0.06459,0,1,0,0,1
NBM-2026-000826,3867.18,12,10,3497.04,0.378,0,0,0,933,0.152,0,3472.69,1338449.28,3876.14,0,1.1058,1.1136,370.13,2.554,5,1,0,0.002889,8.260539,1,8.96,0.00232,0,1,0,0,1
NBM-2026-000827,2017.98,15,5,2367.24,-0.527,0,0,0,4661,0.267,0,2291.67,1289901.66,2035.47,0,0.8525,0.8806,-349.26,12.761,2,0,0,0.001564,7.610349,1,17.48,0.00866,1,0,0,0,1
NBM-2026-000828,1555.91,14,8,2627.48,-1.457,0,0,0,3373,0.157,0,2555.77,606499.88,1578.74,0,0.5922,0.6088,-1071.57,9.235,6,1,0,0.002565,7.350459,1,22.83,0.01467,1,0,0,0,1
NBM-2026-000829,5441.21,10,10,5975.02,-0.319,0,0,0,4283,0.405,0,5756.18,3926796.8,5381.32,0,0.9107,0.9453,-533.81,11.726,3,0,0,0.001386,8.601941,1,59.89,0.01101,1,0,0,1,0
NBM-2026-000830,626.01,15,9,763.89,-0.645,0,0,0,453,0.133,0,809.73,2321075.13,626.38,0,0.8195,0.7731,-137.89,1.24,1,0,0,0.00027,6.440959,1,0.37,0.0006,0,0,1,0,1
NBM-2026-000831,2586.66,14,6,2198.5,0.631,0,0,0,1401,0.222,0,2289.12,4204865.63,2610.38,0,1.1766,1.13,388.16,3.836,6,1,0,0.000615,7.85851,1,23.72,0.00917,0,1,0,1,0
NBM-2026-000832,582.5,18,10,527.86,0.37,0,0,0,3905,0.468,0,527.76,2233343.64,0.0,0,1.1035,1.1037,54.63,10.691,4,0,0,0.000261,6.369042,0,0.0,0.0,1,0,0,1,0
NBM-2026-000833,4968.59,18,11,4364.16,0.495,0,0,0,2772,0.193,0,4443.23,3249907.11,5037.03,0,1.1385,1.1182,604.43,7.589,4,0,0,0.001529,8.511092,1,68.44,0.01378,1,0,0,1,0
NBM-2026-000834,6493.06,0,3,2514.79,5.65,0,0,1,3279,0.185,0,2428.32,615171.03,6527.37,0,2.582,2.6739,3978.27,8.977,0,0,1,0.010555,8.778643,1,34.31,0.00528,1,0,0,0,1
NBM-2026-000835,3205.27,13,10,3527.38,-0.326,0,0,0,153,0.531,0,3450.31,1583683.89,3202.41,0,0.9087,0.929,-322.11,0.419,4,0,0,0.002024,8.072862,1,2.86,0.00089,1,0,0,0,1
NBM-2026-000836,1989.31,15,6,1885.63,0.196,0,0,0,4578,0.199,0,1828.52,3478704.77,1971.95,0,1.055,1.0879,103.68,12.534,2,0,0,0.000572,7.596046,1,17.36,0.00873,1,0,0,0,1
NBM-2026-000837,2010.12,15,4,1902.38,0.202,0,0,0,2663,0.49,0,1820.98,900144.49,2005.13,0,1.0566,1.1039,107.74,7.291,2,0,0,0.002233,7.606448,1,4.99,0.00248,0,1,0,1,0
NBM-2026-000838,1147.01,8,8,1615.49,-1.036,0,0,0,2011,0.432,0,1695.22,2164280.92,0.0,0,0.71,0.6766,-468.49,5.506,0,0,0,0.00053,7.045781,0,0.0,0.0,1,0,0,0,1
NBM-2026-000839,1595.59,13,8,1849.78,-0.491,0,0,0,263,0.156,0,1833.83,2735763.11,1587.81,0,0.8626,0.8701,-254.19,0.72,5,1,0,0.000583,7.375626,1,7.78,0.00487,0,0,1,0,1
NBM-2026-000840,4092.17,13,8,5656.78,-0.988,0,0,0,3020,0.27,0,5925.2,1822862.37,4093.14,0,0.7234,0.6906,-1564.61,8.268,3,0,0,0.002245,8.317076,1,0.97,0.00024,1,0,0,1,0
NBM-2026-000841,4423.23,15,1,4165.4,0.221,0,0,0,4087,0.163,0,4449.5,2199666.54,4401.41,0,1.0619,0.9941,257.83,11.19,5,1,0,0.002011,8.394852,1,21.82,0.00493,0,0,1,1,0
NBM-2026-000842,1968.9,15,5,1849.78,0.23,0,0,0,263,0.156,0,1835.26,1140649.71,1981.57,0,1.0644,1.0728,119.13,0.72,0,0,0,0.001726,7.58574,1,12.67,0.00643,1,0,0,1,0
NBM-2026-000843,1673.96,14,5,2171.13,-0.818,0,0,0,2428,0.21,0,2031.07,2536224.74,1670.52,0,0.771,0.8242,-497.17,6.648,2,0,0,0.00066,7.423547,1,3.45,0.00206,0,1,0,0,1
NBM-2026-000844,1848.09,13,5,1902.38,-0.102,0,0,0,2663,0.49,0,1973.36,1557329.38,1850.52,0,0.9715,0.9365,-54.29,7.291,3,0,0,0.001187,7.522449,1,2.43,0.00131,0,1,0,0,1
NBM-2026-000845,1275.37,10,9,1366.84,-0.239,0,0,0,2578,0.148,0,1441.09,3724638.58,1271.13,0,0.9331,0.885,-91.46,7.058,0,0,0,0.000342,7.151778,1,4.24,0.00332,1,0,0,0,1
NBM-2026-000846,3123.27,18,6,3025.65,0.115,0,0,0,2539,0.437,0,3250.8,3402348.56,3111.81,0,1.0323,0.9608,97.62,6.951,4,0,0,0.000918,8.046956,1,11.46,0.00367,0,1,0,0,1
NBM-2026-000847,2108.84,15,7,2367.24,-0.39,0,0,0,4661,0.267,0,2337.91,1630315.67,2123.29,0,0.8908,0.902,-258.41,12.761,4,0,0,0.001294,7.654366,1,14.45,0.00685,0,0,1,0,1
NBM-2026-000848,2216.39,7,4,2245.05,-0.046,0,0,0,2458,0.212,0,2423.88,2332912.89,2211.64,0,0.9872,0.9144,-28.66,6.73,6,1,1,0.00095,7.704086,1,4.75,0.00214,0,0,1,1,0
NBM-2026-000849,16775.95,14,5,12822.06,1.101,0,0,0,2165,0.827,0,12314.41,2321733.14,16582.08,0,1.3084,1.3623,3953.89,5.927,4,0,0,0.007226,9.727761,1,193.88,0.01156,0,0,1,1,0
NBM-2026-000850,15849.32,10,2,6118.96,5.679,0,1,0,4064,0.196,0,5776.88,1990547.98,15634.04,0,2.5902,2.7436,9730.36,11.127,4,0,0,0.007962,9.670945,1,215.28,0.01358,1,0,0,0,1
NBM-2026-000851,4687.98,18,5,4945.97,-0.186,0,0,0,3299,0.116,0,4807.16,1555622.65,4632.38,0,0.9478,0.9752,-257.99,9.032,2,0,0,0.003014,8.452971,1,55.6,0.01186,1,0,0,1,0
NBM-2026-000852,2148.32,9,5,2688.77,-0.718,0,0,0,2057,0.175,0,2848.21,3178189.31,2136.55,0,0.799,0.7543,-540.45,5.632,0,0,0,0.000676,7.672909,1,11.78,0.00548,1,0,0,0,1
NBM-2026-000853,12293.04,5,11,10878.56,0.464,0,0,0,3268,0.211,0,10569.6,3723210.62,12287.5,0,1.13,1.1631,1414.48,8.947,4,0,1,0.003302,9.41687,1,5.53,0.00045,0,1,0,0,1
NBM-2026-000854,8880.94,10,7,10878.56,-0.656,0,0,0,3268,0.211,0,10095.44,747670.57,8869.7,0,0.8164,0.8797,-1997.62,8.947,6,1,0,0.011878,9.091775,1,11.24,0.00127,1,0,0,0,1
NBM-2026-000855,5296.14,9,3,4335.94,0.791,0,0,0,651,0.316,0,4332.38,3792891.39,5348.62,0,1.2215,1.2225,960.21,1.782,0,0,0,0.001396,8.574923,1,52.47,0.00991,0,1,0,0,1
NBM-2026-000856,6393.91,5,9,6957.32,-0.289,0,0,0,1365,0.176,0,7397.06,2623860.26,6384.55,0,0.919,0.8644,-563.4,3.737,2,0,1,0.002437,8.763258,1,9.37,0.00147,1,0,0,1,0
NBM-2026-000857,2430.36,16,10,3008.58,-0.686,0,0,0,70,0.274,0,3211.45,4314450.54,2419.02,0,0.8078,0.7568,-578.22,0.192,3,0,0,0.000563,7.796206,1,11.34,0.00466,0,1,0,0,1
NBM-2026-000858,4527.03,15,9,5418.23,-0.587,0,0,0,424,0.424,0,5347.78,3245472.87,0.0,0,0.8355,0.8465,-891.2,1.161,2,0,0,0.001395,8.418043,0,0.0,0.0,0,0,1,1,0
NBM-2026-000859,11544.07,13,9,13283.8,-0.468,0,0,0,4303,0.229,0,12318.3,1655536.26,11603.56,0,0.869,0.9371,-1739.74,11.781,0,0,0,0.006973,9.354014,1,59.5,0.00515,1,0,0,1,0
NBM-2026-000860,1081.53,7,4,1031.53,0.173,0,0,0,4686,0.124,0,1063.95,738263.26,1072.31,0,1.0485,1.0165,50.01,12.83,3,0,1,0.001465,6.987061,1,9.23,0.00853,1,0,0,1,0
NBM-2026-000861,15668.57,15,8,14186.61,0.373,0,0,0,3670,0.787,0,13355.52,2569155.1,15966.67,0,1.1045,1.1732,1481.96,10.048,4,0,0,0.006099,9.659476,1,298.1,0.01903,1,0,0,1,0
NBM-2026-000862,7034.45,12,6,5281.74,1.185,0,0,0,2153,0.47,0,5263.4,2030559.16,7012.37,0,1.3318,1.3365,1752.71,5.895,4,0,0,0.003464,8.858717,1,22.08,0.00314,0,1,0,1,0
NBM-2026-000863,10340.38,10,5,10878.56,-0.177,0,0,0,3268,0.211,0,10376.44,2833233.28,10309.7,0,0.9505,0.9965,-538.18,8.947,0,0,0,0.00365,9.243908,1,30.68,0.00297,0,1,0,0,1
NBM-2026-000864,617.03,7,3,638.85,-0.122,0,0,0,4905,0.109,0,634.08,1918278.53,620.69,0,0.9658,0.9731,-21.83,13.429,2,0,1,0.000322,6.426535,1,3.66,0.00594,0,1,0,0,1
NBM-2026-000865,2468.89,10,9,2514.79,-0.065,0,0,0,3279,0.185,0,2372.18,855267.5,2483.93,0,0.9817,1.0408,-45.9,8.977,2,0,0,0.002887,7.811928,1,15.04,0.00609,1,0,0,1,0
NBM-2026-000866,936.27,13,3,1005.18,-0.245,0,0,0,3898,0.251,0,942.35,3447766.94,0.0,0,0.9314,0.9935,-68.91,10.672,5,1,0,0.000272,6.84297,0,0.0,0.0,1,0,0,0,1
NBM-2026-000867,4471.44,18,4,4615.9,-0.112,0,0,0,1271,0.129,0,4794.56,635571.65,4412.77,0,0.9687,0.9326,-144.46,3.48,2,0,0,0.007035,8.405689,1,58.67,0.01312,1,0,0,1,0
NBM-2026-000868,8918.58,14,16,10069.78,-0.408,0,0,0,2043,0.316,0,10640.39,2810936.78,8743.41,0,0.8857,0.8382,-1151.2,5.593,4,0,0,0.003173,9.096004,1,175.17,0.01964,0,1,0,1,0
NBM-2026-000869,306.47,12,7,333.29,-0.287,0,0,0,3803,0.282,0,341.5,2145253.06,304.22,0,0.9196,0.8974,-26.81,10.412,0,0,0,0.000143,5.728388,1,2.25,0.00734,0,1,0,1,0
NBM-2026-000870,7951.5,7,7,7314.25,0.311,0,0,0,3312,0.036,0,6789.03,3819979.85,7774.56,0,1.0871,1.1712,637.25,9.068,0,0,1,0.002082,8.981242,1,176.94,0.02225,1,0,0,0,1
NBM-2026-000871,5185.2,0,5,2144.43,5.064,0,1,1,359,0.298,0,1987.86,3286857.68,4479.09,0,2.418,2.6084,3040.77,0.983,2,0,1,0.001578,8.553756,1,706.11,0.13618,1,0,0,0,1
NBM-2026-000872,1241.05,10,9,1500.84,-0.618,0,0,0,2077,0.25,0,1478.57,3741260.29,1227.75,0,0.8269,0.8394,-259.78,5.687,6,1,0,0.000332,7.124521,1,13.3,0.01072,1,0,0,1,0
NBM-2026-000873,2365.5,8,9,2514.79,-0.212,0,0,0,3279,0.185,0,2439.23,602860.25,2367.97,0,0.9406,0.9698,-149.28,8.977,6,1,0,0.003924,7.769168,1,2.47,0.00104,1,0,0,1,0
NBM-2026-000874,2999.21,13,7,3025.65,-0.031,0,0,0,2539,0.437,0,3083.05,4084575.95,2996.35,0,0.9913,0.9728,-26.44,6.951,5,1,0,0.000734,8.006438,1,2.86,0.00095,1,0,0,0,1
NBM-2026-000875,2253.2,13,5,2245.05,0.013,0,0,0,2458,0.212,0,2379.43,2163797.45,2307.4,0,1.0036,0.9469,8.15,6.73,2,0,0,0.001041,7.720549,1,54.2,0.02406,1,0,0,1,0
NBM-2026-000876,1771.74,13,3,1523.1,0.583,0,0,0,2351,0.153,0,1433.55,1153944.11,0.0,0,1.1632,1.2359,248.64,6.437,4,0,0,0.001535,7.480282,0,0.0,0.0,1,0,0,0,1
NBM-2026-000877,7100.41,16,6,6770.82,0.174,0,0,0,842,0.175,0,6403.07,3687180.14,7145.9,0,1.0487,1.1089,329.6,2.305,2,0,0,0.001926,8.868049,1,45.48,0.00641,1,0,0,1,0
NBM-2026-000878,39578.77,12,6,18553.82,4.047,0,0,0,2857,0.509,0,19481.44,3717828.07,39436.23,0,2.1332,2.0316,21024.95,7.822,2,0,0,0.010646,10.586073,1,142.54,0.0036,1,0,0,1,0
NBM-2026-000879,636.52,7,9,682.01,-0.238,0,0,0,1946,0.505,0,653.25,2211184.69,630.55,0,0.9333,0.9744,-45.5,5.328,1,0,1,0.000288,6.457579,1,5.97,0.00938,1,0,0,0,1
NBM-2026-000880,7465.47,13,12,7314.25,0.074,0,0,0,3312,0.036,0,7225.62,2959264.32,7414.74,0,1.0207,1.0332,151.22,9.068,3,0,0,0.002523,8.918177,1,50.73,0.00679,0,1,0,1,0
NBM-2026-000881,1402.54,8,8,1396.55,0.015,0,0,0,1578,0.428,0,1440.66,2121099.39,1433.31,0,1.0043,0.9735,6.0,4.32,5,1,0,0.000661,7.246754,1,30.77,0.02194,1,0,0,0,1
NBM-2026-000882,1440.79,9,11,1307.02,0.366,0,0,0,326,0.185,0,1322.12,3926220.56,1447.6,0,1.1023,1.0898,133.77,0.893,6,1,0,0.000367,7.273642,1,6.81,0.00472,1,0,0,0,1
NBM-2026-000883,7187.62,17,5,6991.58,0.1,0,0,0,755,0.066,0,6743.47,4098810.81,7251.55,0,1.028,1.0659,196.04,2.067,4,0,0,0.001754,8.880255,1,63.93,0.00889,0,0,1,1,0
NBM-2026-000884,1440.48,9,11,1770.79,-0.666,0,0,0,1371,0.348,0,1754.2,2746714.3,1444.05,0,0.8135,0.8212,-330.32,3.754,3,0,0,0.000524,7.273423,1,3.57,0.00248,1,0,0,1,0
NBM-2026-000885,6104.35,7,4,5830.24,0.168,0,0,0,4419,0.146,0,6248.62,4279241.34,5995.26,0,1.047,0.9769,274.11,12.099,6,1,1,0.001427,8.716921,1,109.09,0.01787,1,0,0,0,1
NBM-2026-000886,738.88,17,6,690.06,0.253,0,0,0,2697,0.189,0,656.88,2176663.82,741.65,0,1.0708,1.1248,48.83,7.384,6,1,0,0.000339,6.606488,1,2.77,0.00374,0,1,0,1,0
NBM-2026-000887,6151.78,16,11,5418.23,0.484,0,0,0,424,0.424,0,5635.53,2755456.74,6218.08,0,1.1354,1.0916,733.55,1.161,3,0,0,0.002233,8.72466,1,66.3,0.01078,1,0,0,0,1
NBM-2026-000888,2131.59,14,11,1885.63,0.466,0,0,0,4578,0.199,0,1840.44,2167814.35,2159.28,0,1.1304,1.1582,245.96,12.534,1,0,0,0.000983,7.665093,1,27.69,0.01299,1,0,0,0,1
NBM-2026-000889,2541.27,14,7,2643.23,-0.138,0,0,0,4084,0.294,0,2691.8,2129867.29,2535.08,0,0.9614,0.9441,-101.96,11.181,3,0,0,0.001193,7.840813,1,6.19,0.00244,1,0,0,0,1
NBM-2026-000890,2611.23,11,3,2779.73,-0.216,0,0,0,366,0.143,0,2871.31,1992914.36,0.0,0,0.9394,0.9094,-168.5,1.002,1,0,0,0.00131,7.86796,0,0.0,0.0,0,1,0,0,1
NBM-2026-000891,11700.97,15,9,11733.22,-0.01,0,0,0,1028,0.305,0,11613.76,2424829.58,11685.22,0,0.9973,1.0075,-32.25,2.815,6,1,0,0.004825,9.367513,1,15.75,0.00135,1,0,0,1,0
NBM-2026-000892,1531.45,18,3,1500.84,0.073,0,0,0,2077,0.25,0,1429.03,2754474.66,0.0,0,1.0204,1.0717,30.62,5.687,6,1,0,0.000556,7.334624,0,0.0,0.0,1,0,0,1,0
NBM-2026-000893,3312.31,14,4,1698.57,3.393,0,0,0,1319,0.578,0,1686.42,2186600.42,3352.24,0,1.9501,1.9641,1613.74,3.611,5,1,0,0.001515,8.105703,1,39.93,0.01205,0,1,0,1,0
NBM-2026-000894,1558.51,10,12,1500.84,0.137,0,0,0,2077,0.25,0,1521.88,2209357.23,1573.1,0,1.0384,1.0241,57.68,5.687,5,1,0,0.000705,7.352129,1,14.59,0.00936,0,1,0,1,0
NBM-2026-000895,2201.97,17,9,2247.42,-0.072,0,0,0,871,0.325,0,2082.3,3010621.25,2216.73,0,0.9798,1.0575,-45.45,2.385,3,0,0,0.000731,7.697563,1,14.75,0.0067,1,0,0,1,0
NBM-2026-000896,334.55,21,6,333.29,0.013,0,0,0,3803,0.282,0,344.56,1435550.92,340.06,0,1.0038,0.9709,1.26,10.412,2,0,1,0.000233,5.815757,1,5.51,0.01647,0,1,0,1,0
NBM-2026-000897,1336.57,18,3,1164.97,0.526,0,0,0,3145,0.524,0,1145.23,3679995.37,1312.19,0,1.1473,1.1671,171.6,8.611,4,0,0,0.000363,7.198609,1,24.38,0.01824,1,0,0,1,0
NBM-2026-000898,1837.45,13,8,2237.84,-0.639,0,0,0,2655,0.206,0,2334.56,3738536.06,1828.81,0,0.8211,0.7871,-400.39,7.269,1,0,0,0.000491,7.516679,1,8.64,0.0047,0,1,0,1,0
NBM-2026-000899,2354.16,12,7,2367.24,-0.02,0,0,0,4661,0.267,0,2491.18,1066422.42,2372.38,0,0.9945,0.945,-13.08,12.761,4,0,0,0.002208,7.764363,1,18.22,0.00774,1,0,0,1,0
NBM-2026-000900,1017.13,10,12,2745.45,-2.248,0,0,0,1384,0.076,0,2860.59,2215809.27,1013.72,0,0.3705,0.3556,-1728.32,3.789,0,0,0,0.000459,6.92572,1,3.41,0.00335,0,1,0,1,0
NBM-2026-000901,2094.89,17,8,1953.96,0.258,0,0,0,155,0.37,0,2070.91,2554714.83,2119.07,0,1.0721,1.0116,140.93,0.424,4,0,0,0.00082,7.647732,1,24.18,0.01154,0,1,0,0,1
NBM-2026-000902,2062.97,7,7,2171.13,-0.178,0,0,0,2428,0.21,0,2127.22,3049896.51,2037.17,0,0.9502,0.9698,-108.17,6.648,2,0,1,0.000676,7.632386,1,25.8,0.01251,1,0,0,0,1
NBM-2026-000903,4878.44,16,9,3953.43,0.836,0,0,0,4788,0.198,0,3675.88,619002.53,4903.53,0,1.234,1.3272,925.01,13.109,0,0,0,0.007881,8.492786,1,25.08,0.00514,0,0,1,1,0
NBM-2026-000904,3909.73,14,8,3288.3,0.675,0,0,0,4255,0.153,0,3234.12,2592824.16,3965.58,0,1.189,1.2089,621.42,11.65,0,0,0,0.001508,8.271478,1,55.85,0.01429,0,1,0,1,0
NBM-2026-000905,4997.39,10,9,5474.15,-0.311,0,0,0,1053,0.486,0,5869.42,4047848.56,0.0,0,0.9129,0.8514,-476.76,2.883,5,1,0,0.001235,8.516872,0,0.0,0.0,0,0,1,1,0
NBM-2026-000906,5654.95,15,6,5830.24,-0.107,0,0,0,4419,0.146,0,6113.07,930538.91,5677.56,0,0.9699,0.9251,-175.29,12.099,6,1,0,0.006077,8.640463,1,22.61,0.004,1,0,0,0,1
NBM-2026-000907,3015.55,12,7,2819.03,0.249,0,0,0,4058,0.22,0,2774.45,3640600.9,2977.41,0,1.0697,1.0869,196.52,11.11,5,1,0,0.000828,8.011869,1,38.14,0.01265,1,0,0,0,1
NBM-2026-000908,5556.88,16,7,4615.9,0.728,0,0,0,1271,0.129,0,4297.5,1850216.42,5632.86,0,1.2039,1.2931,940.98,3.48,0,0,0,0.003003,8.622973,1,75.98,0.01367,1,0,0,1,0
NBM-2026-000909,3483.11,18,5,3622.17,-0.137,0,0,0,161,0.481,0,3787.32,3841719.78,3515.07,0,0.9616,0.9197,-139.06,0.441,5,1,0,0.000907,8.155969,1,31.95,0.00917,0,1,0,1,0
NBM-2026-000910,1172.56,12,9,1450.06,-0.683,0,0,0,412,0.927,1,1494.36,2945411.4,1165.72,0,0.8086,0.7847,-277.5,1.128,2,0,0,0.000398,7.067797,1,6.84,0.00583,0,1,0,1,0
NBM-2026-000911,3786.91,10,6,4389.65,-0.49,0,0,0,3925,0.211,0,4124.34,2881694.65,3784.01,0,0.8627,0.9182,-602.74,10.746,0,0,0,0.001314,8.239569,1,2.9,0.00077,0,1,0,1,0
NBM-2026-000912,1752.2,2,2,837.19,3.903,0,0,1,5071,0.061,0,816.7,860237.14,1873.2,1,2.093,2.1455,915.02,13.884,6,1,1,0.002037,7.4692,1,121.0,0.06906,1,0,0,1,0
NBM-2026-000913,4390.56,14,8,4945.97,-0.401,0,0,0,3299,0.116,0,5027.68,2250412.76,4430.37,0,0.8877,0.8733,-555.41,9.032,4,0,0,0.001951,8.387441,1,39.81,0.00907,1,0,0,1,0
NBM-2026-000914,4747.18,11,3,1887.06,5.413,0,0,0,946,0.718,0,1830.2,3300478.14,4754.7,0,2.5156,2.5938,2860.12,2.59,6,1,0,0.001438,8.465517,1,7.52,0.00159,0,0,1,1,0
NBM-2026-000915,1608.6,12,9,2080.22,-0.81,0,0,0,812,0.024,0,2095.83,1703476.15,1603.3,0,0.7733,0.7675,-471.62,2.223,3,0,0,0.000944,7.383742,1,5.3,0.00329,1,0,0,0,1
NBM-2026-000916,6108.67,16,4,5975.02,0.08,0,0,0,4283,0.405,0,6326.33,4014397.94,6039.43,0,1.0224,0.9656,133.65,11.726,2,0,0,0.001522,8.717628,1,69.24,0.01133,1,0,0,0,1
NBM-2026-000917,1411.51,10,10,1523.1,-0.262,0,0,0,2351,0.153,0,1588.28,4069742.0,1417.05,0,0.9267,0.8887,-111.59,6.437,4,0,0,0.000347,7.253124,1,5.54,0.00392,1,0,0,0,1
NBM-2026-000918,11495.37,14,4,10502.81,0.338,0,0,0,687,0.589,0,11164.62,2676843.49,11446.47,0,1.0945,1.0296,992.56,1.881,4,0,0,0.004294,9.349787,1,48.9,0.00425,1,0,0,1,0
NBM-2026-000919,6053.71,18,9,5830.24,0.137,0,0,0,4419,0.146,0,6123.44,4273453.31,6097.88,0,1.0383,0.9886,223.47,12.099,0,0,0,0.001417,8.708591,1,44.18,0.0073,1,0,0,1,0
NBM-2026-000920,1365.53,14,3,1770.79,-0.817,0,0,0,1371,0.348,0,1647.54,1173961.46,1374.15,0,0.7711,0.8288,-405.27,3.754,2,0,0,0.001163,7.220027,1,8.63,0.00632,1,0,0,0,1
NBM-2026-000921,14361.4,15,1,5419.61,5.892,0,0,0,2924,0.132,0,5292.81,1673722.93,14229.46,0,2.6499,2.7134,8941.79,8.005,5,1,0,0.008581,9.572369,1,131.94,0.00919,0,1,0,1,0
NBM-2026-000922,1041.51,9,1,930.43,0.426,0,0,0,2091,0.81,0,1000.43,2058807.91,1035.46,0,1.1194,1.0411,111.08,5.725,5,1,0,0.000506,6.949383,1,6.05,0.00581,1,0,0,0,1
NBM-2026-000923,3421.16,11,9,3025.65,0.467,0,0,0,2539,0.437,0,2957.07,3875482.39,3447.01,0,1.1307,1.1569,395.51,6.951,6,1,0,0.000883,8.138027,1,25.85,0.00756,1,0,0,1,0
NBM-2026-000924,1071.54,12,6,1031.53,0.139,0,0,0,4686,0.124,0,980.14,1725703.64,1095.23,0,1.0388,1.0933,40.01,12.83,3,0,0,0.000621,6.977782,1,23.7,0.02211,0,0,1,1,0
NBM-2026-000925,1999.36,18,4,1770.79,0.461,0,0,0,1371,0.348,0,1658.63,2692523.1,2008.32,0,1.1291,1.2054,228.57,3.754,1,0,0,0.000743,7.601083,1,8.96,0.00448,1,0,0,0,1
NBM-2026-000926,1755.68,14,7,1035.83,2.482,0,0,0,4407,0.335,0,1028.12,3747620.23,1740.94,0,1.695,1.7077,719.85,12.066,0,0,0,0.000468,7.471183,1,14.74,0.0084,1,0,0,1,0
NBM-2026-000927,6548.49,15,11,6505.53,0.024,0,0,0,3103,0.205,0,6319.03,3133032.06,6597.11,0,1.0066,1.0363,42.96,8.496,2,0,0,0.00209,8.787143,1,48.61,0.00742,1,0,0,1,0
NBM-2026-000928,5902.11,15,1,2402.69,5.202,0,0,0,3482,0.108,0,2545.48,4022546.62,6808.78,0,2.4565,2.3187,3499.41,9.533,2,0,0,0.001467,8.683234,1,906.68,0.15362,1,0,0,1,0
NBM-2026-000929,707.71,17,5,809.28,-0.448,0,0,0,3580,0.156,0,800.7,2687343.88,701.76,0,0.8745,0.8839,-101.57,9.802,6,1,0,0.000263,6.563448,1,5.95,0.00841,1,0,0,0,1
NBM-2026-000930,1389.14,8,9,1489.97,-0.242,0,0,0,2512,0.282,0,1406.92,3505170.74,1368.19,0,0.9323,0.9874,-100.83,6.877,1,0,0,0.000396,7.237157,1,20.94,0.01508,0,1,0,0,1
NBM-2026-000931,2891.67,18,4,3445.7,-0.574,0,0,0,3351,0.283,0,3199.39,2146649.08,2875.65,0,0.8392,0.9038,-554.02,9.175,2,0,0,0.001347,7.969936,1,16.02,0.00554,0,1,0,1,0
NBM-2026-000932,1498.63,11,6,1200.09,0.888,0,0,0,1299,0.243,0,1147.99,2500537.08,1476.57,0,1.2488,1.3054,298.53,3.556,3,0,0,0.000599,7.312971,1,22.05,0.01472,1,0,0,0,1
NBM-2026-000933,10611.15,12,7,12822.06,-0.616,0,0,0,2165,0.827,0,12245.4,1610406.81,10565.92,0,0.8276,0.8665,-2210.91,5.927,4,0,0,0.006589,9.269755,1,45.23,0.00426,0,1,0,1,0
NBM-2026-000934,11257.49,13,7,10502.81,0.257,0,0,0,687,0.589,0,9872.48,2479500.2,11233.51,0,1.0719,1.1403,754.68,1.881,1,0,0,0.00454,9.328878,1,23.98,0.00213,1,0,0,1,0
NBM-2026-000935,2103.1,8,8,1885.63,0.412,0,0,0,4578,0.199,0,1984.95,917246.67,0.0,0,1.1153,1.0595,217.47,12.534,1,0,0,0.002293,7.651643,0,0.0,0.0,1,0,0,1,0
NBM-2026-000936,1462.3,15,1,1225.71,0.689,0,0,0,4348,0.232,0,1279.0,3351542.07,1466.97,0,1.193,1.1433,236.58,11.904,1,0,0,0.000436,7.288447,1,4.67,0.0032,1,0,0,0,1
NBM-2026-000937,17505.81,9,4,16184.51,0.292,0,0,0,203,0.314,0,14950.99,894040.16,0.0,0,1.0816,1.1709,1321.3,0.556,5,1,0,0.019581,9.770345,0,0.0,0.0,1,0,0,0,1
NBM-2026-000938,1248.01,18,4,1396.55,-0.38,0,0,0,1578,0.428,0,1294.81,774785.93,0.0,0,0.8936,0.9639,-148.53,4.32,1,0,0,0.001611,7.130107,0,0.0,0.0,0,1,0,0,1
NBM-2026-000939,3887.42,16,9,4364.16,-0.39,0,0,0,2772,0.193,0,4020.86,1495744.84,3907.18,0,0.8908,0.9668,-476.74,7.589,1,0,0,0.002599,8.265759,1,19.76,0.00508,0,1,0,0,1
NBM-2026-000940,2853.16,12,2,2819.03,0.043,0,0,0,4058,0.22,0,2664.42,692837.95,2869.31,0,1.0121,1.0708,34.13,11.11,6,1,0,0.004118,7.956532,1,16.15,0.00566,1,0,0,1,0
NBM-2026-000941,1774.69,15,6,3025.65,-1.477,0,0,0,2539,0.437,0,2820.02,3119985.95,1782.25,0,0.5865,0.6293,-1250.97,6.951,0,0,0,0.000569,7.481942,1,7.56,0.00426,1,0,0,0,1
NBM-2026-000942,2001.87,9,10,1710.93,0.607,0,0,0,220,0.179,0,1649.9,1263254.22,2000.94,0,1.17,1.2133,290.94,0.602,0,0,0,0.001585,7.602337,1,0.94,0.00047,0,1,0,1,0
NBM-2026-000943,5589.22,12,4,5830.24,-0.148,0,0,0,4419,0.146,0,6244.18,2380789.19,5580.86,0,0.9587,0.8951,-241.02,12.099,6,1,0,0.002348,8.628774,1,8.36,0.0015,1,0,0,1,0
NBM-2026-000944,12220.86,13,5,10878.56,0.441,0,0,0,3268,0.211,0,10990.04,2598081.9,0.0,0,1.1234,1.112,1342.3,8.947,2,0,0,0.004704,9.410981,0,0.0,0.0,1,0,0,0,1
NBM-2026-000945,6163.54,8,7,6118.96,0.026,0,0,0,4064,0.096,0,5787.22,2642938.53,6116.9,0,1.0073,1.065,44.58,11.127,3,0,0,0.002332,8.726569,1,46.64,0.00757,1,0,0,0,1
NBM-2026-000946,1590.32,16,6,1615.49,-0.056,0,0,0,2011,0.432,0,1728.84,4313195.09,0.0,0,0.9844,0.9199,-25.17,5.506,2,0,0,0.000369,7.37232,0,0.0,0.0,0,0,1,1,0
NBM-2026-000947,1628.4,7,4,1744.87,-0.238,0,0,0,2920,0.202,0,1786.95,1601437.68,1621.65,0,0.9333,0.9113,-116.47,7.995,1,0,1,0.001017,7.39597,1,6.76,0.00415,1,0,0,1,0
NBM-2026-000948,10791.02,10,6,11787.26,-0.302,0,0,0,1380,0.482,0,10908.94,1828544.54,10821.45,0,0.9155,0.9892,-996.24,3.778,0,0,0,0.005901,9.286562,1,30.43,0.00282,0,1,0,0,1
NBM-2026-000949,14017.58,13,4,12822.06,0.333,0,0,0,2165,0.827,0,12989.94,1811080.77,14051.93,0,1.0932,1.0791,1195.52,5.927,1,0,0,0.00774,9.548139,1,34.35,0.00245,0,1,0,1,0
NBM-2026-000950,5437.58,7,8,4945.97,0.355,0,0,0,3299,0.116,0,4901.41,1355699.72,0.0,0,1.0994,1.1094,491.6,9.032,1,0,1,0.004011,8.601272,0,0.0,0.0,0,1,0,1,0
NBM-2026-000951,11181.58,11,3,11787.26,-0.184,0,0,0,1380,0.482,0,12353.44,1855335.0,11135.22,0,0.9486,0.9051,-605.68,3.778,2,0,0,0.006027,9.322112,1,46.35,0.00415,0,1,0,0,1
NBM-2026-000952,1764.93,16,6,1770.79,-0.012,0,0,0,1371,0.348,0,1812.0,2549412.05,1767.11,0,0.9967,0.974,-5.86,3.754,4,0,0,0.000692,7.476435,1,2.18,0.00123,1,0,0,1,0
NBM-2026-000953,3297.31,11,8,3455.75,-0.164,0,0,0,3780,0.288,0,3462.15,669561.76,3292.87,0,0.9542,0.9524,-158.45,10.349,0,0,0,0.004925,8.101164,1,4.43,0.00134,1,0,0,1,0
NBM-2026-000954,3048.32,17,7,3025.65,0.027,0,0,0,2539,0.437,0,3103.23,2964729.58,3065.04,0,1.0075,0.9823,22.66,6.951,5,1,0,0.001028,8.022673,1,16.72,0.00548,1,0,0,1,0
NBM-2026-000955,16959.41,13,6,12822.06,1.152,0,0,0,2165,0.827,0,12086.92,852267.3,16842.0,0,1.3227,1.4031,4137.35,5.927,4,0,0,0.019899,9.738637,1,117.42,0.00692,1,0,0,0,1
NBM-2026-000956,417.58,10,4,389.61,0.256,0,0,0,1245,0.258,0,391.24,3545842.22,417.08,0,1.0718,1.0673,27.97,3.409,6,1,0,0.000118,6.036863,1,0.5,0.00119,1,0,0,1,0
NBM-2026-000957,3208.94,14,6,3008.58,0.238,0,0,0,70,0.274,0,3000.64,3922563.02,3225.68,0,1.0666,1.0694,200.36,0.192,4,0,0,0.000818,8.074007,1,16.74,0.00522,1,0,0,1,0
NBM-2026-000958,6807.46,9,7,6957.32,-0.077,0,0,0,1365,0.176,0,6538.82,4009729.07,6791.21,0,0.9785,1.0411,-149.86,3.737,5,1,0,0.001698,8.825921,1,16.25,0.00239,0,0,1,0,1
NBM-2026-000959,1049.73,18,12,1243.33,-0.556,0,0,0,2280,0.328,0,1251.19,1362820.69,1055.4,0,0.8443,0.839,-193.61,6.242,3,0,0,0.00077,6.957236,1,5.68,0.00541,1,0,0,0,1
NBM-2026-000960,2142.45,16,11,1949.21,0.354,0,0,0,1778,0.893,0,1798.31,915098.55,2168.35,0,1.0991,1.1914,193.23,4.868,3,0,0,0.002341,7.67017,1,25.9,0.01209,1,0,0,0,1
NBM-2026-000961,4501.69,8,13,4165.4,0.288,0,0,0,4087,0.163,0,4089.74,3299247.06,4542.16,0,1.0807,1.1007,336.29,11.19,0,0,0,0.001364,8.41243,1,40.47,0.00899,0,1,0,1,0
NBM-2026-000962,1084.75,10,8,1183.68,-0.299,0,0,0,1442,0.206,0,1182.32,3188274.87,1084.94,0,0.9164,0.9175,-98.94,3.948,6,1,0,0.00034,6.990025,1,0.19,0.00017,0,1,0,1,0
NBM-2026-000963,667.01,7,4,763.89,-0.453,0,0,0,453,0.133,0,795.11,1757633.55,676.61,0,0.8732,0.8389,-96.89,1.24,2,0,1,0.000379,6.504298,1,9.6,0.0144,0,1,0,0,1
NBM-2026-000964,13243.4,12,4,12512.73,0.209,0,0,0,3033,0.511,0,11984.94,1185982.52,13354.61,0,1.0584,1.105,730.68,8.304,5,1,0,0.011167,9.49133,1,111.21,0.0084,0,1,0,0,1
NBM-2026-000965,2714.8,12,6,2876.97,-0.201,0,0,0,1386,0.056,0,3077.15,2963877.72,2731.12,0,0.9436,0.8822,-162.17,3.795,1,0,0,0.000916,7.906842,1,16.32,0.00601,0,0,1,0,1
NBM-2026-000966,2533.48,13,7,2537.83,-0.006,0,0,0,4586,0.195,0,2508.84,1763142.11,2500.16,0,0.9983,1.0098,-4.36,12.556,6,1,0,0.001437,7.837742,1,33.32,0.01315,1,0,0,1,0
NBM-2026-000967,4416.14,20,5,1293.61,8.621,0,0,0,610,0.94,1,1248.11,924659.04,4366.26,0,3.4138,3.5383,3122.52,1.67,2,0,1,0.004776,8.393247,1,49.88,0.0113,1,0,0,1,0
NBM-2026-000968,2128.1,8,9,2171.13,-0.071,0,0,0,2428,0.21,0,2272.43,1505634.22,2128.44,0,0.9802,0.9365,-43.03,6.648,5,1,0,0.001413,7.663456,1,0.34,0.00016,1,0,0,0,1
NBM-2026-000969,4401.86,18,6,4141.47,0.225,0,0,0,3829,0.613,0,3838.12,1811473.74,4396.87,0,1.0629,1.1469,260.39,10.483,6,1,0,0.00243,8.390009,1,4.98,0.00113,1,0,0,1,0
NBM-2026-000970,1443.1,11,6,1482.32,-0.094,0,0,0,1927,0.944,0,1461.35,1060616.21,1441.02,0,0.9735,0.9875,-39.22,5.276,4,0,0,0.001361,7.275239,1,2.08,0.00144,1,0,0,1,0
NBM-2026-000971,2094.08,16,7,2537.83,-0.624,0,0,0,4586,0.195,0,2442.37,2089305.34,2073.81,0,0.8251,0.8574,-443.76,12.556,1,0,0,0.001002,7.647347,1,20.27,0.00968,1,0,0,0,1
NBM-2026-000972,5475.35,13,4,1953.96,6.436,0,0,0,155,0.37,0,1970.08,3243446.9,5481.55,0,2.8022,2.7793,3521.39,0.424,4,0,0,0.001688,8.608195,1,6.2,0.00113,1,0,0,0,1
NBM-2026-000973,1680.39,18,3,1757.01,-0.156,0,0,0,3783,0.792,0,1722.2,3238292.46,1688.2,0,0.9564,0.9757,-76.62,10.357,4,0,0,0.000519,7.427374,1,7.81,0.00465,0,1,0,0,1
NBM-2026-000974,2837.32,13,6,2627.48,0.285,0,0,0,3373,0.157,0,2766.67,2365507.62,2806.8,0,1.0799,1.0255,209.84,9.235,4,0,0,0.001199,7.950969,1,30.53,0.01076,1,0,0,1,0
NBM-2026-000975,3289.2,11,5,2876.97,0.512,0,0,0,1386,0.056,0,3054.25,1746909.73,3267.39,0,1.1433,1.0769,412.23,3.795,1,0,0,0.001883,8.098704,1,21.81,0.00663,0,1,0,1,0
NBM-2026-000976,7197.1,14,10,6770.82,0.225,0,0,0,842,0.175,0,6702.47,2678388.56,7234.67,0,1.063,1.0738,426.28,2.305,6,1,0,0.002687,8.881572,1,37.57,0.00522,1,0,0,0,1
NBM-2026-000977,3287.76,10,2,1480.76,4.358,0,0,0,4511,0.403,0,1450.14,4244888.69,3304.32,0,2.2203,2.2672,1807.0,12.35,5,1,0,0.000775,8.098266,1,16.56,0.00504,0,0,1,0,1
NBM-2026-000978,4499.66,11,4,4905.48,-0.295,0,0,0,3338,0.244,0,4676.71,1941836.37,4547.43,0,0.9173,0.9621,-405.82,9.139,5,1,0,0.002317,8.411979,1,47.78,0.01062,0,0,1,1,0
NBM-2026-000979,2307.65,14,4,1757.01,1.119,0,0,0,3783,0.792,0,1784.39,915354.83,2315.55,0,1.3134,1.2932,550.64,10.357,5,1,0,0.002521,7.744419,1,7.9,0.00342,1,0,0,1,0
NBM-2026-000980,1270.08,17,7,1489.97,-0.527,0,0,0,2512,0.282,0,1417.68,964691.95,1266.73,0,0.8524,0.8959,-219.89,6.877,5,1,0,0.001317,7.147621,1,3.35,0.00264,1,0,0,1,0
NBM-2026-000981,1644.34,17,4,1744.87,-0.206,0,0,0,2920,0.202,0,1783.29,2217836.32,1646.31,0,0.9424,0.9221,-100.53,7.995,3,0,0,0.000741,7.405703,1,1.97,0.0012,0,1,0,1,0
NBM-2026-000982,6268.61,9,12,4624.52,1.27,0,0,0,3812,0.069,0,4779.31,3811863.09,6318.14,0,1.3555,1.3116,1644.08,10.437,0,0,0,0.001644,8.743469,1,49.53,0.0079,1,0,0,1,0
NBM-2026-000983,2511.34,11,10,2514.79,-0.005,0,0,0,3279,0.185,0,2703.73,1322939.44,2487.05,0,0.9986,0.9288,-3.45,8.977,3,0,0,0.001898,7.82897,1,24.29,0.00967,0,0,1,0,1
NBM-2026-000984,2141.84,16,16,2144.43,-0.004,0,0,0,359,0.198,0,2033.06,2949196.71,2145.22,0,0.9988,1.0535,-2.59,0.983,0,0,0,0.000726,7.669888,1,3.38,0.00158,0,1,0,1,0
NBM-2026-000985,1203.42,18,8,1489.97,-0.687,0,0,0,2512,0.282,0,1599.54,1385887.32,0.0,0,0.8077,0.7524,-286.54,6.877,3,0,0,0.000868,7.093756,0,0.0,0.0,1,0,0,1,0
NBM-2026-000986,2991.36,14,9,3622.17,-0.622,0,0,0,161,0.481,0,3594.03,2620958.57,2937.3,0,0.8258,0.8323,-630.81,0.441,5,1,0,0.001141,8.003819,1,54.06,0.01807,1,0,0,0,1
NBM-2026-000987,782.69,8,3,837.19,-0.232,0,0,0,5071,0.061,0,892.23,2266583.4,782.26,0,0.9349,0.8772,-54.5,13.884,0,0,0,0.000345,6.66401,1,0.43,0.00055,0,0,1,0,1
NBM-2026-000988,443.44,18,11,471.97,-0.216,0,0,0,4127,0.238,0,448.81,673054.65,443.92,0,0.9395,0.988,-28.54,11.299,2,0,0,0.000659,6.096805,1,0.49,0.0011,1,0,0,0,1
NBM-2026-000989,3007.7,7,9,3025.65,-0.021,0,0,0,2539,0.437,0,2966.85,3927276.39,2979.5,0,0.9941,1.0138,-17.95,6.951,2,0,1,0.000766,8.009264,1,28.21,0.00938,1,0,0,1,0
NBM-2026-000990,8007.72,9,7,6957.32,0.539,0,0,0,1365,0.176,0,6919.02,696034.75,7880.35,0,1.151,1.1573,1050.4,3.737,2,0,0,0.011505,8.988286,1,127.37,0.01591,1,0,0,0,1
NBM-2026-000991,5947.89,18,4,6118.96,-0.1,0,0,0,4064,0.096,0,6161.45,1461281.8,5931.49,0,0.972,0.9653,-171.07,11.127,4,0,0,0.00407,8.69096,1,16.4,0.00276,1,0,0,0,1
NBM-2026-000992,13847.75,13,2,17801.94,-0.793,0,0,0,3901,0.478,0,18463.74,3836227.83,0.0,0,0.7779,0.75,-3954.2,10.68,0,0,0,0.00361,9.53595,0,0.0,0.0,0,1,0,1,0
NBM-2026-000993,2653.49,18,6,1928.65,1.342,0,0,0,4140,0.214,0,1842.07,1562611.89,2662.39,0,1.3758,1.4405,724.84,11.335,1,0,0,0.001698,7.884008,1,8.9,0.00335,0,1,0,1,0
NBM-2026-000994,5260.0,18,4,5794.06,-0.329,0,0,0,3354,0.091,0,5796.81,1289843.59,5333.38,0,0.9078,0.9074,-534.06,9.183,5,1,0,0.004078,8.568077,1,73.38,0.01395,0,1,0,1,0
NBM-2026-000995,5519.07,10,7,5418.23,0.066,0,0,0,424,0.424,0,5273.06,1927494.85,5509.33,0,1.0186,1.0467,100.84,1.161,4,0,0,0.002863,8.616146,1,9.74,0.00176,1,0,0,1,0
NBM-2026-000996,1767.23,16,6,1688.12,0.167,0,0,0,2703,0.093,0,1664.23,2089993.6,1753.84,0,1.0469,1.0619,79.11,7.4,0,0,0,0.000846,7.477737,1,13.4,0.00758,1,0,0,1,0
NBM-2026-000997,4156.82,21,12,3899.75,0.235,0,0,0,4863,0.089,0,4140.47,925724.18,4183.09,0,1.0659,1.0039,257.07,13.314,1,0,1,0.00449,8.332747,1,26.26,0.00632,0,0,1,1,0
NBM-2026-000998,4522.3,7,13,3953.43,0.514,0,0,0,4788,0.198,0,3642.87,3711546.72,4511.42,0,1.1439,1.2414,568.86,13.109,3,0,1,0.001218,8.416996,1,10.88,0.00241,0,1,0,1,0
NBM-2026-000999,4136.42,5,8,4025.99,0.098,0,0,0,1528,0.342,0,3945.67,1265282.07,4158.69,0,1.0274,1.0483,110.42,4.183,2,0,1,0.003269,8.327827,1,22.27,0.00538,0,1,0,1,0
NBM-2026-001000,8758.86,15,9,10878.56,-0.696,0,0,0,3268,0.211,0,11686.13,3708400.84,8773.66,0,0.8051,0.7495,-2119.7,8.947,3,0,0,0.002362,9.077935,1,14.8,0.00169,0,0,1,1,0
NBM-2026-001001,833.46,16,10,1031.53,-0.686,0,0,0,4686,0.124,0,1095.93,1652810.19,836.84,0,0.808,0.7605,-198.07,12.83,2,0,0,0.000504,6.726784,1,3.38,0.00406,1,0,0,1,0
NBM-2026-001002,2336.52,13,6,2367.24,-0.046,0,0,0,4661,0.267,0,2463.63,1610876.97,2309.63,0,0.987,0.9484,-30.72,12.761,5,1,0,0.00145,7.756847,1,26.9,0.01151,0,0,1,1,0
NBM-2026-001003,3644.15,11,6,3455.75,0.195,0,0,0,3780,0.288,0,3568.76,1498939.43,3648.34,0,1.0545,1.0211,188.4,10.349,6,1,0,0.002431,8.201154,1,4.19,0.00115,1,0,0,0,1
NBM-2026-001004,58247.73,18,8,22523.71,5.665,0,0,0,3744,0.521,0,21566.99,2980495.59,58142.55,0,2.5861,2.7008,35724.03,10.251,3,0,0,0.019543,10.972478,1,105.18,0.00181,1,0,0,0,1
NBM-2026-001005,921.05,12,5,901.45,0.078,0,0,0,170,0.64,0,947.95,1522326.81,924.16,0,1.0217,0.9716,19.6,0.465,2,0,0,0.000605,6.826601,1,3.11,0.00338,0,1,0,0,1
NBM-2026-001006,800.19,18,7,763.89,0.17,0,0,0,453,0.133,0,799.02,2128423.97,811.8,0,1.0475,1.0015,36.3,1.24,6,1,0,0.000376,6.686104,1,11.61,0.0145,0,1,0,0,1
NBM-2026-001007,1545.55,18,10,1572.74,-0.062,0,0,0,2441,0.07,0,1447.61,1996793.43,1562.61,0,0.9827,1.0677,-27.19,6.683,0,0,0,0.000774,7.343782,1,17.06,0.01104,0,1,0,1,0
NBM-2026-001008,1841.76,18,4,1887.06,-0.086,0,0,0,946,0.718,0,2002.7,2938142.8,1850.26,0,0.976,0.9196,-45.3,2.59,3,0,0,0.000627,7.519018,1,8.5,0.00462,0,1,0,1,0
NBM-2026-001009,2664.21,13,5,2972.03,-0.37,0,0,0,3802,0.253,0,2972.43,3081269.33,2686.28,0,0.8964,0.8963,-307.82,10.409,2,0,0,0.000865,7.888039,1,22.07,0.00828,1,0,0,1,0
NBM-2026-001010,619.65,17,6,638.85,-0.107,0,0,0,4905,0.109,0,662.18,3675074.91,620.25,0,0.9699,0.9358,-19.21,13.429,0,0,0,0.000169,6.430766,1,0.6,0.00097,0,1,0,0,1
NBM-2026-001011,1813.58,11,5,1887.06,-0.139,0,0,0,946,0.718,0,1954.85,1885625.46,1827.13,0,0.9611,0.9277,-73.49,2.59,0,0,0,0.000962,7.503607,1,13.55,0.00747,1,0,0,0,1
NBM-2026-001012,2734.8,15,2,1498.56,2.946,0,0,0,2936,0.067,0,1606.59,2518413.27,2721.08,0,1.825,1.7022,1236.24,8.038,5,1,0,0.001086,7.914178,1,13.72,0.00502,1,0,0,0,1
NBM-2026-001013,1603.51,11,11,1770.79,-0.337,0,0,0,1371,0.348,0,1873.68,3669126.52,1602.64,0,0.9055,0.8558,-167.29,3.754,1,0,0,0.000437,7.380572,1,0.87,0.00054,0,1,0,0,1
NBM-2026-001014,1015.73,9,9,1194.41,-0.534,0,0,0,1234,0.179,0,1124.9,3613382.47,1012.81,0,0.8504,0.9029,-178.68,3.379,0,0,0,0.000281,6.924344,1,2.92,0.00287,0,0,1,1,0
NBM-2026-001015,12859.78,18,2,13381.57,-0.139,0,0,0,3381,0.059,0,13327.06,2883964.52,0.0,0,0.961,0.9649,-521.79,9.257,5,1,0,0.004459,9.461938,0,0.0,0.0,1,0,0,1,0
NBM-2026-001016,3011.65,7,6,2643.23,0.498,0,0,0,4084,0.294,0,2651.78,2701190.89,0.0,0,1.1394,1.1357,368.41,11.181,2,0,1,0.001115,8.010575,0,0.0,0.0,1,0,0,1,0
NBM-2026-001017,740.33,15,6,837.19,-0.413,0,0,0,5071,0.061,0,807.13,976691.37,745.85,0,0.8843,0.9172,-96.86,13.884,3,0,0,0.000758,6.60844,1,5.52,0.00746,1,0,0,0,1
NBM-2026-001018,849.32,8,6,763.89,0.399,0,0,0,453,0.133,0,799.22,3097487.98,852.13,0,1.1118,1.0627,85.42,1.24,3,0,0,0.000274,6.745607,1,2.81,0.00331,1,0,0,0,1
NBM-2026-001019,6102.78,13,8,5419.61,0.45,0,0,0,2924,0.132,0,5131.24,1137471.17,6104.4,0,1.1261,1.1893,683.17,8.005,6,1,0,0.005365,8.716664,1,1.62,0.00026,0,1,0,1,0
NBM-2026-001020,13817.75,9,12,14186.61,-0.093,0,0,0,3670,0.787,0,13654.2,3162330.42,13801.3,0,0.974,1.012,-368.86,10.048,4,0,0,0.004369,9.533781,1,16.44,0.00119,0,1,0,0,1
NBM-2026-001021,6885.72,11,3,10069.78,-1.129,0,0,0,2043,0.316,0,10082.94,3100490.72,0.0,0,0.6838,0.6829,-3184.06,5.593,1,0,0,0.002221,8.83735,0,0.0,0.0,1,0,0,1,0
NBM-2026-001022,1712.25,7,9,1480.76,0.558,0,0,0,4511,0.403,0,1392.85,2949679.85,1728.82,0,1.1563,1.2293,231.49,12.35,1,0,1,0.00058,7.446145,1,16.58,0.00968,0,1,0,1,0
NBM-2026-001023,9986.04,6,4,6058.16,2.316,1,0,0,3698,0.263,0,6383.02,1524197.4,10857.74,0,1.6484,1.5645,3927.88,10.125,2,0,1,0.006552,9.209043,1,871.7,0.08729,1,0,0,1,0
NBM-2026-001024,6424.99,17,13,4905.48,1.106,0,0,0,3338,0.244,0,5161.73,2101675.87,6372.15,0,1.3098,1.2447,1519.51,9.139,6,1,0,0.003057,8.768106,1,52.84,0.00822,0,1,0,0,1
NBM-2026-001025,3257.25,17,4,3495.13,-0.243,0,0,0,3655,0.463,0,3254.99,3551306.22,3249.77,0,0.9319,1.0007,-237.88,10.007,5,1,0,0.000917,8.088947,1,7.49,0.0023,1,0,0,0,1
NBM-2026-001026,2575.17,9,2,2972.03,-0.477,0,0,0,3802,0.253,0,3049.92,4082711.05,2616.33,0,0.8665,0.8443,-396.86,10.409,0,0,0,0.000631,7.854058,1,41.16,0.01599,1,0,0,0,1
NBM-2026-001027,4610.38,18,9,3953.43,0.593,0,0,0,4788,0.198,0,4187.04,2052281.65,4636.52,0,1.1662,1.1011,656.95,13.109,2,0,0,0.002246,8.436283,1,26.14,0.00567,0,1,0,0,1
NBM-2026-001028,2208.42,18,8,2080.22,0.22,0,0,0,812,0.024,0,2088.13,3907054.4,2221.08,0,1.0616,1.0576,128.2,2.223,6,1,0,0.000565,7.700488,1,12.66,0.00573,1,0,0,0,1
NBM-2026-001029,6174.47,16,6,5975.02,0.119,0,0,0,4283,0.405,0,5943.92,3190651.22,6149.55,0,1.0334,1.0388,199.45,11.726,1,0,0,0.001935,8.72834,1,24.92,0.00404,1,0,0,1,0
NBM-2026-001030,1321.52,21,6,1200.09,0.361,0,0,0,1299,0.243,0,1258.54,3826202.67,1329.12,0,1.1012,1.05,121.43,3.556,0,0,1,0.000345,7.187297,1,7.6,0.00575,1,0,0,1,0
NBM-2026-001031,1487.6,18,5,1489.97,-0.006,0,0,0,2512,0.282,0,1424.79,768525.26,1473.32,0,0.9984,1.0441,-2.36,6.877,1,0,0,0.001936,7.305593,1,14.29,0.0096,1,0,0,1,0
NBM-2026-001032,2868.46,15,4,2643.23,0.304,0,0,0,4084,0.294,0,2556.11,3376862.21,0.0,0,1.0852,1.1222,225.23,11.181,6,1,0,0.000849,7.961881,0,0.0,0.0,1,0,0,0,1
NBM-2026-001033,590.53,7,6,638.85,-0.27,0,0,0,4905,0.109,0,592.31,2658615.6,0.0,0,0.9244,0.997,-48.33,13.429,6,1,1,0.000222,6.38271,0,0.0,0.0,1,0,0,0,1
NBM-2026-001034,3318.24,8,6,3455.75,-0.142,0,0,0,3780,0.288,0,3423.95,2060325.38,3320.28,0,0.9602,0.9691,-137.51,10.349,0,0,0,0.001611,8.107492,1,2.04,0.00061,1,0,0,1,0
NBM-2026-001035,4998.15,18,6,4389.65,0.495,0,0,0,3925,0.211,0,4349.33,3522380.12,5027.06,0,1.1386,1.1492,608.5,10.746,6,1,0,0.001419,8.517023,1,28.91,0.00578,1,0,0,0,1
NBM-2026-001036,436.36,16,7,402.7,0.299,0,0,0,681,0.101,0,429.5,3379677.93,439.73,0,1.0836,1.016,33.66,1.864,4,0,0,0.000129,6.080746,1,3.38,0.00774,0,1,0,0,1
NBM-2026-001037,2227.33,9,5,2402.69,-0.261,0,0,0,3482,0.108,0,2421.48,733385.07,2222.38,0,0.927,0.9198,-175.36,9.533,4,0,0,0.003037,7.709008,1,4.94,0.00222,0,1,0,1,0
NBM-2026-001038,2961.34,8,7,2985.48,-0.029,0,0,0,3200,0.206,0,2896.18,1154858.64,2943.6,0,0.9919,1.0225,-24.13,8.761,4,0,0,0.002564,7.993736,1,17.74,0.00599,1,0,0,1,0
NBM-2026-001039,5896.16,13,7,5327.79,0.381,0,0,0,4121,0.198,0,4953.86,1005036.96,5842.41,0,1.1067,1.1902,568.37,11.283,0,0,0,0.005867,8.682227,1,53.75,0.00912,1,0,0,1,0
NBM-2026-001040,1424.89,18,9,1572.74,-0.336,0,0,0,2441,0.07,0,1568.39,1150344.55,1427.55,0,0.906,0.9085,-147.85,6.683,6,1,0,0.001239,7.262553,1,2.66,0.00187,1,0,0,1,0
NBM-2026-001041,4404.57,10,5,3497.04,0.927,0,0,0,933,0.152,0,3759.29,1840595.59,4353.67,0,1.2595,1.1716,907.52,2.554,5,1,0,0.002393,8.390625,1,50.9,0.01156,1,0,0,1,0
NBM-2026-001042,1146.68,18,5,1005.18,0.503,0,0,0,3898,0.251,0,1013.54,1078185.08,1142.76,0,1.1408,1.1314,141.5,10.672,5,1,0,0.001064,7.045499,1,3.92,0.00342,1,0,0,1,0
NBM-2026-001043,545.64,9,4,582.02,-0.223,0,0,0,4458,0.334,0,580.54,806827.71,556.35,0,0.9375,0.9399,-36.38,12.205,3,0,0,0.000676,6.303796,1,10.71,0.01963,1,0,0,1,0
NBM-2026-001044,2845.79,9,8,2537.83,0.433,0,0,0,4586,0.195,0,2439.02,4066194.11,2863.54,0,1.1213,1.1668,307.95,12.556,2,0,0,0.0007,7.953947,1,17.75,0.00624,1,0,0,1,0
NBM-2026-001045,2059.19,12,8,2643.23,-0.789,0,0,0,4084,0.294,0,2549.4,2296982.58,2056.01,0,0.779,0.8077,-584.05,11.181,0,0,0,0.000896,7.630551,1,3.18,0.00154,1,0,0,1,0
NBM-2026-001046,7332.92,15,10,6034.86,0.768,0,0,0,4735,0.253,0,6030.16,2544114.28,7335.99,0,1.2151,1.216,1298.06,12.964,6,1,0,0.002882,8.900266,1,3.06,0.00042,1,0,0,0,1
NBM-2026-001047,1932.45,11,9,1953.96,-0.039,0,0,0,155,0.37,0,2063.67,3755161.09,1944.42,0,0.989,0.9364,-21.51,0.424,3,0,0,0.000515,7.567063,1,11.97,0.0062,1,0,0,1,0
NBM-2026-001048,5665.84,1,4,2008.53,6.503,0,1,1,2820,0.171,0,2022.3,3650968.56,5692.08,0,2.8209,2.8017,3657.31,7.721,5,1,1,0.001552,8.642387,1,26.24,0.00463,1,0,0,0,1
NBM-2026-001049,3098.68,14,4,3455.75,-0.369,0,0,0,3780,0.288,0,3439.8,2170510.25,3048.05,0,0.8967,0.9008,-357.08,10.349,1,0,0,0.001428,8.039053,1,50.62,0.01634,0,1,0,1,0
NBM-2026-001050,4088.56,11,7,4624.52,-0.414,0,0,0,3812,0.069,0,4572.67,753881.32,4083.92,0,0.8841,0.8941,-535.96,10.437,1,0,0,0.005423,8.316193,1,4.65,0.00114,1,0,0,0,1
NBM-2026-001051,2469.5,7,6,3025.65,-0.656,0,0,0,2539,0.437,0,2992.24,4301646.24,2497.77,0,0.8162,0.8253,-556.15,6.951,1,0,1,0.000574,7.812175,1,28.27,0.01145,1,0,0,1,0
NBM-2026-001052,1577.21,13,11,1695.06,-0.248,0,0,0,2969,0.158,0,1781.44,2565058.36,1579.01,0,0.9305,0.8854,-117.85,8.129,5,1,0,0.000615,7.364046,1,1.8,0.00114,1,0,0,0,1
NBM-2026-001053,7145.2,12,6,6957.32,0.096,0,0,0,1365,0.176,0,6550.14,3090852.57,7096.39,0,1.027,1.0908,187.89,3.737,5,1,0,0.002312,8.874336,1,48.81,0.00683,1,0,0,1,0
NBM-2026-001054,1259.71,17,9,1183.68,0.229,0,0,0,1442,0.206,0,1161.84,2570336.11,1256.49,0,1.0642,1.0842,76.02,3.948,5,1,0,0.00049,7.139429,1,3.22,0.00256,0,0,1,0,1
NBM-2026-001055,1759.63,11,4,2247.42,-0.775,0,0,0,871,0.325,0,2236.51,3763781.54,1780.88,0,0.783,0.7868,-487.79,2.385,2,0,0,0.000468,7.473427,1,21.25,0.01208,1,0,0,0,1
NBM-2026-001056,2407.47,10,12,2144.43,0.438,0,0,0,359,0.198,0,2019.43,2692277.71,2384.69,0,1.1227,1.1922,263.05,0.983,4,0,0,0.000894,7.786749,1,22.78,0.00946,1,0,0,0,1
NBM-2026-001057,4211.72,7,10,4086.97,0.109,0,0,0,4714,0.069,0,4240.91,2541131.08,4259.79,0,1.0305,0.9931,124.75,12.906,0,0,1,0.001657,8.345864,1,48.07,0.01141,1,0,0,1,0
NBM-2026-001058,2353.96,18,2,1398.92,2.438,0,1,0,4013,0.179,0,1297.37,1946190.63,0.0,0,1.6827,1.8144,955.04,10.987,2,0,0,0.00121,7.76428,0,0.0,0.0,1,0,0,0,1
NBM-2026-001059,1865.99,16,4,2130.86,-0.444,0,0,0,3580,0.368,0,2017.55,1157717.46,1896.97,0,0.8757,0.9249,-264.87,9.802,5,1,0,0.001612,7.532083,1,30.98,0.0166,0,1,0,1,0
NBM-2026-001060,1713.33,11,11,1698.57,0.031,0,0,0,1319,0.578,0,1731.82,1375140.64,1715.5,0,1.0087,0.9893,14.75,3.611,5,1,0,0.001246,7.446775,1,2.17,0.00127,0,0,1,0,1
NBM-2026-001061,2144.0,8,11,1498.56,1.538,0,0,0,2936,0.067,0,1550.29,2802764.65,2120.34,0,1.4307,1.383,645.44,8.038,1,0,0,0.000765,7.670893,1,23.65,0.01103,0,0,1,0,1
NBM-2026-001062,3659.93,0,5,1849.78,3.495,0,1,1,263,0.256,0,1754.48,3011710.92,3698.09,0,1.9786,2.086,1810.15,0.72,4,0,1,0.001215,8.205471,1,38.17,0.01043,0,1,0,0,1
NBM-2026-001063,15690.42,11,6,16184.51,-0.109,0,0,0,203,0.314,0,16390.27,1860246.89,15395.38,0,0.9695,0.9573,-494.09,0.556,5,1,0,0.008435,9.660869,1,295.04,0.0188,0,1,0,1,0
NBM-2026-001064,5586.38,10,7,5281.74,0.206,0,0,0,2153,0.47,0,4982.14,657782.37,5616.19,0,1.0577,1.1213,304.64,5.895,1,0,0,0.008493,8.628266,1,29.81,0.00534,1,0,0,0,1
NBM-2026-001065,1851.8,9,4,2130.86,-0.468,0,0,0,3580,0.368,0,2209.18,4152952.26,1841.08,0,0.869,0.8382,-279.06,9.802,5,1,0,0.000446,7.524455,1,10.73,0.00579,0,1,0,0,1
NBM-2026-001066,3159.41,9,8,2745.45,0.539,0,0,0,1384,0.076,0,2566.86,1996710.65,3160.15,0,1.1508,1.2308,413.97,3.789,5,1,0,0.001582,8.058458,1,0.74,0.00023,0,0,1,0,1
NBM-2026-001067,2995.81,18,4,2643.23,0.476,0,0,0,4084,0.294,0,2753.93,2227867.81,3016.72,0,1.1334,1.0878,352.57,11.181,4,0,0,0.001345,8.005303,1,20.91,0.00698,1,0,0,0,1
NBM-2026-001068,13849.69,17,12,16184.51,-0.515,0,0,0,203,0.314,0,15661.41,1046934.2,13988.2,0,0.8557,0.8843,-2334.82,0.556,1,0,0,0.013229,9.53609,1,138.51,0.01,1,0,0,1,0
NBM-2026-001069,2616.4,13,8,2819.03,-0.257,0,0,0,4058,0.22,0,2803.1,4148853.09,2624.83,0,0.9281,0.9334,-202.62,11.11,2,0,0,0.000631,7.869937,1,8.43,0.00322,1,0,0,0,1
NBM-2026-001070,1520.96,21,7,1480.76,0.097,0,0,0,4511,0.403,0,1578.86,3988344.67,1530.2,0,1.0272,0.9633,40.2,12.35,0,0,1,0.000381,7.327757,1,9.24,0.00607,1,0,0,1,0
NBM-2026-001071,1002.57,11,1,389.61,5.619,0,0,0,1245,0.258,0,382.35,1459510.15,1022.01,0,2.5733,2.6221,612.96,3.409,1,0,0,0.000687,6.91132,1,19.44,0.01939,1,0,0,1,0
NBM-2026-001072,4830.62,18,7,4086.97,0.65,0,0,0,4714,0.069,0,3969.17,1183955.92,4851.93,0,1.182,1.217,743.65,12.906,5,1,0,0.00408,8.482937,1,21.31,0.00441,0,1,0,1,0
NBM-2026-001073,1036.64,9,6,1053.86,-0.058,0,0,0,244,0.145,0,1111.9,4221721.8,1026.69,0,0.9837,0.9323,-17.23,0.668,4,0,0,0.000246,6.9447,1,9.95,0.0096,1,0,0,1,0
NBM-2026-001074,1931.5,11,7,2643.23,-0.962,0,0,0,4084,0.294,0,2742.67,2237155.88,1927.52,0,0.7307,0.7042,-711.73,11.181,6,1,0,0.000863,7.566572,1,3.98,0.00206,0,1,0,1,0
NBM-2026-001075,10782.3,14,9,13283.8,-0.673,0,0,0,4303,0.229,0,14043.19,2508738.22,10799.13,0,0.8117,0.7678,-2501.5,11.781,3,0,0,0.004298,9.285754,1,16.83,0.00156,0,0,1,0,1
NBM-2026-001076,4997.52,12,4,5327.79,-0.221,0,0,0,4121,0.198,0,4906.1,3560503.57,5002.99,0,0.938,1.0186,-330.27,11.283,0,0,0,0.001404,8.516897,1,5.47,0.00109,1,0,0,1,0
NBM-2026-001077,1632.55,10,7,1949.21,-0.58,0,0,0,1778,0.893,0,1824.69,2383476.22,1644.33,0,0.8375,0.8947,-316.67,4.868,6,1,0,0.000685,7.398508,1,11.78,0.00722,1,0,0,0,1
NBM-2026-001078,1642.82,15,7,1500.84,0.338,0,0,0,2077,0.25,0,1588.05,2221796.04,1643.14,0,1.0946,1.0345,141.99,5.687,1,0,0,0.000739,7.40478,1,0.32,0.00019,1,0,0,1,0
NBM-2026-001079,5510.56,18,4,6034.86,-0.31,0,0,0,4735,0.253,0,6500.06,979723.79,5487.45,0,0.9131,0.8478,-524.3,12.964,6,1,0,0.005625,8.614602,1,23.1,0.00419,0,1,0,0,1
NBM-2026-001080,603.2,14,6,582.02,0.13,0,0,0,4458,0.334,0,627.54,2565985.86,598.14,0,1.0364,0.9612,21.18,12.205,5,1,0,0.000235,6.403905,1,5.06,0.00838,1,0,0,0,1
NBM-2026-001081,5633.4,9,7,5419.61,0.141,0,0,0,2924,0.132,0,5785.83,3406678.6,5643.07,0,1.0394,0.9737,213.79,8.005,5,1,0,0.001654,8.636646,1,9.67,0.00172,1,0,0,1,0
NBM-2026-001082,4869.53,10,5,6505.53,-0.898,0,0,0,3103,0.205,0,6685.26,3185682.72,4868.01,0,0.7485,0.7284,-1636.0,8.496,6,1,0,0.001529,8.490958,1,1.52,0.00031,1,0,0,0,1
NBM-2026-001083,5276.65,12,6,5474.15,-0.129,0,0,0,1053,0.486,0,5715.28,3070034.35,5312.41,0,0.9639,0.9233,-197.5,2.883,1,0,0,0.001719,8.571237,1,35.76,0.00678,1,0,0,0,1
NBM-2026-001084,6520.16,16,8,5228.47,0.882,0,0,0,3355,0.288,0,5167.61,2379887.12,6521.41,0,1.2471,1.2617,1291.7,9.185,5,1,0,0.00274,8.782808,1,1.24,0.00019,1,0,0,1,0
NBM-2026-001085,3785.87,11,3,4397.32,-0.497,0,0,0,3874,0.129,0,4193.47,710734.79,0.0,0,0.861,0.9028,-611.44,10.606,5,1,0,0.005327,8.239296,0,0.0,0.0,1,0,0,0,1
NBM-2026-001086,869.09,9,5,915.08,-0.18,0,0,0,4311,0.117,0,886.68,4240695.08,876.32,0,0.9497,0.9802,-46.0,11.803,2,0,0,0.000205,6.768594,1,7.23,0.00832,0,0,1,1,0
NBM-2026-001087,4774.79,18,5,5418.23,-0.424,0,0,0,424,0.424,0,5116.33,1995538.23,4824.08,0,0.8812,0.9332,-643.45,1.161,1,0,0,0.002393,8.471314,1,49.3,0.01032,1,0,0,1,0
NBM-2026-001088,16551.63,12,11,18553.82,-0.385,0,0,0,2857,0.509,0,18235.31,757944.63,16407.11,0,0.8921,0.9077,-2002.19,7.822,2,0,0,0.021838,9.7143,1,144.52,0.00873,1,0,0,1,0
NBM-2026-001089,6007.42,9,8,5830.24,0.109,0,0,0,4419,0.146,0,6211.97,3328128.27,5904.39,0,1.0304,0.9671,177.17,12.099,4,0,0,0.001805,8.700916,1,103.03,0.01715,1,0,0,1,0
NBM-2026-001090,1163.84,6,6,1053.86,0.373,0,0,0,244,0.145,0,1076.1,3266034.19,1158.86,0,1.1044,1.0815,109.97,0.668,1,0,1,0.000356,7.060338,1,4.98,0.00428,0,1,0,1,0
NBM-2026-001091,10905.02,11,8,11787.26,-0.267,0,0,0,1380,0.482,0,12410.7,2096604.68,10818.02,0,0.9252,0.8787,-882.23,3.778,4,0,0,0.005201,9.297071,1,87.0,0.00798,1,0,0,0,1
NBM-2026-001092,1396.46,9,3,1744.87,-0.713,0,0,0,2920,0.202,0,1663.63,1430571.39,1396.64,0,0.8003,0.8394,-348.41,7.995,5,1,0,0.000976,7.242414,1,0.18,0.00013,1,0,0,1,0
NBM-2026-001093,6478.88,7,5,6770.82,-0.154,0,0,0,842,0.175,0,7082.96,2478156.46,6518.2,0,0.9569,0.9147,-291.93,2.305,3,0,1,0.002614,8.776458,1,39.32,0.00607,0,1,0,1,0
NBM-2026-001094,3088.67,12,7,3455.75,-0.379,0,0,0,3780,0.288,0,3718.69,2108947.96,3091.6,0,0.8938,0.8306,-367.08,10.349,1,0,0,0.001465,8.03582,1,2.93,0.00095,1,0,0,0,1
NBM-2026-001095,1835.4,17,11,1887.06,-0.098,0,0,0,946,0.718,0,1915.68,3983159.51,1858.9,0,0.9726,0.9581,-51.66,2.59,3,0,0,0.000461,7.515562,1,23.5,0.0128,0,1,0,0,1
NBM-2026-001096,14913.18,15,6,5281.74,6.513,0,0,0,2153,0.47,0,5357.36,4008511.46,14706.36,0,2.8235,2.7837,9631.45,5.895,2,0,0,0.00372,9.610068,1,206.82,0.01387,1,0,0,0,1
NBM-2026-001097,65470.78,13,4,22523.71,6.81,0,0,0,3744,0.521,0,21919.36,3285802.3,65313.31,0,2.9067,2.9869,42947.07,10.251,4,0,0,0.019925,11.089375,1,157.48,0.00241,1,0,0,1,0
NBM-2026-001098,1688.26,13,4,1887.06,-0.376,0,0,0,946,0.718,0,1836.12,2697217.43,1674.27,0,0.8947,0.9195,-198.8,2.59,4,0,0,0.000626,7.432046,1,13.99,0.00829,1,0,0,1,0
NBM-2026-001099,1417.94,17,11,1053.86,1.234,0,0,0,244,0.145,0,990.03,704592.47,1413.4,0,1.3455,1.4322,364.07,0.668,1,0,0,0.002012,7.257662,1,4.54,0.0032,1,0,0,0,1
NBM-2026-001100,4153.27,7,8,4335.94,-0.15,0,0,0,651,0.316,0,4031.24,3778148.65,4164.35,0,0.9579,1.0303,-182.67,1.782,3,0,1,0.001099,8.331892,1,11.08,0.00267,1,0,0,1,0
NBM-2026-001101,2340.72,13,5,1902.38,0.823,0,0,0,2663,0.49,0,1853.73,3525955.56,2322.79,0,1.2304,1.2627,438.34,7.291,6,1,0,0.000664,7.758642,1,17.94,0.00766,0,1,0,0,1
NBM-2026-001102,3207.17,8,7,3953.43,-0.674,0,0,0,4788,0.198,0,3692.54,3777762.44,3182.55,0,0.8112,0.8686,-746.26,13.109,5,1,0,0.000849,8.073456,1,24.62,0.00768,1,0,0,0,1
NBM-2026-001103,3610.52,7,3,4389.65,-0.634,0,0,0,3925,0.211,0,4501.89,3295514.42,0.0,0,0.8225,0.802,-779.12,10.746,5,1,1,0.001096,8.191884,0,0.0,0.0,1,0,0,0,1
NBM-2026-001104,1161.74,14,5,2008.53,-1.506,0,0,0,2820,0.071,0,1872.41,3129764.43,1175.26,0,0.5784,0.6205,-846.79,7.721,3,0,0,0.000371,7.058534,1,13.53,0.01164,0,0,1,1,0
NBM-2026-001105,9844.14,6,6,10069.78,-0.08,0,0,0,2043,0.316,0,10125.93,3729576.1,9715.36,0,0.9776,0.9722,-225.63,5.593,3,0,1,0.002639,9.194734,1,128.79,0.01308,1,0,0,0,1
NBM-2026-001106,5307.53,13,11,4945.97,0.261,0,0,0,3299,0.116,0,5325.11,1144826.15,5278.47,0,1.0731,0.9967,361.56,9.032,5,1,0,0.004636,8.57707,1,29.06,0.00548,1,0,0,0,1
NBM-2026-001107,3113.12,17,8,3811.99,-0.655,0,0,0,2468,0.05,0,3919.32,4003953.39,3144.03,0,0.8167,0.7943,-698.87,6.757,6,1,0,0.000778,8.043703,1,30.91,0.00993,1,0,0,1,0
NBM-2026-001108,1331.51,13,7,2080.22,-1.285,0,0,0,812,0.024,0,2021.85,2711995.75,1327.95,0,0.6401,0.6586,-748.71,2.223,6,1,0,0.000491,7.194821,1,3.57,0.00268,1,0,0,1,0
NBM-2026-001109,4999.51,11,9,4624.52,0.29,0,0,0,3812,0.069,0,4575.23,620401.62,4985.53,0,1.0811,1.0927,374.98,10.437,2,0,0,0.008058,8.517294,1,13.98,0.0028,1,0,0,1,0
NBM-2026-001110,1728.0,16,5,1450.06,0.685,0,0,0,412,0.927,1,1517.43,1568547.87,1728.24,0,1.1917,1.1388,277.94,1.128,1,0,0,0.001102,7.455299,1,0.24,0.00014,1,0,0,0,1
NBM-2026-001111,4038.36,8,13,3497.04,0.553,0,0,0,933,0.152,0,3625.8,971961.81,3980.53,0,1.1548,1.1138,541.32,2.554,6,1,0,0.004155,8.303842,1,57.84,0.01432,1,0,0,0,1
NBM-2026-001112,1050.49,10,3,930.43,0.461,0,0,0,2091,0.81,0,1003.66,623524.31,1057.34,0,1.129,1.0467,120.07,5.725,1,0,0,0.001685,6.957966,1,6.84,0.00651,0,1,0,1,0
NBM-2026-001113,3597.37,7,8,3455.75,0.146,0,0,0,3780,0.288,0,3225.27,663854.34,3546.02,0,1.041,1.1154,141.62,10.349,4,0,1,0.005419,8.188235,1,51.35,0.01427,1,0,0,1,0
NBM-2026-001114,2018.82,14,8,1928.65,0.167,0,0,0,4140,0.214,0,2038.78,808660.7,2042.63,0,1.0468,0.9902,90.17,11.335,1,0,0,0.002497,7.610764,1,23.81,0.0118,0,0,1,0,1
NBM-2026-001115,3041.0,7,8,2876.97,0.204,0,0,0,1386,0.056,0,2730.42,4050137.44,3032.54,0,1.057,1.1137,164.03,3.795,3,0,1,0.000751,8.02027,1,8.46,0.00278,1,0,0,0,1
NBM-2026-001116,1765.4,18,5,1695.06,0.148,0,0,0,2969,0.158,0,1630.74,2428629.32,1782.63,0,1.0415,1.0826,70.34,8.129,0,0,0,0.000727,7.476701,1,17.23,0.00976,1,0,0,1,0
NBM-2026-001117,1459.94,15,6,1366.84,0.243,0,0,0,2578,0.148,0,1350.45,3062339.9,1466.68,0,1.0681,1.0811,93.1,7.058,5,1,0,0.000477,7.286832,1,6.75,0.00462,1,0,0,1,0
NBM-2026-001118,3717.08,16,5,3445.7,0.281,0,0,0,3351,0.283,0,3519.35,1539029.98,3684.39,0,1.0788,1.0562,271.39,9.175,2,0,0,0.002415,8.220963,1,32.69,0.00879,1,0,0,1,0
NBM-2026-001119,10491.26,9,5,11373.47,-0.277,0,0,0,2975,0.231,0,11848.75,4276960.49,10469.14,0,0.9224,0.8854,-882.21,8.145,5,1,0,0.002453,9.258393,1,22.12,0.00211,1,0,0,0,1
NBM-2026-001120,9349.88,18,8,9029.36,0.127,0,0,0,3868,0.104,0,9737.03,2621528.52,9334.78,0,1.0355,0.9602,320.52,10.59,3,0,0,0.003567,9.143225,1,15.09,0.00161,1,0,0,0,1
NBM-2026-001121,659.47,7,5,638.85,0.115,0,0,0,4905,0.109,0,622.09,3270066.38,659.03,0,1.0323,1.0601,20.62,13.429,3,0,1,0.000202,6.492956,1,0.45,0.00068,1,0,0,0,1
NBM-2026-001122,1388.2,16,11,1285.76,0.285,0,0,0,3459,0.051,0,1272.91,1922488.57,1392.99,0,1.0797,1.0906,102.45,9.47,2,0,0,0.000722,7.236485,1,4.79,0.00345,1,0,0,1,0
NBM-2026-001123,14624.94,6,8,14186.61,0.11,0,0,0,3670,0.787,0,13266.34,2097124.33,14734.5,0,1.0309,1.1024,438.33,10.048,1,0,1,0.006974,9.590552,1,109.56,0.00749,0,1,0,1,0
NBM-2026-001124,6083.3,9,8,4945.97,0.821,0,0,0,3299,0.116,0,5235.22,3642405.45,6134.59,0,1.23,1.162,1137.33,9.032,3,0,0,0.00167,8.713467,1,51.29,0.00843,1,0,0,1,0
NBM-2026-001125,812.2,18,5,1031.53,-0.759,0,0,0,4686,0.124,0,1086.33,2024954.49,809.56,0,0.7874,0.7477,-219.33,12.83,0,0,0,0.000401,6.700978,1,2.64,0.00325,1,0,0,1,0
NBM-2026-001126,11522.72,5,4,11373.47,0.047,0,0,0,2975,0.231,0,10577.61,3323047.73,0.0,0,1.0131,1.0894,149.25,8.145,1,0,1,0.003468,9.352163,0,0.0,0.0,1,0,0,0,1
NBM-2026-001127,1079.81,7,8,1194.41,-0.343,0,0,0,1234,0.179,0,1214.13,3411959.06,1081.76,0,0.9041,0.8894,-114.6,3.379,2,0,1,0.000316,6.985462,1,1.95,0.00181,0,1,0,0,1
NBM-2026-001128,1268.38,18,3,1523.1,-0.597,0,0,0,2351,0.153,0,1496.07,3186092.89,1268.1,0,0.8328,0.8478,-254.71,6.437,0,0,0,0.000398,7.146286,1,0.28,0.00022,1,0,0,0,1
NBM-2026-001129,4507.27,15,8,4086.97,0.367,0,0,0,4714,0.069,0,3924.87,2689970.56,4493.74,0,1.1028,1.1484,420.3,12.906,0,0,0,0.001676,8.413669,1,13.54,0.003,0,1,0,1,0
NBM-2026-001130,5971.37,9,9,5766.17,0.127,0,0,0,1067,0.138,0,5891.17,3273804.02,5839.65,0,1.0356,1.0136,205.2,2.921,5,1,0,0.001824,8.694899,1,131.72,0.02206,1,0,0,1,0
NBM-2026-001131,6172.7,9,5,5419.61,0.496,0,0,0,2924,0.132,0,5376.5,3605811.7,6207.49,0,1.139,1.1481,753.09,8.005,1,0,0,0.001712,8.728053,1,34.79,0.00564,1,0,0,0,1
NBM-2026-001132,1221.65,9,8,1200.09,0.064,0,0,0,1299,0.243,0,1254.32,1795271.12,1219.29,0,1.018,0.974,21.55,3.556,5,1,0,0.00068,7.108774,1,2.36,0.00193,1,0,0,0,1
NBM-2026-001133,1450.3,16,5,1450.06,0.001,0,0,0,412,0.927,1,1348.3,4029483.86,1466.04,0,1.0002,1.0757,0.24,1.128,5,1,0,0.00036,7.280218,1,15.74,0.01085,1,0,0,0,1
NBM-2026-001134,2533.16,13,4,3025.65,-0.581,0,0,0,2539,0.437,0,3221.05,3214957.06,2553.58,0,0.8372,0.7864,-492.49,6.951,1,0,0,0.000788,7.837619,1,20.42,0.00806,1,0,0,1,0
NBM-2026-001135,592.65,10,5,809.28,-0.956,0,0,0,3580,0.156,0,845.11,2354643.6,592.36,0,0.7323,0.7013,-216.63,9.802,2,0,0,0.000252,6.386287,1,0.29,0.00049,0,0,1,1,0
NBM-2026-001136,5493.05,9,4,4624.52,0.671,0,0,0,3812,0.069,0,4376.47,3493073.4,5498.04,0,1.1878,1.2551,868.52,10.437,5,1,0,0.001573,8.61142,1,5.0,0.00091,1,0,0,0,1
NBM-2026-001137,3028.92,13,10,3527.38,-0.505,0,0,0,153,0.531,0,3354.13,3930653.29,3012.59,0,0.8587,0.903,-498.46,0.419,4,0,0,0.000771,8.016293,1,16.34,0.00539,1,0,0,1,0
NBM-2026-001138,8954.88,15,2,7758.99,0.55,0,0,0,1017,0.371,0,7570.73,2934081.14,8931.54,0,1.1541,1.1828,1195.89,2.784,1,0,0,0.003052,9.100066,1,23.34,0.00261,0,1,0,1,0
NBM-2026-001139,5626.11,13,12,6505.53,-0.483,0,0,0,3103,0.205,0,6516.89,2859293.32,5632.71,0,0.8648,0.8633,-879.42,8.496,5,1,0,0.001968,8.635351,1,6.6,0.00117,1,0,0,1,0
NBM-2026-001140,6777.99,18,15,6957.32,-0.092,0,0,0,1365,0.176,0,6600.02,621029.13,6758.03,0,0.9742,1.027,-179.33,3.737,6,1,0,0.010914,8.821583,1,19.96,0.00294,1,0,0,1,0
NBM-2026-001141,5748.38,16,4,4945.97,0.579,0,0,0,3299,0.116,0,5018.32,2511326.47,5745.93,0,1.1622,1.1455,802.41,9.032,4,0,0,0.002289,8.656847,1,2.45,0.00043,1,0,0,1,0
NBM-2026-001142,2826.71,15,6,2514.79,0.443,0,0,0,3279,0.185,0,2588.22,644571.72,2844.41,0,1.124,1.0921,311.92,8.977,3,0,0,0.004385,7.947223,1,17.7,0.00626,1,0,0,0,1
NBM-2026-001143,2190.07,16,10,1887.06,0.573,0,0,0,946,0.718,0,1994.78,1415039.27,2197.33,0,1.1606,1.0979,303.01,2.59,5,1,0,0.001548,7.692146,1,7.26,0.00331,1,0,0,0,1
NBM-2026-001144,4884.34,9,7,5327.79,-0.297,0,0,0,4121,0.198,0,5564.94,2311677.21,4962.58,0,0.9168,0.8777,-443.45,11.283,4,0,0,0.002113,8.493995,1,78.24,0.01602,0,0,1,1,0
NBM-2026-001145,2304.13,13,3,2080.22,0.384,0,0,0,812,0.024,0,2140.75,2922507.18,2294.39,0,1.1076,1.0763,223.91,2.223,2,0,0,0.000788,7.742894,1,9.75,0.00423,1,0,0,1,0
NBM-2026-001146,4733.98,8,4,5327.79,-0.398,0,0,0,4121,0.198,0,5492.22,2547489.46,0.0,0,0.8885,0.8619,-593.81,11.283,0,0,0,0.001858,8.462733,0,0.0,0.0,0,1,0,1,0
NBM-2026-001147,1957.54,9,7,1849.78,0.208,0,0,0,263,0.156,0,1969.71,2826455.37,1954.39,0,1.0583,0.9938,107.77,0.72,3,0,0,0.000693,7.579957,1,3.15,0.00161,0,1,0,1,0
NBM-2026-001148,4329.83,7,7,3953.43,0.34,0,0,0,4788,0.198,0,3879.06,1546288.57,4394.96,0,1.0952,1.1162,376.39,13.109,6,1,1,0.0028,8.373513,1,65.14,0.01504,1,0,0,1,0
NBM-2026-001149,7889.34,9,11,6770.82,0.59,0,0,0,842,0.175,0,6669.31,747813.44,7887.87,0,1.1652,1.1829,1118.52,2.305,5,1,0,0.01055,8.973395,1,1.47,0.00019,1,0,0,1,0
NBM-2026-001150,477.42,10,11,582.02,-0.642,0,0,0,4458,0.334,0,601.13,2253071.14,475.63,0,0.8203,0.7942,-104.6,12.205,2,0,0,0.000212,6.170492,1,1.79,0.00374,0,1,0,1,0
NBM-2026-001151,2014.37,15,6,2028.11,-0.024,0,0,0,334,0.26,0,1934.34,684498.73,2025.66,0,0.9932,1.0414,-13.74,0.914,2,0,0,0.002943,7.608556,1,11.3,0.00561,1,0,0,0,1
NBM-2026-001152,1013.04,8,5,1225.71,-0.62,0,0,0,4348,0.232,0,1306.41,3750124.58,1014.13,0,0.8265,0.7754,-212.67,11.904,5,1,0,0.00027,6.921697,1,1.09,0.00107,0,1,0,1,0
NBM-2026-001153,22256.38,10,8,18553.82,0.713,0,0,0,2857,0.509,0,17761.94,3887878.01,21995.3,0,1.1996,1.253,3702.56,7.822,4,0,0,0.005725,10.010429,1,261.08,0.01173,0,0,1,1,0
NBM-2026-001154,3808.09,11,8,4615.9,-0.625,0,0,0,1271,0.129,0,4928.47,1196613.32,3819.46,0,0.825,0.7727,-807.82,3.48,4,0,0,0.003182,8.245145,1,11.38,0.00299,0,1,0,1,0
NBM-2026-001155,13093.6,16,9,12822.06,0.076,0,0,0,2165,0.827,0,12911.64,4170786.2,12971.63,0,1.0212,1.0141,271.54,5.927,3,0,0,0.003139,9.479955,1,121.97,0.00932,1,0,0,1,0
NBM-2026-001156,10699.1,2,3,5419.61,3.479,1,1,1,2924,0.352,0,5678.44,1239123.86,12140.09,0,1.9741,1.8842,5279.49,8.005,2,0,1,0.008634,9.278008,1,1440.99,0.13468,0,0,1,0,1
NBM-2026-001157,7600.14,9,4,3025.65,5.4,0,0,0,2539,0.437,0,2945.65,705057.48,7579.25,0,2.5119,2.5801,4574.49,6.951,3,0,0,0.010779,8.936053,1,20.89,0.00275,1,0,0,1,0
NBM-2026-001158,769.38,18,11,763.89,0.026,0,0,0,453,0.133,0,802.39,1979360.33,762.29,0,1.0072,0.9589,5.48,1.24,2,0,0,0.000389,6.646882,1,7.09,0.00921,0,0,1,0,1
NBM-2026-001159,4544.57,15,10,4165.4,0.325,0,0,0,4087,0.163,0,4289.87,973997.28,4556.64,0,1.091,1.0594,379.18,11.19,0,0,0,0.004666,8.421909,1,12.06,0.00265,1,0,0,0,1
NBM-2026-001160,1256.67,17,4,1293.61,-0.102,0,0,0,610,0.94,1,1238.83,1737381.42,1245.4,0,0.9714,1.0144,-36.94,1.67,2,0,0,0.000723,7.137016,1,11.27,0.00897,1,0,0,1,0
NBM-2026-001161,6848.97,7,6,5281.74,1.06,0,0,0,2153,0.47,0,5584.57,2645157.8,6819.67,0,1.2967,1.2264,1567.24,5.895,2,0,1,0.002589,8.832,1,29.3,0.00428,0,1,0,0,1
NBM-2026-001162,866.38,21,10,809.28,0.252,0,0,0,3580,0.156,0,831.91,3016697.31,879.89,0,1.0706,1.0414,57.11,9.802,6,1,1,0.000287,6.765483,1,13.51,0.01559,0,1,0,1,0
NBM-2026-001163,2195.1,7,5,2247.42,-0.083,0,0,0,871,0.325,0,2424.63,4261874.32,2192.22,0,0.9767,0.9053,-52.32,2.385,0,0,1,0.000515,7.694439,1,2.88,0.00131,0,1,0,0,1
NBM-2026-001164,507.56,11,6,527.86,-0.137,0,0,0,3905,0.468,0,514.25,2662930.25,503.41,0,0.9615,0.987,-20.3,10.691,4,0,0,0.000191,6.231591,1,4.15,0.00819,0,1,0,1,0
NBM-2026-001165,2280.15,10,7,3953.43,-1.512,0,0,0,4788,0.198,0,4194.75,2850846.14,2331.71,0,0.5768,0.5436,-1673.29,13.109,6,1,0,0.0008,7.732434,1,51.56,0.02261,1,0,0,0,1
NBM-2026-001166,5079.0,16,4,5667.34,-0.371,0,0,0,2769,0.022,0,5612.04,4030562.74,5039.71,0,0.8962,0.905,-588.34,7.581,2,0,0,0.00126,8.533067,1,39.29,0.00774,1,0,0,1,0
NBM-2026-001167,2075.65,16,12,2302.63,-0.352,0,0,0,4198,0.135,0,2281.42,4156720.04,2082.32,0,0.9014,0.9098,-226.98,11.493,3,0,0,0.000499,7.638513,1,6.67,0.00321,1,0,0,0,1
NBM-2026-001168,5081.62,15,5,7314.25,-1.09,0,0,0,3312,0.036,0,6834.44,1857253.4,5065.46,0,0.6948,0.7435,-2232.63,9.068,1,0,0,0.002736,8.533582,1,16.16,0.00318,0,1,0,0,1
NBM-2026-001169,2301.48,15,9,2819.03,-0.656,0,0,0,4058,0.22,0,3013.79,1730974.27,2274.98,0,0.8164,0.7637,-517.55,11.11,0,0,0,0.00133,7.741741,1,26.5,0.01151,1,0,0,0,1
NBM-2026-001170,2753.71,13,3,3497.04,-0.759,0,0,0,933,0.152,0,3521.81,2204073.47,2764.3,0,0.7874,0.7819,-743.33,2.554,3,0,0,0.001249,7.921068,1,10.59,0.00385,1,0,0,1,0
NBM-2026-001171,2484.8,17,11,2688.77,-0.271,0,0,0,2057,0.175,0,2853.43,2271124.35,2504.84,0,0.9241,0.8708,-203.97,5.632,4,0,0,0.001094,7.81835,1,20.04,0.00807,1,0,0,1,0
NBM-2026-001172,13898.85,14,8,12822.06,0.3,0,0,0,2165,0.827,0,13423.76,1800762.83,13770.05,0,1.084,1.0354,1076.79,5.927,2,0,0,0.007718,9.539633,1,128.81,0.00927,1,0,0,0,1
NBM-2026-001173,12261.67,8,7,13381.57,-0.299,0,0,0,3381,0.059,0,13848.23,2813141.86,12317.26,0,0.9163,0.8854,-1119.9,9.257,6,1,0,0.004359,9.414315,1,55.6,0.00453,0,1,0,0,1
NBM-2026-001174,2705.32,18,7,4025.99,-1.172,0,0,0,1528,0.342,0,4180.3,1344637.77,2706.32,0,0.672,0.6472,-1320.67,4.183,4,0,0,0.002012,7.903344,1,1.0,0.00037,1,0,0,1,0
NBM-2026-001175,6034.81,9,11,5975.02,0.036,0,0,0,4283,0.405,0,6234.1,3050000.36,6040.89,0,1.01,0.968,59.79,11.726,6,1,0,0.001979,8.705465,1,6.08,0.00101,1,0,0,1,0
NBM-2026-001176,5580.85,9,8,4905.48,0.492,0,0,0,3338,0.244,0,4552.84,2988113.09,5551.2,0,1.1377,1.2258,675.37,9.139,2,0,0,0.001868,8.627275,1,29.65,0.00531,0,1,0,1,0
NBM-2026-001177,4103.44,11,4,4086.97,0.014,0,0,0,4714,0.069,0,4408.02,991060.07,4089.38,0,1.004,0.9309,16.47,12.906,0,0,0,0.00414,8.319824,1,14.05,0.00342,0,0,1,0,1
NBM-2026-001178,3062.72,15,10,2972.03,0.109,0,0,0,3802,0.253,0,2781.92,3328838.23,3096.4,0,1.0305,1.1009,90.69,10.409,2,0,0,0.00092,8.027386,1,33.67,0.01099,1,0,0,0,1
NBM-2026-001179,6540.48,16,11,5975.02,0.338,0,0,0,4283,0.405,0,6370.26,2630282.58,6504.47,0,1.0946,1.0267,565.46,11.726,2,0,0,0.002487,8.785919,1,36.02,0.00551,1,0,0,0,1
NBM-2026-001180,3773.3,7,5,3407.86,0.383,0,0,0,886,0.055,0,3664.81,1232438.42,0.0,0,1.1072,1.0296,365.44,2.426,3,0,1,0.003062,8.23597,0,0.0,0.0,1,0,0,1,0
NBM-2026-001181,3784.73,13,5,3622.17,0.16,0,0,0,161,0.481,0,3521.77,717358.48,3778.42,0,1.0449,1.0747,162.56,0.441,6,1,0,0.005276,8.238995,1,6.32,0.00167,1,0,0,0,1
NBM-2026-001182,684.57,18,7,638.85,0.256,0,0,0,4905,0.109,0,635.1,1239231.5,682.97,0,1.0716,1.0779,45.72,13.429,6,1,0,0.000552,6.530257,1,1.6,0.00234,1,0,0,0,1
NBM-2026-001183,5960.7,12,9,6991.58,-0.527,0,0,0,755,0.066,0,7013.35,2986120.99,5988.0,0,0.8526,0.8499,-1030.88,2.067,5,1,0,0.001996,8.693111,1,27.3,0.00458,1,0,0,1,0
NBM-2026-001184,2984.83,1,4,1164.97,5.579,0,1,1,3145,0.624,0,1077.34,4001272.63,2963.69,0,2.5622,2.7705,1819.86,8.611,5,1,1,0.000746,8.001634,1,21.14,0.00708,0,1,0,0,1
NBM-2026-001185,2608.95,8,6,2819.03,-0.266,0,0,0,4058,0.22,0,2787.43,1214102.37,2632.34,0,0.9255,0.936,-210.08,11.11,1,0,0,0.002149,7.867086,1,23.39,0.00897,1,0,0,1,0
NBM-2026-001186,1857.97,7,6,1902.38,-0.083,0,0,0,2663,0.49,0,1757.72,3788061.57,1853.81,0,0.9767,1.057,-44.41,7.291,1,0,1,0.00049,7.52778,1,4.16,0.00224,1,0,0,0,1
NBM-2026-001187,3369.52,15,8,3407.86,-0.04,0,0,0,886,0.055,0,3639.46,2477960.38,3369.97,0,0.9887,0.9258,-38.34,2.426,1,0,0,0.00136,8.122822,1,0.46,0.00014,0,1,0,0,1
NBM-2026-001188,2397.47,11,6,2745.45,-0.453,0,0,0,1384,0.076,0,2927.08,1388254.92,2360.78,0,0.8733,0.8191,-347.98,3.789,4,0,0,0.001727,7.782585,1,36.69,0.0153,0,1,0,0,1
NBM-2026-001189,7546.21,7,6,7758.99,-0.098,0,0,0,1017,0.371,0,8268.51,4208481.49,7517.99,0,0.9726,0.9126,-212.78,2.784,4,0,1,0.001793,8.928933,1,28.22,0.00374,1,0,0,0,1
NBM-2026-001190,6319.86,12,1,4905.48,1.03,0,0,0,3338,0.244,0,5163.13,3622692.15,0.0,0,1.2883,1.224,1414.38,9.139,3,0,0,0.001745,8.75161,0,0.0,0.0,1,0,0,1,0
NBM-2026-001191,1573.03,8,5,1744.87,-0.352,0,0,0,2920,0.202,0,1697.22,1361203.31,1588.82,0,0.9015,0.9268,-171.84,7.995,4,0,0,0.001156,7.361397,1,15.78,0.01003,1,0,0,0,1
NBM-2026-001192,1584.39,17,3,1480.76,0.25,0,0,0,4511,0.403,0,1584.9,2476491.03,1597.06,0,1.07,0.9997,103.63,12.35,0,0,0,0.00064,7.368584,1,12.67,0.008,1,0,0,1,0
NBM-2026-001193,7378.77,15,7,5975.02,0.839,0,0,0,4283,0.405,0,6403.24,1246061.0,7446.33,0,1.2349,1.1523,1403.75,11.726,6,1,0,0.005922,8.906498,1,67.56,0.00916,1,0,0,0,1
NBM-2026-001194,755.61,10,7,809.28,-0.237,0,0,0,3580,0.156,0,822.2,1600652.52,0.0,0,0.9337,0.919,-53.67,9.802,3,0,0,0.000472,6.628843,0,0.0,0.0,1,0,0,0,1
NBM-2026-001195,1451.21,5,7,1285.76,0.46,0,0,0,3459,0.051,0,1186.08,2606972.36,1438.74,0,1.1287,1.2235,165.46,9.47,4,0,1,0.000557,7.280842,1,12.47,0.00859,1,0,0,0,1
NBM-2026-001196,6642.85,9,12,6957.32,-0.161,0,0,0,1365,0.176,0,7081.15,1069614.02,6718.54,0,0.9548,0.9381,-314.47,3.737,5,1,0,0.006211,8.801446,1,75.69,0.01139,1,0,0,1,0
NBM-2026-001197,2353.79,14,2,2245.05,0.173,0,0,0,2458,0.212,0,2394.26,983846.38,2347.67,0,1.0484,0.9831,108.75,6.73,5,1,0,0.002392,7.764208,1,6.12,0.0026,1,0,0,0,1
NBM-2026-001198,7183.67,9,7,7314.25,-0.064,0,0,0,3312,0.036,0,6740.6,935657.0,7018.34,0,0.9821,1.0657,-130.57,9.068,5,1,0,0.007678,8.879705,1,165.33,0.02302,1,0,0,1,0
NBM-2026-001199,1688.48,10,6,1710.93,-0.047,0,0,0,220,0.179,0,1800.23,3560424.2,1684.84,0,0.9869,0.9379,-22.44,0.602,3,0,0,0.000474,7.432179,1,3.65,0.00216,1,0,0,0,1
NBM-2026-001200,5133.92,18,6,5794.06,-0.407,0,0,0,3354,0.091,0,5372.38,1956266.64,5140.19,0,0.8861,0.9556,-660.14,9.183,4,0,0,0.002624,8.54382,1,6.26,0.00122,1,0,0,1,0
